0.000,13
0.010,11
0.020,13
0.030,12
0.040,9
0.050,10
0.060,10
0.070,13
0.080,10
0.090,11
0.100,12
0.110,12
0.120,12
0.130,14
0.140,12
0.150,10
0.160,11
0.170,10
0.180,11
0.190,10
0.200,10
0.210,13
0.220,12
0.230,11
0.240,10
0.250,11
0.260,11
0.270,11
0.280,11
0.290,8
0.300,13
0.310,13
0.320,10
0.330,10
0.340,11
0.350,11
0.360,8
0.370,10
0.380,13
0.390,11
0.400,12
0.410,13
0.420,12
0.430,10
0.440,12
0.450,16
0.460,15
0.470,11
0.480,13
0.490,13
0.500,11
0.510,11
0.520,11
0.530,15
0.540,10
0.550,12
0.560,13
0.570,10
0.580,12
0.590,13
0.600,8
0.610,11
0.620,9
0.630,10
0.640,12
0.650,11
0.660,8
0.670,9
0.680,10
0.690,12
0.700,10
0.710,12
0.720,10
0.730,12
0.740,9
0.750,11
0.760,8
0.770,11
0.780,11
0.790,9
0.800,10
0.810,9
0.820,11
0.830,14
0.840,15
0.850,12
0.860,12
0.870,13
0.880,12
0.890,11
0.900,9
0.910,9
0.920,12
0.930,11
0.940,10
0.950,11
0.960,9
0.970,8
0.980,12
0.990,11
1.000,12
1.010,11
1.020,13
1.030,14
1.040,10
1.050,15
1.060,14
1.070,12
1.080,13
1.090,11
1.100,12
1.110,11
1.120,17
1.130,14
1.140,15
1.150,11
1.160,13
1.170,11
1.180,13
1.190,12
1.200,15
1.210,16
1.220,10
1.230,14
1.240,13
1.250,14
1.260,12
1.270,10
1.280,9
1.290,11
1.300,13
1.310,12
1.320,12
1.330,12
1.340,11
1.350,11
1.360,11
1.370,15
1.380,14
1.390,13
1.400,12
1.410,11
1.420,12
1.430,11
1.440,11
1.450,11
1.460,12
1.470,12
1.480,11
1.490,10
1.500,8
1.510,12
1.520,10
1.530,10
1.540,14
1.550,11
1.560,13
1.570,13
1.580,12
1.590,13
1.600,8
1.610,13
1.620,13
1.630,12
1.640,10
1.650,10
1.660,12
1.670,13
1.680,9
1.690,14
1.700,12
1.710,12
1.720,12
1.730,10
1.740,11
1.750,12
1.760,9
1.770,11
1.780,11
1.790,10
1.800,9
1.810,10
1.820,9
1.830,10
1.840,11
1.850,12
1.860,9
1.870,11
1.880,8
1.890,12
1.900,13
1.910,10
1.920,11
1.930,12
1.940,12
1.950,12
1.960,11
1.970,13
1.980,13
1.990,10
2.000,11
2.010,10
2.020,12
2.030,12
2.040,13
2.050,12
2.060,12
2.070,14
2.080,11
2.090,13
2.100,12
2.110,10
2.120,13
2.130,12
2.140,11
2.150,12
2.160,13
2.170,12
2.180,14
2.190,12
2.200,14
2.210,10
2.220,12
2.230,11
2.240,12
2.250,10
2.260,10
2.270,9
2.280,10
2.290,10
2.300,9
2.310,10
2.320,7
2.330,15
2.340,9
2.350,10
2.360,10
2.370,9
2.380,13
2.390,12
2.400,9
2.410,9
2.420,9
2.430,10
2.440,10
2.450,10
2.460,10
2.470,11
2.480,8
2.490,10
2.500,8
2.510,9
2.520,11
2.530,12
2.540,12
2.550,8
2.560,11
2.570,13
2.580,12
2.590,9
2.600,12
2.610,12
2.620,11
2.630,16
2.640,13
2.650,11
2.660,15
2.670,13
2.680,11
2.690,6
2.700,9
2.710,12
2.720,10
2.730,13
2.740,13
2.750,10
2.760,12
2.770,13
2.780,11
2.790,12
2.800,10
2.810,11
2.820,14
2.830,12
2.840,10
2.850,10
2.860,12
2.870,12
2.880,8
2.890,11
2.900,11
2.910,12
2.920,10
2.930,9
2.940,10
2.950,10
2.960,12
2.970,11
2.980,12
2.990,9
3.000,12
3.010,12
3.020,13
3.030,9
3.040,11
3.050,11
3.060,11
3.070,13
3.080,10
3.090,11
3.100,10
3.110,11
3.120,12
3.130,12
3.140,11
3.150,8
3.160,8
3.170,11
3.180,11
3.190,10
3.200,13
3.210,12
3.220,12
3.230,12
3.240,12
3.250,11
3.260,13
3.270,13
3.280,14
3.290,11
3.300,11
3.310,14
3.320,13
3.330,12
3.340,12
3.350,14
3.360,11
3.370,11
3.380,14
3.390,13
3.400,11
3.410,15
3.420,12
3.430,14
3.440,13
3.450,11
3.460,13
3.470,13
3.480,12
3.490,9
3.500,12
3.510,13
3.520,13
3.530,10
3.540,11
3.550,13
3.560,11
3.570,11
3.580,9
3.590,14
3.600,15
3.610,10
3.620,13
3.630,11
3.640,11
3.650,12
3.660,13
3.670,12
3.680,11
3.690,11
3.700,10
3.710,12
3.720,13
3.730,13
3.740,13
3.750,13
3.760,11
3.770,12
3.780,10
3.790,13
3.800,12
3.810,12
3.820,14
3.830,12
3.840,16
3.850,12
3.860,10
3.870,13
3.880,13
3.890,14
3.900,13
3.910,12
3.920,13
3.930,10
3.940,13
3.950,10
3.960,13
3.970,12
3.980,12
3.990,12
4.000,12
4.010,14
4.020,14
4.030,12
4.040,12
4.050,13
4.060,14
4.070,12
4.080,13
4.090,13
4.100,13
4.110,12
4.120,13
4.130,12
4.140,10
4.150,10
4.160,12
4.170,11
4.180,11
4.190,11
4.200,14
4.210,12
4.220,10
4.230,10
4.240,13
4.250,10
4.260,9
4.270,9
4.280,13
4.290,10
4.300,9
4.310,8
4.320,11
4.330,12
4.340,12
4.350,10
4.360,11
4.370,10
4.380,11
4.390,12
4.400,11
4.410,13
4.420,12
4.430,12
4.440,9
4.450,13
4.460,11
4.470,10
4.480,11
4.490,10
4.500,11
4.510,8
4.520,8
4.530,11
4.540,11
4.550,9
4.560,11
4.570,10
4.580,11
4.590,8
4.600,8
4.610,11
4.620,12
4.630,12
4.640,12
4.650,9
4.660,10
4.670,14
4.680,9
4.690,11
4.700,12
4.710,11
4.720,11
4.730,10
4.740,11
4.750,11
4.760,13
4.770,11
4.780,9
4.790,11
4.800,13
4.810,12
4.820,12
4.830,10
4.840,12
4.850,12
4.860,13
4.870,12
4.880,14
4.890,12
4.900,11
4.910,11
4.920,12
4.930,13
4.940,10
4.950,14
4.960,11
4.970,14
4.980,13
4.990,13
5.000,13
5.010,12
5.020,11
5.030,11
5.040,14
5.050,10
5.060,11
5.070,11
5.080,12
5.090,9
5.100,10
5.110,11
5.120,10
5.130,13
5.140,14
5.150,13
5.160,11
5.170,14
5.180,11
5.190,13
5.200,10
5.210,13
5.220,11
5.230,8
5.240,11
5.250,12
5.260,11
5.270,10
5.280,14
5.290,11
5.300,10
5.310,11
5.320,14
5.330,12
5.340,13
5.350,14
5.360,12
5.370,12
5.380,12
5.390,8
5.400,14
5.410,12
5.420,10
5.430,13
5.440,14
5.450,13
5.460,11
5.470,11
5.480,12
5.490,13
5.500,12
5.510,11
5.520,9
5.530,13
5.540,14
5.550,15
5.560,12
5.570,12
5.580,10
5.590,11
5.600,11
5.610,12
5.620,13
5.630,12
5.640,9
5.650,11
5.660,12
5.670,14
5.680,14
5.690,14
5.700,10
5.710,13
5.720,13
5.730,12
5.740,10
5.750,11
5.760,10
5.770,13
5.780,12
5.790,12
5.800,11
5.810,14
5.820,10
5.830,14
5.840,12
5.850,10
5.860,13
5.870,12
5.880,11
5.890,12
5.900,11
5.910,11
5.920,11
5.930,13
5.940,12
5.950,14
5.960,11
5.970,12
5.980,12
5.990,10
6.000,11
6.010,12
6.020,12
6.030,11
6.040,12
6.050,12
6.060,9
6.070,12
6.080,13
6.090,12
6.100,12
6.110,12
6.120,11
6.130,14
6.140,12
6.150,10
6.160,13
6.170,12
6.180,13
6.190,15
6.200,12
6.210,14
6.220,11
6.230,12
6.240,12
6.250,12
6.260,13
6.270,11
6.280,12
6.290,15
6.300,15
6.310,10
6.320,11
6.330,12
6.340,12
6.350,11
6.360,7
6.370,10
6.380,12
6.390,11
6.400,14
6.410,9
6.420,13
6.430,12
6.440,14
6.450,13
6.460,12
6.470,13
6.480,14
6.490,12
6.500,13
6.510,13
6.520,12
6.530,13
6.540,13
6.550,13
6.560,13
6.570,12
6.580,11
6.590,12
6.600,11
6.610,11
6.620,9
6.630,14
6.640,10
6.650,13
6.660,12
6.670,11
6.680,11
6.690,11
6.700,14
6.710,12
6.720,11
6.730,11
6.740,11
6.750,12
6.760,11
6.770,12
6.780,14
6.790,15
6.800,14
6.810,12
6.820,10
6.830,8
6.840,12
6.850,13
6.860,12
6.870,13
6.880,13
6.890,12
6.900,15
6.910,13
6.920,12
6.930,10
6.940,13
6.950,14
6.960,13
6.970,12
6.980,13
6.990,14
7.000,13
7.010,11
7.020,11
7.030,12
7.040,11
7.050,11
7.060,13
7.070,12
7.080,11
7.090,12
7.100,12
7.110,13
7.120,10
7.130,14
7.140,13
7.150,11
7.160,12
7.170,13
7.180,11
7.190,11
7.200,11
7.210,13
7.220,11
7.230,13
7.240,12
7.250,14
7.260,12
7.270,12
7.280,11
7.290,15
7.300,15
7.310,12
7.320,14
7.330,12
7.340,12
7.350,10
7.360,13
7.370,14
7.380,12
7.390,13
7.400,12
7.410,15
7.420,10
7.430,15
7.440,13
7.450,14
7.460,13
7.470,12
7.480,13
7.490,13
7.500,12
7.510,14
7.520,12
7.530,11
7.540,13
7.550,13
7.560,12
7.570,9
7.580,11
7.590,12
7.600,9
7.610,12
7.620,9
7.630,10
7.640,13
7.650,12
7.660,10
7.670,11
7.680,9
7.690,13
7.700,12
7.710,13
7.720,13
7.730,10
7.740,12
7.750,15
7.760,14
7.770,13
7.780,12
7.790,11
7.800,11
7.810,11
7.820,10
7.830,11
7.840,13
7.850,12
7.860,14
7.870,14
7.880,14
7.890,16
7.900,15
7.910,11
7.920,12
7.930,13
7.940,12
7.950,14
7.960,11
7.970,11
7.980,12
7.990,12
8.000,11
8.010,12
8.020,9
8.030,13
8.040,13
8.050,13
8.060,13
8.070,12
8.080,13
8.090,11
8.100,13
8.110,11
8.120,13
8.130,10
8.140,10
8.150,14
8.160,10
8.170,13
8.180,14
8.190,10
8.200,13
8.210,10
8.220,11
8.230,12
8.240,11
8.250,15
8.260,13
8.270,11
8.280,11
8.290,11
8.300,13
8.310,11
8.320,12
8.330,12
8.340,11
8.350,12
8.360,11
8.370,10
8.380,12
8.390,12
8.400,13
8.410,9
8.420,11
8.430,13
8.440,13
8.450,13
8.460,12
8.470,12
8.480,16
8.490,10
8.500,10
8.510,14
8.520,12
8.530,13
8.540,7
8.550,14
8.560,12
8.570,10
8.580,12
8.590,8
8.600,13
8.610,12
8.620,14
8.630,12
8.640,14
8.650,13
8.660,11
8.670,11
8.680,14
8.690,10
8.700,13
8.710,13
8.720,9
8.730,10
8.740,13
8.750,10
8.760,10
8.770,12
8.780,12
8.790,10
8.800,11
8.810,10
8.820,10
8.830,13
8.840,11
8.850,12
8.860,10
8.870,13
8.880,10
8.890,12
8.900,11
8.910,13
8.920,10
8.930,8
8.940,11
8.950,11
8.960,14
8.970,9
8.980,11
8.990,10
9.000,11
9.010,9
9.020,13
9.030,13
9.040,12
9.050,11
9.060,10
9.070,12
9.080,12
9.090,10
9.100,11
9.110,12
9.120,11
9.130,10
9.140,11
9.150,10
9.160,12
9.170,11
9.180,12
9.190,10
9.200,8
9.210,13
9.220,12
9.230,11
9.240,13
9.250,11
9.260,8
9.270,12
9.280,12
9.290,14
9.300,9
9.310,12
9.320,14
9.330,12
9.340,13
9.350,13
9.360,10
9.370,13
9.380,12
9.390,12
9.400,12
9.410,15
9.420,14
9.430,11
9.440,11
9.450,11
9.460,10
9.470,13
9.480,11
9.490,15
9.500,12
9.510,13
9.520,13
9.530,12
9.540,11
9.550,13
9.560,15
9.570,14
9.580,14
9.590,13
9.600,14
9.610,11
9.620,14
9.630,11
9.640,13
9.650,11
9.660,14
9.670,15
9.680,16
9.690,12
9.700,11
9.710,13
9.720,12
9.730,13
9.740,13
9.750,10
9.760,11
9.770,10
9.780,11
9.790,14
9.800,11
9.810,11
9.820,12
9.830,14
9.840,12
9.850,12
9.860,13
9.870,9
9.880,11
9.890,13
9.900,11
9.910,13
9.920,11
9.930,11
9.940,12
9.950,12
9.960,12
9.970,10
9.980,11
9.990,11
10.000,11
10.010,12
10.020,12
10.030,12
10.040,11
10.050,9
10.060,10
10.070,13
10.080,12
10.090,11
10.100,10
10.110,14
10.120,13
10.130,11
10.140,12
10.150,13
10.160,12
10.170,11
10.180,13
10.190,14
10.200,11
10.210,10
10.220,14
10.230,13
10.240,12
10.250,14
10.260,12
10.270,13
10.280,11
10.290,11
10.300,13
10.310,13
10.320,13
10.330,13
10.340,13
10.350,12
10.360,12
10.370,13
10.380,12
10.390,11
10.400,12
10.410,11
10.420,14
10.430,11
10.440,13
10.450,9
10.460,14
10.470,14
10.480,14
10.490,14
10.500,11
10.510,11
10.520,10
10.530,12
10.540,11
10.550,14
10.560,12
10.570,13
10.580,13
10.590,14
10.600,12
10.610,13
10.620,14
10.630,13
10.640,12
10.650,16
10.660,10
10.670,12
10.680,10
10.690,10
10.700,9
10.710,12
10.720,10
10.730,12
10.740,9
10.750,9
10.760,8
10.770,7
10.780,10
10.790,13
10.800,9
10.810,10
10.820,9
10.830,9
10.840,11
10.850,11
10.860,13
10.870,11
10.880,12
10.890,10
10.900,11
10.910,12
10.920,9
10.930,14
10.940,13
10.950,12
10.960,12
10.970,12
10.980,9
10.990,12
11.000,12
11.010,14
11.020,11
11.030,12
11.040,12
11.050,9
11.060,9
11.070,12
11.080,10
11.090,11
11.100,14
11.110,11
11.120,12
11.130,12
11.140,12
11.150,11
11.160,14
11.170,14
11.180,13
11.190,11
11.200,11
11.210,13
11.220,13
11.230,11
11.240,12
11.250,9
11.260,9
11.270,11
11.280,11
11.290,6
11.300,9
11.310,11
11.320,11
11.330,12
11.340,12
11.350,14
11.360,10
11.370,10
11.380,11
11.390,13
11.400,11
11.410,10
11.420,11
11.430,13
11.440,14
11.450,11
11.460,10
11.470,13
11.480,13
11.490,11
11.500,14
11.510,11
11.520,15
11.530,9
11.540,13
11.550,13
11.560,13
11.570,11
11.580,13
11.590,13
11.600,12
11.610,13
11.620,11
11.630,11
11.640,14
11.650,10
11.660,13
11.670,11
11.680,14
11.690,12
11.700,14
11.710,11
11.720,12
11.730,11
11.740,12
11.750,12
11.760,11
11.770,11
11.780,14
11.790,13
11.800,10
11.810,11
11.820,11
11.830,12
11.840,9
11.850,11
11.860,11
11.870,11
11.880,11
11.890,13
11.900,12
11.910,11
11.920,11
11.930,14
11.940,14
11.950,9
11.960,10
11.970,11
11.980,12
11.990,11
12.000,13
12.010,14
12.020,10
12.030,12
12.040,15
12.050,8
12.060,11
12.070,15
12.080,11
12.090,13
12.100,14
12.110,15
12.120,15
12.130,15
12.140,11
12.150,12
12.160,15
12.170,13
12.180,15
12.190,11
12.200,8
12.210,9
12.220,15
12.230,12
12.240,13
12.250,13
12.260,11
12.270,10
12.280,14
12.290,13
12.300,12
12.310,9
12.320,14
12.330,12
12.340,10
12.350,11
12.360,11
12.370,13
12.380,13
12.390,10
12.400,10
12.410,11
12.420,12
12.430,14
12.440,13
12.450,11
12.460,11
12.470,12
12.480,9
12.490,12
12.500,13
12.510,8
12.520,13
12.530,12
12.540,13
12.550,11
12.560,10
12.570,10
12.580,9
12.590,12
12.600,11
12.610,14
12.620,11
12.630,14
12.640,12
12.650,11
12.660,12
12.670,12
12.680,12
12.690,11
12.700,13
12.710,13
12.720,13
12.730,8
12.740,10
12.750,14
12.760,11
12.770,13
12.780,11
12.790,12
12.800,11
12.810,11
12.820,11
12.830,15
12.840,10
12.850,12
12.860,12
12.870,12
12.880,12
12.890,15
12.900,14
12.910,14
12.920,11
12.930,12
12.940,15
12.950,12
12.960,11
12.970,12
12.980,11
12.990,14
13.000,12
13.010,13
13.020,10
13.030,14
13.040,13
13.050,14
13.060,14
13.070,13
13.080,12
13.090,13
13.100,12
13.110,12
13.120,10
13.130,12
13.140,12
13.150,13
13.160,11
13.170,13
13.180,12
13.190,10
13.200,12
13.210,12
13.220,13
13.230,14
13.240,8
13.250,12
13.260,11
13.270,14
13.280,12
13.290,12
13.300,13
13.310,14
13.320,10
13.330,14
13.340,9
13.350,14
13.360,13
13.370,15
13.380,12
13.390,13
13.400,15
13.410,15
13.420,10
13.430,10
13.440,11
13.450,15
13.460,10
13.470,14
13.480,13
13.490,11
13.500,14
13.510,12
13.520,15
13.530,14
13.540,13
13.550,12
13.560,15
13.570,12
13.580,11
13.590,12
13.600,12
13.610,12
13.620,11
13.630,14
13.640,10
13.650,8
13.660,10
13.670,11
13.680,11
13.690,14
13.700,10
13.710,11
13.720,9
13.730,11
13.740,8
13.750,11
13.760,13
13.770,12
13.780,10
13.790,14
13.800,11
13.810,13
13.820,9
13.830,11
13.840,12
13.850,11
13.860,12
13.870,11
13.880,12
13.890,14
13.900,11
13.910,12
13.920,12
13.930,11
13.940,10
13.950,9
13.960,13
13.970,13
13.980,12
13.990,12
14.000,9
14.010,11
14.020,10
14.030,13
14.040,12
14.050,10
14.060,11
14.070,12
14.080,13
14.090,17
14.100,12
14.110,14
14.120,11
14.130,8
14.140,10
14.150,11
14.160,11
14.170,11
14.180,12
14.190,11
14.200,8
14.210,10
14.220,8
14.230,14
14.240,11
14.250,12
14.260,12
14.270,12
14.280,11
14.290,11
14.300,10
14.310,13
14.320,8
14.330,12
14.340,12
14.350,14
14.360,11
14.370,13
14.380,13
14.390,15
14.400,12
14.410,10
14.420,12
14.430,12
14.440,12
14.450,10
14.460,12
14.470,16
14.480,12
14.490,13
14.500,14
14.510,13
14.520,13
14.530,13
14.540,13
14.550,11
14.560,11
14.570,14
14.580,14
14.590,13
14.600,16
14.610,12
14.620,11
14.630,13
14.640,11
14.650,9
14.660,11
14.670,11
14.680,12
14.690,12
14.700,9
14.710,12
14.720,9
14.730,10
14.740,12
14.750,12
14.760,11
14.770,11
14.780,11
14.790,14
14.800,12
14.810,12
14.820,10
14.830,11
14.840,14
14.850,11
14.860,10
14.870,12
14.880,13
14.890,13
14.900,13
14.910,12
14.920,10
14.930,14
14.940,13
14.950,12
14.960,11
14.970,13
14.980,11
14.990,10
15.000,13
15.010,13
15.020,11
15.030,13
15.040,12
15.050,11
15.060,11
15.070,10
15.080,11
15.090,11
15.100,11
15.110,10
15.120,11
15.130,9
15.140,10
15.150,8
15.160,12
15.170,10
15.180,12
15.190,12
15.200,14
15.210,11
15.220,9
15.230,10
15.240,14
15.250,11
15.260,12
15.270,11
15.280,12
15.290,11
15.300,12
15.310,12
15.320,13
15.330,9
15.340,13
15.350,12
15.360,13
15.370,12
15.380,11
15.390,14
15.400,11
15.410,11
15.420,13
15.430,12
15.440,11
15.450,13
15.460,13
15.470,10
15.480,14
15.490,9
15.500,11
15.510,11
15.520,9
15.530,10
15.540,12
15.550,13
15.560,14
15.570,13
15.580,12
15.590,9
15.600,12
15.610,11
15.620,13
15.630,9
15.640,13
15.650,12
15.660,12
15.670,11
15.680,11
15.690,12
15.700,12
15.710,13
15.720,8
15.730,12
15.740,8
15.750,11
15.760,13
15.770,10
15.780,13
15.790,10
15.800,12
15.810,10
15.820,11
15.830,12
15.840,11
15.850,11
15.860,13
15.870,7
15.880,9
15.890,11
15.900,13
15.910,13
15.920,10
15.930,13
15.940,12
15.950,13
15.960,11
15.970,11
15.980,10
15.990,12
16.000,12
16.010,12
16.020,12
16.030,14
16.040,12
16.050,10
16.060,14
16.070,12
16.080,12
16.090,12
16.100,14
16.110,10
16.120,12
16.130,13
16.140,12
16.150,13
16.160,14
16.170,13
16.180,13
16.190,11
16.200,11
16.210,14
16.220,15
16.230,12
16.240,10
16.250,12
16.260,9
16.270,10
16.280,10
16.290,13
16.300,11
16.310,11
16.320,11
16.330,12
16.340,11
16.350,9
16.360,12
16.370,15
16.380,13
16.390,12
16.400,12
16.410,12
16.420,13
16.430,12
16.440,12
16.450,12
16.460,13
16.470,11
16.480,10
16.490,16
16.500,11
16.510,13
16.520,12
16.530,11
16.540,12
16.550,10
16.560,11
16.570,14
16.580,10
16.590,11
16.600,12
16.610,12
16.620,13
16.630,11
16.640,12
16.650,10
16.660,10
16.670,12
16.680,8
16.690,9
16.700,12
16.710,9
16.720,10
16.730,13
16.740,13
16.750,11
16.760,11
16.770,12
16.780,14
16.790,14
16.800,13
16.810,8
16.820,14
16.830,9
16.840,13
16.850,11
16.860,12
16.870,13
16.880,13
16.890,13
16.900,10
16.910,12
16.920,10
16.930,11
16.940,13
16.950,10
16.960,6
16.970,9
16.980,12
16.990,10
17.000,12
17.010,13
17.020,11
17.030,10
17.040,8
17.050,10
17.060,8
17.070,8
17.080,12
17.090,12
17.100,14
17.110,12
17.120,14
17.130,13
17.140,11
17.150,13
17.160,11
17.170,11
17.180,9
17.190,10
17.200,13
17.210,12
17.220,9
17.230,9
17.240,10
17.250,13
17.260,12
17.270,12
17.280,10
17.290,14
17.300,11
17.310,15
17.320,12
17.330,15
17.340,11
17.350,13
17.360,10
17.370,13
17.380,11
17.390,12
17.400,13
17.410,12
17.420,9
17.430,10
17.440,10
17.450,12
17.460,7
17.470,9
17.480,10
17.490,13
17.500,11
17.510,10
17.520,10
17.530,13
17.540,10
17.550,14
17.560,13
17.570,10
17.580,11
17.590,12
17.600,10
17.610,11
17.620,12
17.630,15
17.640,13
17.650,12
17.660,11
17.670,11
17.680,12
17.690,13
17.700,9
17.710,12
17.720,14
17.730,12
17.740,10
17.750,9
17.760,14
17.770,10
17.780,12
17.790,9
17.800,9
17.810,12
17.820,14
17.830,11
17.840,11
17.850,13
17.860,14
17.870,12
17.880,13
17.890,12
17.900,15
17.910,13
17.920,10
17.930,12
17.940,10
17.950,13
17.960,11
17.970,13
17.980,13
17.990,12
18.000,12
18.010,9
18.020,13
18.030,10
18.040,12
18.050,10
18.060,13
18.070,9
18.080,11
18.090,14
18.100,11
18.110,9
18.120,11
18.130,11
18.140,12
18.150,10
18.160,15
18.170,13
18.180,12
18.190,11
18.200,14
18.210,15
18.220,11
18.230,9
18.240,12
18.250,9
18.260,10
18.270,11
18.280,10
18.290,13
18.300,11
18.310,14
18.320,12
18.330,13
18.340,12
18.350,14
18.360,10
18.370,11
18.380,14
18.390,14
18.400,15
18.410,15
18.420,14
18.430,10
18.440,12
18.450,11
18.460,14
18.470,11
18.480,11
18.490,13
18.500,12
18.510,12
18.520,13
18.530,10
18.540,14
18.550,15
18.560,10
18.570,14
18.580,14
18.590,11
18.600,12
18.610,11
18.620,12
18.630,13
18.640,14
18.650,12
18.660,13
18.670,13
18.680,11
18.690,10
18.700,11
18.710,11
18.720,12
18.730,12
18.740,11
18.750,10
18.760,14
18.770,12
18.780,11
18.790,11
18.800,10
18.810,12
18.820,12
18.830,13
18.840,12
18.850,8
18.860,11
18.870,10
18.880,11
18.890,9
18.900,12
18.910,12
18.920,11
18.930,10
18.940,8
18.950,9
18.960,10
18.970,9
18.980,13
18.990,9
19.000,11
19.010,12
19.020,9
19.030,11
19.040,10
19.050,12
19.060,9
19.070,13
19.080,11
19.090,11
19.100,12
19.110,10
19.120,11
19.130,12
19.140,15
19.150,11
19.160,14
19.170,12
19.180,12
19.190,13
19.200,14
19.210,12
19.220,11
19.230,13
19.240,13
19.250,10
19.260,15
19.270,10
19.280,13
19.290,12
19.300,12
19.310,12
19.320,15
19.330,13
19.340,13
19.350,12
19.360,13
19.370,16
19.380,13
19.390,11
19.400,10
19.410,14
19.420,14
19.430,13
19.440,13
19.450,12
19.460,13
19.470,10
19.480,11
19.490,13
19.500,10
19.510,14
19.520,11
19.530,9
19.540,11
19.550,13
19.560,13
19.570,13
19.580,8
19.590,9
19.600,12
19.610,12
19.620,10
19.630,12
19.640,12
19.650,13
19.660,10
19.670,12
19.680,13
19.690,11
19.700,10
19.710,10
19.720,11
19.730,11
19.740,13
19.750,13
19.760,10
19.770,10
19.780,10
19.790,13
19.800,10
19.810,12
19.820,9
19.830,11
19.840,11
19.850,11
19.860,14
19.870,13
19.880,11
19.890,12
19.900,14
19.910,14
19.920,14
19.930,12
19.940,14
19.950,11
19.960,11
19.970,12
19.980,13
19.990,10
20.000,10
20.010,11
20.020,12
20.030,12
20.040,12
20.050,12
20.060,11
20.070,13
20.080,14
20.090,12
20.100,12
20.110,12
20.120,14
20.130,11
20.140,13
20.150,14
20.160,11
20.170,12
20.180,12
20.190,11
20.200,12
20.210,13
20.220,13
20.230,13
20.240,10
20.250,12
20.260,9
20.270,11
20.280,11
20.290,13
20.300,13
20.310,10
20.320,13
20.330,10
20.340,14
20.350,12
20.360,13
20.370,14
20.380,11
20.390,13
20.400,13
20.410,11
20.420,11
20.430,13
20.440,13
20.450,10
20.460,11
20.470,9
20.480,11
20.490,11
20.500,10
20.510,12
20.520,11
20.530,14
20.540,11
20.550,13
20.560,12
20.570,13
20.580,11
20.590,12
20.600,15
20.610,13
20.620,13
20.630,12
20.640,13
20.650,13
20.660,11
20.670,11
20.680,13
20.690,12
20.700,11
20.710,13
20.720,12
20.730,14
20.740,11
20.750,13
20.760,11
20.770,11
20.780,12
20.790,10
20.800,9
20.810,12
20.820,13
20.830,14
20.840,13
20.850,13
20.860,11
20.870,12
20.880,11
20.890,12
20.900,12
20.910,12
20.920,11
20.930,11
20.940,11
20.950,11
20.960,12
20.970,12
20.980,11
20.990,11
21.000,11
21.010,12
21.020,10
21.030,13
21.040,14
21.050,11
21.060,13
21.070,12
21.080,11
21.090,13
21.100,11
21.110,11
21.120,12
21.130,14
21.140,13
21.150,13
21.160,10
21.170,12
21.180,12
21.190,12
21.200,13
21.210,12
21.220,11
21.230,12
21.240,9
21.250,12
21.260,14
21.270,13
21.280,13
21.290,14
21.300,13
21.310,13
21.320,12
21.330,15
21.340,12
21.350,12
21.360,13
21.370,12
21.380,14
21.390,14
21.400,12
21.410,13
21.420,15
21.430,11
21.440,10
21.450,11
21.460,11
21.470,10
21.480,11
21.490,14
21.500,14
21.510,12
21.520,12
21.530,13
21.540,13
21.550,11
21.560,11
21.570,11
21.580,13
21.590,12
21.600,12
21.610,11
21.620,10
21.630,9
21.640,11
21.650,14
21.660,10
21.670,12
21.680,12
21.690,9
21.700,11
21.710,9
21.720,13
21.730,12
21.740,11
21.750,11
21.760,10
21.770,11
21.780,10
21.790,9
21.800,10
21.810,10
21.820,11
21.830,13
21.840,13
21.850,10
21.860,13
21.870,14
21.880,11
21.890,13
21.900,12
21.910,8
21.920,13
21.930,12
21.940,8
21.950,11
21.960,11
21.970,10
21.980,12
21.990,11
22.000,11
22.010,10
22.020,12
22.030,12
22.040,12
22.050,10
22.060,12
22.070,13
22.080,12
22.090,12
22.100,11
22.110,13
22.120,12
22.130,11
22.140,12
22.150,13
22.160,11
22.170,12
22.180,10
22.190,11
22.200,15
22.210,14
22.220,13
22.230,15
22.240,11
22.250,12
22.260,9
22.270,12
22.280,14
22.290,13
22.300,12
22.310,12
22.320,12
22.330,13
22.340,13
22.350,13
22.360,12
22.370,11
22.380,10
22.390,12
22.400,12
22.410,14
22.420,12
22.430,12
22.440,13
22.450,15
22.460,12
22.470,10
22.480,13
22.490,11
22.500,10
22.510,12
22.520,10
22.530,14
22.540,11
22.550,13
22.560,11
22.570,12
22.580,9
22.590,12
22.600,14
22.610,13
22.620,11
22.630,8
22.640,11
22.650,12
22.660,9
22.670,14
22.680,13
22.690,13
22.700,10
22.710,14
22.720,12
22.730,12
22.740,14
22.750,12
22.760,11
22.770,13
22.780,13
22.790,11
22.800,14
22.810,13
22.820,10
22.830,13
22.840,11
22.850,12
22.860,13
22.870,14
22.880,9
22.890,12
22.900,13
22.910,8
22.920,13
22.930,13
22.940,13
22.950,11
22.960,13
22.970,16
22.980,11
22.990,13
23.000,12
23.010,12
23.020,15
23.030,11
23.040,10
23.050,13
23.060,13
23.070,11
23.080,11
23.090,13
23.100,11
23.110,13
23.120,9
23.130,13
23.140,12
23.150,11
23.160,12
23.170,13
23.180,12
23.190,11
23.200,8
23.210,11
23.220,12
23.230,10
23.240,13
23.250,11
23.260,12
23.270,9
23.280,12
23.290,14
23.300,14
23.310,10
23.320,11
23.330,13
23.340,10
23.350,13
23.360,13
23.370,16
23.380,11
23.390,11
23.400,9
23.410,12
23.420,11
23.430,9
23.440,13
23.450,8
23.460,14
23.470,12
23.480,11
23.490,13
23.500,12
23.510,12
23.520,13
23.530,10
23.540,12
23.550,9
23.560,10
23.570,12
23.580,11
23.590,10
23.600,11
23.610,11
23.620,12
23.630,12
23.640,9
23.650,11
23.660,12
23.670,13
23.680,14
23.690,9
23.700,9
23.710,13
23.720,11
23.730,15
23.740,13
23.750,10
23.760,11
23.770,13
23.780,11
23.790,14
23.800,14
23.810,14
23.820,12
23.830,13
23.840,10
23.850,10
23.860,10
23.870,10
23.880,9
23.890,11
23.900,15
23.910,12
23.920,10
23.930,11
23.940,10
23.950,12
23.960,12
23.970,10
23.980,12
23.990,13
24.000,10
24.010,13
24.020,12
24.030,12
24.040,13
24.050,13
24.060,15
24.070,15
24.080,9
24.090,14
24.100,13
24.110,14
24.120,12
24.130,12
24.140,13
24.150,12
24.160,11
24.170,12
24.180,13
24.190,13
24.200,13
24.210,14
24.220,12
24.230,12
24.240,10
24.250,14
24.260,11
24.270,12
24.280,13
24.290,14
24.300,10
24.310,12
24.320,14
24.330,11
24.340,10
24.350,11
24.360,14
24.370,13
24.380,11
24.390,10
24.400,13
24.410,10
24.420,11
24.430,11
24.440,12
24.450,10
24.460,10
24.470,11
24.480,13
24.490,12
24.500,11
24.510,12
24.520,13
24.530,11
24.540,12
24.550,11
24.560,10
24.570,13
24.580,15
24.590,15
24.600,11
24.610,13
24.620,13
24.630,13
24.640,10
24.650,12
24.660,9
24.670,9
24.680,9
24.690,12
24.700,13
24.710,14
24.720,12
24.730,10
24.740,14
24.750,9
24.760,15
24.770,11
24.780,12
24.790,16
24.800,11
24.810,14
24.820,14
24.830,13
24.840,13
24.850,15
24.860,13
24.870,10
24.880,13
24.890,15
24.900,15
24.910,15
24.920,10
24.930,16
24.940,13
24.950,15
24.960,14
24.970,14
24.980,17
24.990,15
25.000,13
25.010,11
25.020,13
25.030,13
25.040,12
25.050,14
25.060,11
25.070,10
25.080,13
25.090,15
25.100,14
25.110,15
25.120,15
25.130,15
25.140,11
25.150,17
25.160,17
25.170,13
25.180,13
25.190,9
25.200,11
25.210,13
25.220,12
25.230,14
25.240,10
25.250,14
25.260,11
25.270,17
25.280,13
25.290,15
25.300,16
25.310,15
25.320,13
25.330,14
25.340,12
25.350,14
25.360,11
25.370,14
25.380,12
25.390,15
25.400,13
25.410,12
25.420,15
25.430,18
25.440,14
25.450,12
25.460,13
25.470,10
25.480,9
25.490,13
25.500,10
25.510,15
25.520,13
25.530,11
25.540,14
25.550,15
25.560,11
25.570,11
25.580,13
25.590,9
25.600,14
25.610,15
25.620,12
25.630,12
25.640,11
25.650,13
25.660,14
25.670,18
25.680,13
25.690,15
25.700,11
25.710,14
25.720,9
25.730,13
25.740,14
25.750,12
25.760,13
25.770,10
25.780,12
25.790,9
25.800,12
25.810,13
25.820,14
25.830,12
25.840,12
25.850,12
25.860,13
25.870,12
25.880,13
25.890,10
25.900,12
25.910,13
25.920,11
25.930,13
25.940,11
25.950,13
25.960,14
25.970,16
25.980,14
25.990,11
26.000,12
26.010,13
26.020,15
26.030,12
26.040,13
26.050,14
26.060,12
26.070,10
26.080,12
26.090,10
26.100,12
26.110,15
26.120,11
26.130,12
26.140,13
26.150,11
26.160,11
26.170,11
26.180,12
26.190,7
26.200,11
26.210,7
26.220,9
26.230,12
26.240,14
26.250,12
26.260,13
26.270,14
26.280,13
26.290,12
26.300,10
26.310,13
26.320,13
26.330,12
26.340,13
26.350,12
26.360,12
26.370,12
26.380,13
26.390,12
26.400,11
26.410,11
26.420,14
26.430,12
26.440,13
26.450,12
26.460,13
26.470,13
26.480,12
26.490,14
26.500,11
26.510,13
26.520,11
26.530,11
26.540,11
26.550,10
26.560,12
26.570,12
26.580,12
26.590,12
26.600,14
26.610,13
26.620,12
26.630,11
26.640,12
26.650,12
26.660,13
26.670,12
26.680,13
26.690,9
26.700,12
26.710,11
26.720,10
26.730,12
26.740,9
26.750,12
26.760,11
26.770,9
26.780,10
26.790,11
26.800,12
26.810,11
26.820,13
26.830,12
26.840,15
26.850,11
26.860,12
26.870,13
26.880,9
26.890,11
26.900,12
26.910,12
26.920,10
26.930,10
26.940,11
26.950,12
26.960,12
26.970,14
26.980,13
26.990,13
27.000,11
27.010,15
27.020,15
27.030,13
27.040,11
27.050,11
27.060,11
27.070,13
27.080,14
27.090,11
27.100,14
27.110,14
27.120,14
27.130,15
27.140,14
27.150,15
27.160,14
27.170,13
27.180,15
27.190,11
27.200,13
27.210,9
27.220,12
27.230,14
27.240,16
27.250,14
27.260,14
27.270,13
27.280,13
27.290,15
27.300,14
27.310,13
27.320,12
27.330,11
27.340,12
27.350,13
27.360,10
27.370,12
27.380,13
27.390,12
27.400,11
27.410,12
27.420,12
27.430,12
27.440,13
27.450,12
27.460,13
27.470,15
27.480,14
27.490,13
27.500,13
27.510,13
27.520,10
27.530,12
27.540,13
27.550,12
27.560,12
27.570,10
27.580,13
27.590,13
27.600,12
27.610,16
27.620,14
27.630,12
27.640,14
27.650,12
27.660,8
27.670,12
27.680,13
27.690,12
27.700,12
27.710,12
27.720,11
27.730,12
27.740,12
27.750,12
27.760,13
27.770,14
27.780,11
27.790,12
27.800,10
27.810,13
27.820,12
27.830,10
27.840,12
27.850,12
27.860,12
27.870,11
27.880,13
27.890,10
27.900,15
27.910,10
27.920,13
27.930,12
27.940,15
27.950,13
27.960,12
27.970,12
27.980,10
27.990,13
28.000,11
28.010,14
28.020,11
28.030,9
28.040,14
28.050,14
28.060,13
28.070,14
28.080,12
28.090,13
28.100,12
28.110,15
28.120,15
28.130,12
28.140,12
28.150,10
28.160,12
28.170,13
28.180,12
28.190,12
28.200,11
28.210,12
28.220,10
28.230,10
28.240,13
28.250,12
28.260,12
28.270,12
28.280,13
28.290,12
28.300,12
28.310,14
28.320,11
28.330,12
28.340,12
28.350,15
28.360,15
28.370,13
28.380,13
28.390,12
28.400,11
28.410,14
28.420,12
28.430,11
28.440,12
28.450,14
28.460,12
28.470,11
28.480,12
28.490,13
28.500,12
28.510,12
28.520,8
28.530,14
28.540,13
28.550,13
28.560,11
28.570,13
28.580,15
28.590,11
28.600,14
28.610,15
28.620,11
28.630,13
28.640,13
28.650,12
28.660,10
28.670,12
28.680,15
28.690,11
28.700,14
28.710,13
28.720,12
28.730,9
28.740,11
28.750,11
28.760,13
28.770,12
28.780,13
28.790,13
28.800,12
28.810,12
28.820,10
28.830,10
28.840,12
28.850,14
28.860,13
28.870,12
28.880,14
28.890,12
28.900,12
28.910,11
28.920,11
28.930,12
28.940,11
28.950,12
28.960,13
28.970,10
28.980,12
28.990,13
29.000,11
29.010,11
29.020,13
29.030,13
29.040,13
29.050,13
29.060,13
29.070,15
29.080,15
29.090,11
29.100,14
29.110,11
29.120,11
29.130,12
29.140,15
29.150,14
29.160,12
29.170,11
29.180,13
29.190,13
29.200,12
29.210,9
29.220,14
29.230,12
29.240,11
29.250,11
29.260,13
29.270,13
29.280,10
29.290,13
29.300,14
29.310,14
29.320,10
29.330,13
29.340,10
29.350,13
29.360,15
29.370,13
29.380,12
29.390,10
29.400,12
29.410,14
29.420,11
29.430,16
29.440,13
29.450,15
29.460,13
29.470,13
29.480,14
29.490,11
29.500,13
29.510,14
29.520,16
29.530,15
29.540,13
29.550,13
29.560,14
29.570,12
29.580,11
29.590,11
29.600,13
29.610,12
29.620,13
29.630,13
29.640,10
29.650,14
29.660,12
29.670,15
29.680,14
29.690,13
29.700,11
29.710,12
29.720,10
29.730,12
29.740,13
29.750,14
29.760,14
29.770,14
29.780,13
29.790,10
29.800,9
29.810,10
29.820,10
29.830,11
29.840,16
29.850,12
29.860,14
29.870,14
29.880,11
29.890,13
29.900,11
29.910,10
29.920,10
29.930,14
29.940,13
29.950,11
29.960,12
29.970,15
29.980,10
29.990,13
30.000,14
30.010,14
30.020,10
30.030,9
30.040,13
30.050,13
30.060,13
30.070,13
30.080,14
30.090,13
30.100,13
30.110,13
30.120,13
30.130,14
30.140,13
30.150,11
30.160,13
30.170,13
30.180,13
30.190,11
30.200,13
30.210,14
30.220,13
30.230,13
30.240,13
30.250,11
30.260,12
30.270,16
30.280,12
30.290,12
30.300,15
30.310,12
30.320,12
30.330,12
30.340,15
30.350,9
30.360,14
30.370,13
30.380,11
30.390,13
30.400,10
30.410,14
30.420,10
30.430,12
30.440,12
30.450,14
30.460,13
30.470,13
30.480,12
30.490,15
30.500,11
30.510,15
30.520,14
30.530,13
30.540,12
30.550,11
30.560,14
30.570,11
30.580,10
30.590,13
30.600,12
30.610,14
30.620,12
30.630,13
30.640,13
30.650,12
30.660,14
30.670,14
30.680,11
30.690,12
30.700,12
30.710,15
30.720,11
30.730,14
30.740,10
30.750,9
30.760,12
30.770,14
30.780,14
30.790,12
30.800,13
30.810,10
30.820,12
30.830,15
30.840,12
30.850,13
30.860,11
30.870,13
30.880,13
30.890,13
30.900,12
30.910,14
30.920,16
30.930,12
30.940,14
30.950,11
30.960,11
30.970,11
30.980,11
30.990,10
31.000,9
31.010,13
31.020,8
31.030,15
31.040,11
31.050,15
31.060,15
31.070,12
31.080,11
31.090,8
31.100,14
31.110,13
31.120,10
31.130,12
31.140,9
31.150,12
31.160,11
31.170,14
31.180,13
31.190,10
31.200,14
31.210,10
31.220,14
31.230,11
31.240,16
31.250,14
31.260,15
31.270,15
31.280,12
31.290,13
31.300,12
31.310,11
31.320,11
31.330,13
31.340,14
31.350,11
31.360,11
31.370,10
31.380,9
31.390,10
31.400,14
31.410,12
31.420,12
31.430,13
31.440,12
31.450,12
31.460,13
31.470,11
31.480,12
31.490,11
31.500,10
31.510,10
31.520,11
31.530,13
31.540,9
31.550,11
31.560,10
31.570,10
31.580,10
31.590,15
31.600,13
31.610,13
31.620,11
31.630,15
31.640,12
31.650,12
31.660,13
31.670,13
31.680,11
31.690,11
31.700,14
31.710,13
31.720,13
31.730,12
31.740,11
31.750,10
31.760,11
31.770,11
31.780,10
31.790,14
31.800,14
31.810,11
31.820,12
31.830,13
31.840,13
31.850,11
31.860,10
31.870,14
31.880,13
31.890,12
31.900,10
31.910,12
31.920,14
31.930,14
31.940,12
31.950,13
31.960,12
31.970,12
31.980,13
31.990,12
32.000,14
32.010,14
32.020,13
32.030,13
32.040,13
32.050,14
32.060,12
32.070,11
32.080,13
32.090,15
32.100,15
32.110,15
32.120,14
32.130,13
32.140,12
32.150,16
32.160,16
32.170,13
32.180,16
32.190,15
32.200,11
32.210,16
32.220,15
32.230,13
32.240,12
32.250,13
32.260,14
32.270,15
32.280,15
32.290,12
32.300,14
32.310,14
32.320,13
32.330,14
32.340,15
32.350,15
32.360,13
32.370,9
32.380,14
32.390,12
32.400,14
32.410,13
32.420,12
32.430,13
32.440,13
32.450,13
32.460,14
32.470,13
32.480,13
32.490,15
32.500,12
32.510,14
32.520,14
32.530,13
32.540,13
32.550,13
32.560,14
32.570,15
32.580,15
32.590,13
32.600,15
32.610,15
32.620,13
32.630,11
32.640,9
32.650,15
32.660,13
32.670,12
32.680,13
32.690,14
32.700,13
32.710,13
32.720,13
32.730,12
32.740,13
32.750,12
32.760,10
32.770,15
32.780,12
32.790,12
32.800,12
32.810,10
32.820,13
32.830,11
32.840,13
32.850,13
32.860,11
32.870,11
32.880,14
32.890,11
32.900,10
32.910,12
32.920,11
32.930,13
32.940,12
32.950,13
32.960,10
32.970,13
32.980,12
32.990,12
33.000,13
33.010,8
33.020,13
33.030,12
33.040,11
33.050,16
33.060,14
33.070,11
33.080,11
33.090,12
33.100,12
33.110,16
33.120,10
33.130,12
33.140,11
33.150,13
33.160,10
33.170,13
33.180,11
33.190,13
33.200,12
33.210,11
33.220,11
33.230,10
33.240,12
33.250,12
33.260,13
33.270,12
33.280,9
33.290,12
33.300,8
33.310,11
33.320,12
33.330,13
33.340,11
33.350,14
33.360,13
33.370,11
33.380,14
33.390,11
33.400,10
33.410,12
33.420,13
33.430,11
33.440,8
33.450,11
33.460,13
33.470,10
33.480,11
33.490,12
33.500,13
33.510,12
33.520,11
33.530,11
33.540,11
33.550,12
33.560,13
33.570,11
33.580,11
33.590,13
33.600,11
33.610,13
33.620,11
33.630,12
33.640,8
33.650,12
33.660,15
33.670,14
33.680,12
33.690,10
33.700,11
33.710,12
33.720,14
33.730,13
33.740,16
33.750,10
33.760,10
33.770,12
33.780,12
33.790,14
33.800,13
33.810,12
33.820,13
33.830,13
33.840,12
33.850,10
33.860,10
33.870,13
33.880,12
33.890,12
33.900,11
33.910,13
33.920,15
33.930,10
33.940,13
33.950,13
33.960,14
33.970,12
33.980,13
33.990,14
34.000,11
34.010,12
34.020,15
34.030,10
34.040,11
34.050,11
34.060,13
34.070,12
34.080,14
34.090,15
34.100,12
34.110,13
34.120,12
34.130,13
34.140,10
34.150,12
34.160,13
34.170,13
34.180,13
34.190,13
34.200,12
34.210,12
34.220,12
34.230,14
34.240,12
34.250,11
34.260,12
34.270,13
34.280,12
34.290,12
34.300,10
34.310,12
34.320,15
34.330,14
34.340,11
34.350,12
34.360,12
34.370,12
34.380,12
34.390,14
34.400,13
34.410,14
34.420,12
34.430,12
34.440,12
34.450,11
34.460,12
34.470,15
34.480,12
34.490,10
34.500,9
34.510,12
34.520,15
34.530,14
34.540,14
34.550,14
34.560,10
34.570,11
34.580,14
34.590,11
34.600,12
34.610,15
34.620,12
34.630,15
34.640,10
34.650,14
34.660,12
34.670,11
34.680,10
34.690,13
34.700,11
34.710,10
34.720,14
34.730,14
34.740,12
34.750,12
34.760,13
34.770,14
34.780,14
34.790,12
34.800,13
34.810,11
34.820,9
34.830,11
34.840,11
34.850,11
34.860,11
34.870,13
34.880,9
34.890,12
34.900,14
34.910,13
34.920,10
34.930,11
34.940,12
34.950,11
34.960,14
34.970,11
34.980,11
34.990,10
35.000,15
35.010,14
35.020,15
35.030,13
35.040,13
35.050,13
35.060,11
35.070,11
35.080,14
35.090,11
35.100,14
35.110,10
35.120,13
35.130,12
35.140,12
35.150,10
35.160,11
35.170,14
35.180,16
35.190,11
35.200,17
35.210,13
35.220,12
35.230,13
35.240,10
35.250,13
35.260,11
35.270,12
35.280,13
35.290,14
35.300,14
35.310,12
35.320,12
35.330,14
35.340,10
35.350,13
35.360,13
35.370,14
35.380,12
35.390,12
35.400,10
35.410,13
35.420,14
35.430,11
35.440,14
35.450,13
35.460,15
35.470,14
35.480,15
35.490,13
35.500,13
35.510,12
35.520,10
35.530,14
35.540,13
35.550,13
35.560,13
35.570,14
35.580,12
35.590,12
35.600,15
35.610,12
35.620,15
35.630,13
35.640,10
35.650,14
35.660,11
35.670,11
35.680,11
35.690,10
35.700,13
35.710,10
35.720,13
35.730,14
35.740,12
35.750,11
35.760,12
35.770,11
35.780,13
35.790,14
35.800,14
35.810,12
35.820,11
35.830,12
35.840,10
35.850,13
35.860,12
35.870,10
35.880,11
35.890,15
35.900,14
35.910,12
35.920,13
35.930,13
35.940,12
35.950,14
35.960,15
35.970,10
35.980,12
35.990,10
36.000,11
36.010,13
36.020,11
36.030,10
36.040,10
36.050,12
36.060,11
36.070,13
36.080,11
36.090,9
36.100,10
36.110,12
36.120,9
36.130,10
36.140,12
36.150,14
36.160,9
36.170,11
36.180,12
36.190,9
36.200,13
36.210,11
36.220,13
36.230,8
36.240,12
36.250,12
36.260,8
36.270,11
36.280,12
36.290,11
36.300,10
36.310,8
36.320,13
36.330,10
36.340,7
36.350,13
36.360,12
36.370,10
36.380,12
36.390,11
36.400,15
36.410,16
36.420,11
36.430,12
36.440,11
36.450,13
36.460,12
36.470,14
36.480,11
36.490,14
36.500,14
36.510,10
36.520,15
36.530,14
36.540,12
36.550,11
36.560,12
36.570,8
36.580,12
36.590,9
36.600,8
36.610,13
36.620,15
36.630,14
36.640,11
36.650,12
36.660,14
36.670,10
36.680,10
36.690,11
36.700,10
36.710,11
36.720,12
36.730,11
36.740,11
36.750,8
36.760,14
36.770,13
36.780,12
36.790,10
36.800,11
36.810,9
36.820,12
36.830,14
36.840,11
36.850,12
36.860,13
36.870,12
36.880,13
36.890,12
36.900,11
36.910,12
36.920,10
36.930,11
36.940,11
36.950,7
36.960,11
36.970,11
36.980,11
36.990,13
37.000,12
37.010,11
37.020,10
37.030,10
37.040,11
37.050,10
37.060,12
37.070,12
37.080,8
37.090,12
37.100,11
37.110,12
37.120,9
37.130,10
37.140,11
37.150,9
37.160,10
37.170,10
37.180,10
37.190,11
37.200,10
37.210,10
37.220,12
37.230,10
37.240,10
37.250,9
37.260,11
37.270,9
37.280,11
37.290,13
37.300,12
37.310,13
37.320,12
37.330,11
37.340,12
37.350,12
37.360,9
37.370,12
37.380,10
37.390,11
37.400,11
37.410,12
37.420,12
37.430,11
37.440,9
37.450,10
37.460,7
37.470,10
37.480,10
37.490,10
37.500,11
37.510,11
37.520,10
37.530,11
37.540,11
37.550,7
37.560,11
37.570,11
37.580,9
37.590,13
37.600,13
37.610,10
37.620,10
37.630,11
37.640,10
37.650,10
37.660,8
37.670,10
37.680,10
37.690,10
37.700,10
37.710,10
37.720,12
37.730,11
37.740,13
37.750,9
37.760,14
37.770,11
37.780,10
37.790,9
37.800,12
37.810,10
37.820,13
37.830,13
37.840,13
37.850,14
37.860,11
37.870,12
37.880,11
37.890,11
37.900,13
37.910,13
37.920,12
37.930,8
37.940,10
37.950,11
37.960,10
37.970,12
37.980,16
37.990,11
38.000,13
38.010,15
38.020,9
38.030,10
38.040,12
38.050,12
38.060,12
38.070,11
38.080,11
38.090,10
38.100,11
38.110,11
38.120,12
38.130,12
38.140,12
38.150,12
38.160,14
38.170,9
38.180,10
38.190,15
38.200,12
38.210,12
38.220,12
38.230,14
38.240,14
38.250,13
38.260,10
38.270,12
38.280,14
38.290,11
38.300,9
38.310,11
38.320,15
38.330,13
38.340,9
38.350,12
38.360,10
38.370,11
38.380,10
38.390,15
38.400,12
38.410,13
38.420,11
38.430,14
38.440,15
38.450,12
38.460,9
38.470,10
38.480,13
38.490,12
38.500,14
38.510,12
38.520,12
38.530,10
38.540,10
38.550,13
38.560,13
38.570,13
38.580,11
38.590,12
38.600,12
38.610,13
38.620,10
38.630,13
38.640,10
38.650,13
38.660,13
38.670,14
38.680,13
38.690,13
38.700,13
38.710,14
38.720,14
38.730,11
38.740,10
38.750,14
38.760,11
38.770,12
38.780,12
38.790,13
38.800,10
38.810,10
38.820,11
38.830,13
38.840,13
38.850,12
38.860,11
38.870,14
38.880,11
38.890,11
38.900,13
38.910,12
38.920,13
38.930,13
38.940,12
38.950,13
38.960,13
38.970,12
38.980,15
38.990,10
39.000,11
39.010,14
39.020,10
39.030,15
39.040,14
39.050,12
39.060,12
39.070,13
39.080,13
39.090,14
39.100,11
39.110,12
39.120,12
39.130,15
39.140,15
39.150,13
39.160,13
39.170,12
39.180,12
39.190,14
39.200,14
39.210,14
39.220,14
39.230,14
39.240,12
39.250,16
39.260,13
39.270,13
39.280,13
39.290,13
39.300,16
39.310,13
39.320,13
39.330,13
39.340,13
39.350,12
39.360,13
39.370,13
39.380,14
39.390,12
39.400,13
39.410,16
39.420,13
39.430,13
39.440,13
39.450,10
39.460,14
39.470,9
39.480,15
39.490,16
39.500,17
39.510,13
39.520,14
39.530,13
39.540,13
39.550,14
39.560,13
39.570,12
39.580,11
39.590,13
39.600,10
39.610,10
39.620,9
39.630,11
39.640,12
39.650,15
39.660,11
39.670,14
39.680,11
39.690,14
39.700,13
39.710,12
39.720,11
39.730,11
39.740,14
39.750,12
39.760,15
39.770,10
39.780,13
39.790,12
39.800,14
39.810,14
39.820,13
39.830,12
39.840,13
39.850,13
39.860,13
39.870,14
39.880,15
39.890,13
39.900,10
39.910,12
39.920,14
39.930,13
39.940,11
39.950,12
39.960,12
39.970,13
39.980,12
39.990,12
40.000,13
40.010,14
40.020,14
40.030,11
40.040,13
40.050,11
40.060,10
40.070,14
40.080,9
40.090,13
40.100,12
40.110,10
40.120,12
40.130,12
40.140,12
40.150,12
40.160,12
40.170,13
40.180,13
40.190,12
40.200,12
40.210,14
40.220,11
40.230,12
40.240,13
40.250,10
40.260,10
40.270,13
40.280,12
40.290,11
40.300,12
40.310,12
40.320,11
40.330,11
40.340,11
40.350,12
40.360,12
40.370,11
40.380,14
40.390,15
40.400,11
40.410,14
40.420,13
40.430,10
40.440,10
40.450,14
40.460,11
40.470,11
40.480,9
40.490,15
40.500,12
40.510,14
40.520,11
40.530,11
40.540,13
40.550,14
40.560,12
40.570,10
40.580,14
40.590,12
40.600,13
40.610,11
40.620,12
40.630,13
40.640,7
40.650,10
40.660,13
40.670,14
40.680,8
40.690,11
40.700,13
40.710,15
40.720,11
40.730,10
40.740,12
40.750,10
40.760,13
40.770,12
40.780,15
40.790,12
40.800,8
40.810,12
40.820,12
40.830,14
40.840,13
40.850,14
40.860,14
40.870,14
40.880,11
40.890,11
40.900,10
40.910,15
40.920,12
40.930,9
40.940,13
40.950,11
40.960,13
40.970,13
40.980,10
40.990,11
41.000,13
41.010,14
41.020,14
41.030,11
41.040,13
41.050,15
41.060,13
41.070,14
41.080,14
41.090,12
41.100,11
41.110,13
41.120,13
41.130,13
41.140,15
41.150,12
41.160,15
41.170,12
41.180,11
41.190,13
41.200,11
41.210,14
41.220,12
41.230,10
41.240,12
41.250,15
41.260,13
41.270,10
41.280,8
41.290,12
41.300,14
41.310,12
41.320,12
41.330,14
41.340,10
41.350,11
41.360,11
41.370,11
41.380,11
41.390,10
41.400,14
41.410,12
41.420,9
41.430,10
41.440,13
41.450,10
41.460,11
41.470,10
41.480,15
41.490,9
41.500,13
41.510,14
41.520,14
41.530,15
41.540,12
41.550,13
41.560,14
41.570,11
41.580,13
41.590,11
41.600,11
41.610,13
41.620,11
41.630,12
41.640,13
41.650,12
41.660,12
41.670,14
41.680,15
41.690,13
41.700,13
41.710,13
41.720,11
41.730,13
41.740,12
41.750,11
41.760,13
41.770,14
41.780,12
41.790,14
41.800,12
41.810,15
41.820,12
41.830,14
41.840,11
41.850,13
41.860,12
41.870,14
41.880,14
41.890,15
41.900,13
41.910,12
41.920,15
41.930,11
41.940,13
41.950,15
41.960,15
41.970,10
41.980,13
41.990,14
42.000,12
42.010,11
42.020,14
42.030,13
42.040,12
42.050,11
42.060,13
42.070,11
42.080,12
42.090,11
42.100,13
42.110,13
42.120,12
42.130,14
42.140,13
42.150,13
42.160,15
42.170,14
42.180,14
42.190,14
42.200,13
42.210,13
42.220,11
42.230,13
42.240,12
42.250,12
42.260,13
42.270,13
42.280,15
42.290,14
42.300,14
42.310,15
42.320,13
42.330,10
42.340,13
42.350,13
42.360,10
42.370,12
42.380,14
42.390,15
42.400,10
42.410,14
42.420,9
42.430,13
42.440,15
42.450,12
42.460,12
42.470,13
42.480,13
42.490,16
42.500,14
42.510,14
42.520,13
42.530,14
42.540,14
42.550,13
42.560,13
42.570,15
42.580,14
42.590,14
42.600,14
42.610,13
42.620,15
42.630,15
42.640,14
42.650,14
42.660,15
42.670,14
42.680,15
42.690,13
42.700,10
42.710,14
42.720,11
42.730,15
42.740,14
42.750,13
42.760,13
42.770,13
42.780,10
42.790,12
42.800,11
42.810,11
42.820,12
42.830,10
42.840,10
42.850,12
42.860,14
42.870,13
42.880,13
42.890,13
42.900,12
42.910,11
42.920,12
42.930,11
42.940,13
42.950,11
42.960,10
42.970,13
42.980,13
42.990,14
43.000,12
43.010,13
43.020,11
43.030,12
43.040,12
43.050,13
43.060,10
43.070,13
43.080,13
43.090,14
43.100,9
43.110,10
43.120,14
43.130,12
43.140,12
43.150,12
43.160,13
43.170,16
43.180,13
43.190,15
43.200,13
43.210,10
43.220,13
43.230,14
43.240,13
43.250,14
43.260,15
43.270,13
43.280,12
43.290,12
43.300,11
43.310,15
43.320,13
43.330,11
43.340,12
43.350,13
43.360,14
43.370,16
43.380,13
43.390,13
43.400,13
43.410,11
43.420,12
43.430,14
43.440,13
43.450,12
43.460,13
43.470,11
43.480,14
43.490,13
43.500,13
43.510,14
43.520,14
43.530,14
43.540,12
43.550,12
43.560,11
43.570,13
43.580,12
43.590,12
43.600,11
43.610,14
43.620,12
43.630,13
43.640,14
43.650,18
43.660,13
43.670,13
43.680,14
43.690,13
43.700,15
43.710,12
43.720,11
43.730,15
43.740,15
43.750,16
43.760,15
43.770,11
43.780,15
43.790,11
43.800,17
43.810,14
43.820,14
43.830,15
43.840,14
43.850,12
43.860,9
43.870,9
43.880,13
43.890,13
43.900,12
43.910,11
43.920,12
43.930,14
43.940,12
43.950,12
43.960,16
43.970,11
43.980,12
43.990,11
44.000,9
44.010,13
44.020,11
44.030,13
44.040,14
44.050,10
44.060,10
44.070,11
44.080,13
44.090,11
44.100,11
44.110,12
44.120,12
44.130,12
44.140,11
44.150,10
44.160,12
44.170,12
44.180,16
44.190,14
44.200,12
44.210,8
44.220,14
44.230,13
44.240,12
44.250,17
44.260,12
44.270,11
44.280,13
44.290,14
44.300,14
44.310,15
44.320,16
44.330,14
44.340,11
44.350,14
44.360,13
44.370,12
44.380,13
44.390,13
44.400,12
44.410,13
44.420,12
44.430,12
44.440,15
44.450,15
44.460,14
44.470,13
44.480,13
44.490,13
44.500,13
44.510,14
44.520,15
44.530,15
44.540,12
44.550,12
44.560,14
44.570,11
44.580,13
44.590,13
44.600,11
44.610,12
44.620,13
44.630,11
44.640,12
44.650,12
44.660,14
44.670,15
44.680,15
44.690,14
44.700,11
44.710,17
44.720,12
44.730,11
44.740,9
44.750,14
44.760,14
44.770,12
44.780,13
44.790,13
44.800,13
44.810,14
44.820,14
44.830,12
44.840,11
44.850,14
44.860,14
44.870,12
44.880,15
44.890,13
44.900,15
44.910,14
44.920,13
44.930,12
44.940,14
44.950,13
44.960,16
44.970,16
44.980,15
44.990,14
45.000,16
45.010,15
45.020,15
45.030,15
45.040,13
45.050,13
45.060,13
45.070,13
45.080,15
45.090,12
45.100,11
45.110,11
45.120,12
45.130,11
45.140,13
45.150,11
45.160,13
45.170,14
45.180,14
45.190,12
45.200,16
45.210,12
45.220,13
45.230,14
45.240,13
45.250,17
45.260,14
45.270,14
45.280,13
45.290,14
45.300,15
45.310,13
45.320,13
45.330,13
45.340,13
45.350,13
45.360,15
45.370,14
45.380,12
45.390,12
45.400,13
45.410,11
45.420,15
45.430,13
45.440,15
45.450,14
45.460,17
45.470,14
45.480,14
45.490,16
45.500,16
45.510,14
45.520,13
45.530,14
45.540,16
45.550,12
45.560,14
45.570,14
45.580,12
45.590,11
45.600,14
45.610,11
45.620,10
45.630,13
45.640,11
45.650,11
45.660,12
45.670,14
45.680,13
45.690,12
45.700,13
45.710,12
45.720,14
45.730,12
45.740,14
45.750,11
45.760,13
45.770,11
45.780,9
45.790,10
45.800,12
45.810,13
45.820,12
45.830,12
45.840,11
45.850,8
45.860,15
45.870,12
45.880,13
45.890,12
45.900,12
45.910,10
45.920,10
45.930,11
45.940,10
45.950,14
45.960,14
45.970,13
45.980,14
45.990,10
46.000,13
46.010,15
46.020,13
46.030,13
46.040,12
46.050,13
46.060,13
46.070,14
46.080,14
46.090,15
46.100,13
46.110,12
46.120,15
46.130,13
46.140,14
46.150,14
46.160,14
46.170,14
46.180,12
46.190,17
46.200,15
46.210,11
46.220,14
46.230,11
46.240,13
46.250,10
46.260,13
46.270,12
46.280,11
46.290,12
46.300,15
46.310,12
46.320,12
46.330,12
46.340,12
46.350,14
46.360,14
46.370,13
46.380,13
46.390,14
46.400,12
46.410,12
46.420,15
46.430,15
46.440,14
46.450,13
46.460,15
46.470,15
46.480,14
46.490,15
46.500,14
46.510,12
46.520,11
46.530,13
46.540,13
46.550,14
46.560,12
46.570,11
46.580,16
46.590,14
46.600,15
46.610,15
46.620,11
46.630,13
46.640,12
46.650,15
46.660,15
46.670,13
46.680,13
46.690,14
46.700,11
46.710,15
46.720,13
46.730,14
46.740,14
46.750,12
46.760,14
46.770,13
46.780,14
46.790,11
46.800,13
46.810,8
46.820,13
46.830,14
46.840,13
46.850,12
46.860,14
46.870,12
46.880,12
46.890,15
46.900,14
46.910,10
46.920,12
46.930,14
46.940,13
46.950,14
46.960,11
46.970,11
46.980,12
46.990,12
47.000,14
47.010,16
47.020,15
47.030,14
47.040,14
47.050,14
47.060,10
47.070,13
47.080,12
47.090,15
47.100,12
47.110,13
47.120,16
47.130,10
47.140,13
47.150,13
47.160,12
47.170,12
47.180,14
47.190,15
47.200,15
47.210,13
47.220,13
47.230,14
47.240,12
47.250,10
47.260,11
47.270,12
47.280,13
47.290,15
47.300,12
47.310,12
47.320,12
47.330,13
47.340,9
47.350,11
47.360,14
47.370,13
47.380,12
47.390,15
47.400,15
47.410,16
47.420,14
47.430,15
47.440,10
47.450,12
47.460,14
47.470,14
47.480,13
47.490,14
47.500,13
47.510,11
47.520,11
47.530,15
47.540,12
47.550,11
47.560,13
47.570,14
47.580,12
47.590,13
47.600,13
47.610,12
47.620,12
47.630,11
47.640,14
47.650,11
47.660,10
47.670,12
47.680,13
47.690,11
47.700,10
47.710,14
47.720,14
47.730,14
47.740,14
47.750,14
47.760,12
47.770,13
47.780,13
47.790,12
47.800,13
47.810,12
47.820,14
47.830,10
47.840,12
47.850,12
47.860,13
47.870,12
47.880,14
47.890,13
47.900,15
47.910,12
47.920,11
47.930,11
47.940,12
47.950,10
47.960,11
47.970,9
47.980,14
47.990,8
48.000,14
48.010,11
48.020,11
48.030,12
48.040,14
48.050,14
48.060,14
48.070,11
48.080,15
48.090,16
48.100,15
48.110,12
48.120,14
48.130,14
48.140,14
48.150,12
48.160,13
48.170,11
48.180,14
48.190,15
48.200,11
48.210,12
48.220,14
48.230,12
48.240,14
48.250,13
48.260,12
48.270,12
48.280,15
48.290,12
48.300,14
48.310,13
48.320,14
48.330,14
48.340,14
48.350,9
48.360,13
48.370,16
48.380,13
48.390,11
48.400,15
48.410,12
48.420,13
48.430,14
48.440,15
48.450,14
48.460,10
48.470,14
48.480,16
48.490,13
48.500,15
48.510,14
48.520,12
48.530,14
48.540,12
48.550,12
48.560,12
48.570,13
48.580,11
48.590,11
48.600,14
48.610,13
48.620,13
48.630,14
48.640,16
48.650,16
48.660,12
48.670,13
48.680,15
48.690,12
48.700,12
48.710,13
48.720,11
48.730,12
48.740,13
48.750,11
48.760,13
48.770,14
48.780,13
48.790,13
48.800,11
48.810,11
48.820,14
48.830,15
48.840,13
48.850,14
48.860,10
48.870,11
48.880,13
48.890,9
48.900,13
48.910,10
48.920,14
48.930,12
48.940,10
48.950,14
48.960,13
48.970,14
48.980,15
48.990,12
49.000,11
49.010,14
49.020,12
49.030,14
49.040,11
49.050,12
49.060,11
49.070,13
49.080,13
49.090,14
49.100,13
49.110,13
49.120,12
49.130,12
49.140,14
49.150,13
49.160,11
49.170,13
49.180,13
49.190,15
49.200,15
49.210,16
49.220,14
49.230,16
49.240,13
49.250,14
49.260,12
49.270,12
49.280,14
49.290,14
49.300,10
49.310,12
49.320,11
49.330,10
49.340,10
49.350,11
49.360,8
49.370,11
49.380,9
49.390,11
49.400,11
49.410,11
49.420,8
49.430,9
49.440,11
49.450,12
49.460,14
49.470,10
49.480,11
49.490,12
49.500,12
49.510,10
49.520,10
49.530,12
49.540,8
49.550,11
49.560,11
49.570,10
49.580,12
49.590,10
49.600,9
49.610,11
49.620,12
49.630,10
49.640,12
49.650,11
49.660,9
49.670,10
49.680,11
49.690,9
49.700,11
49.710,14
49.720,14
49.730,12
49.740,12
49.750,13
49.760,10
49.770,11
49.780,10
49.790,14
49.800,10
49.810,12
49.820,10
49.830,13
49.840,15
49.850,12
49.860,12
49.870,12
49.880,11
49.890,11
49.900,13
49.910,11
49.920,13
49.930,14
49.940,11
49.950,14
49.960,14
49.970,9
49.980,13
49.990,12
50.000,12
