0,3e-07
0.01,0.0806492
0.02,0.0912044
0.03,0.1178447
0.04,0.1404604
0.05,0.1305317
0.06,0.130809
0.07,0.1271788
0.08,0.1358627
0.09,0.1533791
0.1,0.1585724
0.11,0.1461844
0.12,0.1535256
0.13,0.1428552
0.14,0.1393074
0.15,0.1721681
0.16,0.1689541
0.17,0.1672943
0.18,0.1724407
0.19,0.1453676
0.2,0.1635268
0.21,0.1364558
0.22,0.1400048
0.23,0.1333511
0.24,0.1496695
0.25,0.1398625
0.26,0.1388888
0.27,0.1414556
0.28,0.139273
0.29,0.1604839
0.3,0.1571746
0.31,0.1564452
0.32,0.1425851
0.33,0.1505152
0.34,0.1577174
0.35,0.1540568
0.36,0.1356906
0.37,0.1495248
0.38,0.158304
0.39,0.1573261
0.4,0.1566764
0.41,0.1381696
0.42,0.1524
0.43,0.1399321
0.44,0.1487492
0.45,0.1488791
0.46,0.1508712
0.47,0.1321148
0.48,0.1274846
0.49,0.1400421
0.5,0.1403942
0.5100001,0.1356411
0.52,0.1557671
0.53,0.1545466
0.54,0.1271373
0.55,0.1521719
0.56,0.1297501
0.5700001,0.140358
0.58,0.1571963
0.59,0.1409185
0.6,0.1375135
0.61,0.153431
0.62,0.1557335
0.6300001,0.1442191
0.64,0.1460539
0.65,0.1606294
0.66,0.1542558
0.67,0.1472287
0.68,0.1663933
0.6900001,0.1347985
0.7,0.1432196
0.71,0.1956535
0.72,0.177325
0.73,0.1770601
0.74,0.1749683
0.7500001,0.1480542
0.7600001,0.1720142
0.77,0.1520136
0.78,0.1542518
0.79,0.1449875
0.8,0.1589523
0.8100001,0.1653119
0.8200001,0.1627295
0.83,0.1701322
0.84,0.1752656
0.85,0.1866268
0.86,0.1967187
0.8700001,0.1602206
0.8800001,0.1510078
0.89,0.173169
0.9,0.1850794
0.91,0.1728194
0.92,0.1733674
0.9300001,0.1545031
0.9400001,0.1376819
0.95,0.1518938
0.96,0.1661568
0.97,0.1480074
0.98,0.1709676
0.9900001,0.1547018
1,0.1525678
1.01,0.1507772
1.0200001,0.1507667
1.0300001,0.1671169
1.0400001,0.1569335
1.0500001,0.1563239
1.0600001,0.1706273
1.0700001,0.1534934
1.08,0.1621298
1.09,0.1834269
1.1,0.1626951
1.11,0.1783886
1.12,0.1779706
1.13,0.1672197
1.1400001,0.1711113
1.1500001,0.1776564
1.1600001,0.1768264
1.1700001,0.1767876
1.1800001,0.166577
1.1900001,0.1603388
1.2,0.1621253
1.21,0.1710833
1.22,0.1653768
1.23,0.1583572
1.24,0.1703201
1.25,0.1619811
1.2600001,0.1652064
1.2700001,0.1590158
1.2800001,0.1653818
1.2900001,0.1672655
1.3000001,0.1657537
1.3100001,0.1572846
1.3200001,0.1472051
1.33,0.1541525
1.34,0.1623308
1.35,0.160185
1.36,0.1572296
1.3700001,0.1606779
1.3800001,0.1633895
1.3900001,0.1825439
1.4000001,0.1627566
1.4100001,0.1643128
1.4200001,0.1736595
1.4300001,0.1603174
1.4400001,0.1716718
1.45,0.1676962
1.46,0.1680655
1.47,0.1697055
1.48,0.1670811
1.4900001,0.1792108
1.5000001,0.1986279
1.5100001,0.1827105
1.5200001,0.2002291
1.5300001,0.1919875
1.5400001,0.1857641
1.5500001,0.2006008
1.5600001,0.1967238
1.5700001,0.1921992
1.58,0.2201681
1.59,0.2220852
1.6,0.2037858
1.6100001,0.1979954
1.6200001,0.1850146
1.6300001,0.1755372
1.6400001,0.1790275
1.6500001,0.1675225
1.6600001,0.1941215
1.6700001,0.1908756
1.6800001,0.1901888
1.6900001,0.1878648
1.7,0.1843566
1.71,0.1880261
1.72,0.182466
1.7300001,0.1720522
1.7400001,0.1796751
1.7500001,0.1827275
1.7600001,0.1892912
1.7700001,0.1892425
1.7800001,0.1805692
1.7900001,0.1794049
1.8000001,0.1894304
1.8100001,0.2035136
1.8200001,0.1867826
1.83,0.1940073
1.84,0.1912524
1.8500001,0.1854421
1.8600001,0.1866537
1.8700001,0.187813
1.8800001,0.1868715
1.8900001,0.1853891
1.9000001,0.1808435
1.9100001,0.1785005
1.9200001,0.1849018
1.9300001,0.1639407
1.9400001,0.1728353
1.95,0.1698736
1.96,0.1760616
1.9700001,0.1669217
1.9800001,0.1559695
1.9900001,0.176914
2,0.1659783
2.01,0.175343
2.02,0.153794
2.0300002,0.1659905
2.0400002,0.1593447
2.0500002,0.1545234
2.0600002,0.1680532
2.0700002,0.1800956
2.0800002,0.1748083
2.0900002,0.1823371
2.1000001,0.1741707
2.1100001,0.1737367
2.1200001,0.1611355
2.1300001,0.1640524
2.1400001,0.1638263
2.1500001,0.1685492
2.1600001,0.1711789
2.1700001,0.1785454
2.1800001,0.1948475
2.1900001,0.1914437
2.2,0.175023
2.21,0.1693855
2.22,0.1923868
2.23,0.1807154
2.24,0.1957206
2.25,0.1984363
2.26,0.1921478
2.2700002,0.1799631
2.2800002,0.1836485
2.2900002,0.1909333
2.3000002,0.1831474
2.3100002,0.1942649
2.3200002,0.1727416
2.3300002,0.1756282
2.3400002,0.1882857
2.3500001,0.1798783
2.3600001,0.1944509
2.3700001,0.1813634
2.3800001,0.1944833
2.3900001,0.2004123
2.4000001,0.1818786
2.4100001,0.1887367
2.4200001,0.1869758
2.4300001,0.1705987
2.4400001,0.1808861
2.45,0.1743055
2.46,0.1864048
2.47,0.1690469
2.48,0.1900217
2.49,0.185647
2.5,0.1847515
2.5100002,0.1776752
2.5200002,0.1817949
2.5300002,0.1760155
2.5400002,0.1648807
2.5500002,0.1963102
2.5600002,0.1849616
2.5700002,0.1793742
2.5800002,0.1696253
2.5900002,0.1644376
2.6000001,0.1843338
2.6100001,0.1717048
2.6200001,0.1973426
2.6300001,0.1909399
2.6400001,0.1849857
2.6500001,0.1788115
2.6600001,0.1528681
2.6700001,0.14988
2.6800001,0.1396121
2.6900001,0.1514577
2.7,0.1564632
2.71,0.1544063
2.72,0.139566
2.73,0.157147
2.7400002,0.1532828
2.7500002,0.1420567
2.7600002,0.1589991
2.7700002,0.1525559
2.7800002,0.1562702
2.7900002,0.155341
2.8000002,0.1443009
2.8100002,0.1542312
2.8200002,0.1459063
2.8300002,0.1644466
2.8400002,0.1602508
2.8500001,0.1528399
2.8600001,0.1715093
2.8700001,0.1575658
2.8800001,0.148862
2.8900001,0.1555128
2.9000001,0.156411
2.9100001,0.1624243
2.9200001,0.1689054
2.9300001,0.1636946
2.9400001,0.1762989
2.95,0.2068609
2.96,0.1856486
2.97,0.1849321
2.9800003,0.1797215
2.9900002,0.1918704
3.0000002,0.1989632
3.0100002,0.1798624
3.0200002,0.1731798
3.0300002,0.177751
3.0400002,0.1917318
3.0500002,0.1948
3.0600002,0.1918327
3.0700002,0.1860047
3.0800002,0.1924685
3.0900002,0.1997409
3.1000001,0.2064879
3.1100001,0.1983847
3.1200001,0.1829751
3.1300001,0.2003939
3.1400001,0.2057279
3.1500001,0.2072623
3.1600001,0.1990066
3.1700001,0.2084609
3.1800001,0.1947226
3.1900001,0.1806544
3.2,0.174722
3.21,0.1857257
3.2200003,0.1732154
3.2300003,0.1617445
3.2400002,0.1518484
3.2500002,0.1674317
3.2600002,0.1562589
3.2700002,0.1616574
3.2800002,0.1623668
3.2900002,0.1636324
3.3000002,0.162177
3.3100002,0.1639868
3.3200002,0.163184
3.3300002,0.17481
3.3400002,0.1688218
3.3500001,0.1773667
3.3600001,0.1748774
3.3700001,0.172722
3.3800001,0.166541
3.3900001,0.1691825
3.4000001,0.1653289
3.4100001,0.1676517
3.4200001,0.1747107
3.4300001,0.1680408
3.4400001,0.1684164
3.45,0.1707503
3.4600003,0.1579249
3.4700003,0.1700682
3.4800003,0.1611787
3.4900002,0.1572609
3.5000002,0.1483656
3.5100002,0.1741884
3.5200002,0.1677785
3.5300002,0.1803546
3.5400002,0.1690631
3.5500002,0.1611618
3.5600002,0.171563
3.5700002,0.1563837
3.5800002,0.1640991
3.5900002,0.1761278
3.6000001,0.1823285
3.6100001,0.1645526
3.6200001,0.1695949
3.6300001,0.162137
3.6400001,0.1795956
3.6500001,0.1782896
3.6600001,0.1888438
3.6700001,0.1804534
3.6800001,0.2037302
3.6900001,0.2080766
3.7000003,0.1947237
3.7100003,0.1891394
3.7200003,0.1858428
3.7300003,0.1755622
3.7400002,0.162078
3.7500002,0.1785071
3.7600002,0.1792669
3.7700002,0.1856796
3.7800002,0.1943743
3.7900002,0.1948397
3.8000002,0.1876736
3.8100002,0.1987678
3.8200002,0.1841465
3.8300002,0.171713
3.8400002,0.1787125
3.8500001,0.1661559
3.8600001,0.1767612
3.8700001,0.1857206
3.8800001,0.1987704
3.8900001,0.1913117
3.9000001,0.1857269
3.9100001,0.189205
3.9200001,0.1955576
3.9300003,0.1825777
3.9400003,0.1759273
3.9500003,0.1718423
3.9600003,0.1805228
3.9700003,0.1827781
3.9800003,0.1690251
3.9900002,0.1766216
4,0.1856554
4.0100002,0.1843403
4.02,0.1990468
4.0300002,0.186195
4.04,0.190946
4.0500002,0.1881767
4.0600004,0.183982
4.0700002,0.1835462
4.0800004,0.1913358
4.0900002,0.1928566
4.1000004,0.1708158
4.1100001,0.162763
4.1200004,0.1713512
4.1300001,0.1670095
4.1400003,0.1771588
4.1500001,0.1775033
4.1600003,0.1687582
4.1700001,0.1684573
4.1800003,0.1706433
4.1900001,0.1637357
4.2000003,0.1545984
4.21,0.1582215
4.2200003,0.1642217
4.23,0.1655067
4.2400002,0.1643192
4.25,0.1696052
4.2600002,0.1782643
4.27,0.1773069
4.2800002,0.1495209
4.2900004,0.1667724
4.3000002,0.1585852
4.3100004,0.1987736
4.3200002,0.1631352
4.3300004,0.1492625
4.3400002,0.1549864
4.3500004,0.1849771
4.3600001,0.1488399
4.3700004,0.158835
4.3800001,0.163135
4.3900003,0.1504565
4.4000001,0.1663854
4.4100003,0.1587029
4.4200001,0.1520817
4.4300003,0.1642839
4.4400001,0.1555649
4.4500003,0.1657096
4.46,0.1665048
4.4700003,0.1605313
4.48,0.1593873
4.4900002,0.1510472
4.5,0.1574161
4.5100002,0.1643163
4.52,0.1622841
4.5300002,0.1705851
4.5400004,0.1738188
4.5500002,0.1811991
4.5600004,0.1998779
4.5700002,0.1789709
4.5800004,0.1856716
4.5900002,0.169148
4.6000004,0.1926619
4.6100001,0.1904499
4.6200004,0.1707025
4.6300001,0.184937
4.6400003,0.1848694
4.6500001,0.1818685
4.6600003,0.176238
4.6700001,0.1792125
4.6800003,0.1764525
4.6900001,0.1892601
4.7000003,0.199602
4.71,0.1847722
4.7200003,0.1775931
4.73,0.1754085
4.7400002,0.1851058
4.75,0.1843244
4.7600002,0.1915708
4.7700005,0.2022746
4.7800002,0.1828003
4.7900004,0.1765977
4.8000002,0.1767616
4.8100004,0.1718109
4.8200002,0.1918891
4.8300004,0.2006349
4.8400002,0.1937867
4.8500004,0.1730473
4.8600001,0.1735271
4.8700004,0.1595641
4.8800001,0.174762
4.8900003,0.1828216
4.9000001,0.1651642
4.9100003,0.1689647
4.9200001,0.1677189
4.9300003,0.1785811
4.9400001,0.1753739
4.9500003,0.1658951
4.96,0.1556038
4.9700003,0.152734
4.98,0.1716822
4.9900002,0.185168
5,0.165201
5.0100002,0.1723286
5.0200005,0.1792531
5.0300002,0.1774097
5.0400004,0.1727378
5.0500002,0.1747837
5.0600004,0.1791042
5.0700002,0.1867009
5.0800004,0.1872795
5.0900002,0.1812254
5.1000004,0.1796088
5.1100001,0.1820847
5.1200004,0.1733337
5.1300001,0.1870091
5.1400003,0.174752
5.1500001,0.1764031
5.1600003,0.178585
5.1700001,0.1695103
5.1800003,0.1800594
5.1900001,0.1702506
5.2000003,0.1870713
5.21,0.166742
5.2200003,0.1536225
5.23,0.1705095
5.2400002,0.1659169
5.2500005,0.1782518
5.2600002,0.1825662
5.2700005,0.1766093
5.2800002,0.1820223
5.2900004,0.1694352
5.3000002,0.1653711
5.3100004,0.1686769
5.3200002,0.1736057
5.3300004,0.1729176
5.3400002,0.1646535
5.3500004,0.1588532
5.3600001,0.1682576
5.3700004,0.1880673
5.3800001,0.1945779
5.3900003,0.181501
5.4000001,0.198377
5.4100003,0.1922075
5.4200001,0.1877535
5.4300003,0.200397
5.4400001,0.18223
5.4500003,0.2042086
5.46,0.2009797
5.4700003,0.2004174
5.4800005,0.198318
5.4900002,0.1954545
5.5000005,0.1975262
5.5100002,0.1942911
5.5200005,0.1985167
5.5300002,0.2146209
5.5400004,0.2167635
5.5500002,0.2117874
5.5600004,0.199406
5.5700002,0.2056987
5.5800004,0.1934584
5.5900002,0.190871
5.6000004,0.1822932
5.6100001,0.1910838
5.6200004,0.1975246
5.6300001,0.1950364
5.6400003,0.2038868
5.6500001,0.2184927
5.6600003,0.2182724
5.6700001,0.2300707
5.6800003,0.2217832
5.6900001,0.2208088
5.7000003,0.1977607
5.71,0.1975303
5.7200003,0.2056634
5.7300005,0.1845883
5.7400002,0.1887648
5.7500005,0.1834024
5.7600002,0.1805591
5.7700005,0.1955908
5.7800002,0.1929751
5.7900004,0.1954442
5.8000002,0.1849198
5.8100004,0.191931
5.8200002,0.1794219
5.8300004,0.1724108
5.8400002,0.1686638
5.8500004,0.171793
5.8600001,0.1573661
5.8700004,0.1708826
5.8800001,0.1716835
5.8900003,0.1791873
5.9000001,0.1734464
5.9100003,0.1688943
5.9200001,0.1828967
5.9300003,0.166667
5.9400001,0.1815791
5.9500003,0.1815712
5.9600005,0.1935431
5.9700003,0.2099886
5.9800005,0.185683
5.9900002,0.1928037
6.0000005,0.1785076
6.0100002,0.165479
6.0200005,0.1581723
6.0300002,0.1668974
6.0400004,0.2083685
6.0500002,0.1874922
6.0600004,0.2041157
6.0700002,0.1839745
6.0800004,0.1868381
6.0900002,0.1890565
6.1000004,0.1868149
6.1100001,0.1746657
6.1200004,0.176501
6.1300001,0.1846173
6.1400003,0.1747306
6.1500001,0.1713608
6.1600003,0.1832574
6.1700001,0.1762785
6.1800003,0.1679036
6.1900001,0.1884476
6.2000003,0.1846872
6.2100005,0.1734909
6.2200003,0.1795547
6.2300005,0.1774506
6.2400002,0.1729212
6.2500005,0.1777951
6.2600002,0.1915719
6.2700005,0.1780662
6.2800002,0.1811139
6.2900004,0.18362
6.3000002,0.1980328
6.3100004,0.1929562
6.3200002,0.1758004
6.3300004,0.1776572
6.3400002,0.1873251
6.3500004,0.1753165
6.3600001,0.1852804
6.3700004,0.174523
6.3800001,0.1808345
6.3900003,0.1814043
6.4000001,0.1821104
6.4100003,0.1790776
6.4200001,0.1839621
6.4300003,0.1955483
6.4400005,0.182584
6.4500003,0.1942813
6.4600005,0.1975837
6.4700003,0.1962936
6.4800005,0.1914409
6.4900002,0.1911591
6.5000005,0.1860745
6.5100002,0.1888755
6.5200005,0.1885209
6.5300002,0.182187
6.5400004,0.1806763
6.5500002,0.1869089
6.5600004,0.1983427
6.5700002,0.1914187
6.5800004,0.1795497
6.5900002,0.1796516
6.6000004,0.1840311
6.6100001,0.190936
6.6200004,0.1887472
6.6300001,0.1882871
6.6400003,0.1907514
6.6500001,0.1959086
6.6600003,0.1876708
6.6700006,0.1992954
6.6800003,0.1953216
6.6900005,0.1982794
6.7000003,0.1997479
6.7100005,0.2104188
6.7200003,0.2111935
6.7300005,0.1988437
6.7400002,0.1933824
6.7500005,0.1874047
6.7600002,0.1886556
6.7700005,0.1794214
6.7800002,0.1738045
6.7900004,0.1841752
6.8000002,0.1846518
6.8100004,0.1809904
6.8200002,0.1853357
6.8300004,0.2057961
6.8400002,0.2068246
6.8500004,0.1895071
6.8600001,0.1832775
6.8700004,0.1866654
6.8800001,0.1911748
6.8900003,0.1729435
6.9000001,0.183522
6.9100003,0.1821186
6.9200006,0.1755605
6.9300003,0.1723519
6.9400005,0.1659676
6.9500003,0.1709952
6.9600005,0.1744349
6.9700003,0.172855
6.9800005,0.1678697
6.9900002,0.1883401
7.0000005,0.1887836
7.0100002,0.1859826
7.0200005,0.2095029
7.0300002,0.1909778
7.0400004,0.1909318
7.0500002,0.1902058
7.0600004,0.203136
7.0700002,0.1865256
7.0800004,0.1768798
7.0900002,0.1675724
7.1000004,0.1720754
7.1100001,0.1812256
7.1200004,0.1716719
7.1300001,0.1719468
7.1400003,0.1917835
7.1500006,0.1805923
7.1600003,0.1731654
7.1700006,0.178382
7.1800003,0.1770311
7.1900005,0.184408
7.2000003,0.1963864
7.2100005,0.2003089
7.2200003,0.1939924
7.2300005,0.1969643
7.2400002,0.1846949
7.2500005,0.1983281
7.2600002,0.1808841
7.2700005,0.1891871
7.2800002,0.1937325
7.2900004,0.1819683
7.3000002,0.1838682
7.3100004,0.188581
7.3200002,0.1896753
7.3300004,0.1773367
7.3400002,0.1847211
7.3500004,0.1848496
7.3600001,0.1955933
7.3700004,0.1748279
7.3800001,0.1755066
7.3900003,0.1691129
7.4000006,0.1768043
7.4100003,0.1744029
7.4200006,0.1723391
7.4300003,0.1711357
7.4400005,0.1720291
7.4500003,0.1701433
7.4600005,0.1577109
7.4700003,0.1752247
7.4800005,0.1704989
7.4900002,0.1810321
7.5000005,0.167521
7.5100002,0.1708604
7.5200005,0.1689247
7.5300002,0.1860201
7.5400004,0.1776552
7.5500002,0.1509883
7.5600004,0.1580683
7.5700002,0.1593483
7.5800004,0.1610929
7.5900002,0.1760431
7.6000004,0.1688749
7.6100001,0.1697344
7.6200004,0.1622746
7.6300006,0.1594627
7.6400003,0.1690084
7.6500006,0.1737081
7.6600003,0.1727068
7.6700006,0.1703718
7.6800003,0.1760131
7.6900005,0.1764394
7.7000003,0.1669416
7.7100005,0.162003
7.7200003,0.1710806
7.7300005,0.159568
7.7400002,0.1589081
7.7500005,0.1685369
7.7600002,0.1706742
7.7700005,0.1701242
7.7800002,0.1596433
7.7900004,0.157914
7.8000002,0.1540631
7.8100004,0.1561825
7.8200002,0.1569664
7.8300004,0.1589484
7.8400002,0.1681382
7.8500004,0.1527931
7.8600006,0.1560215
7.8700004,0.1675701
7.8800006,0.1668083
7.8900003,0.1580579
7.9000006,0.1705309
7.9100003,0.1787848
7.9200006,0.1720526
7.9300003,0.1738188
7.9400005,0.1615158
7.9500003,0.1557778
7.9600005,0.1525153
7.9700003,0.1477939
7.9800005,0.1549235
7.9900002,0.1581926
8,0.156603
8.0100002,0.1568789
8.0200005,0.1714403
8.0300007,0.1716187
8.04,0.159504
8.0500002,0.1746302
8.0600004,0.1810267
8.0700006,0.1575435
8.0799999,0.1731461
8.0900002,0.1701329
8.1000004,0.1678838
8.1100006,0.1599075
8.1200008,0.1684937
8.1300001,0.1614608
8.1400003,0.1618381
8.1500006,0.1719617
8.1600008,0.1670835
8.1700001,0.1649855
8.1800003,0.1634427
8.1900005,0.1778845
8.2000008,0.1827815
8.21,0.1774843
8.2200003,0.1954651
8.2300005,0.1855733
8.2400007,0.1887065
8.25,0.178718
8.2600002,0.172854
8.2700005,0.1858666
8.2800007,0.1836722
8.29,0.1878004
8.3000002,0.1859447
8.3100004,0.1759003
8.3200006,0.1796046
8.3299999,0.17306
8.3400002,0.1711774
8.3500004,0.1846248
8.3600006,0.1729549
8.3700008,0.1855007
8.3800001,0.1659662
8.3900003,0.1881231
8.4000006,0.1816029
8.4100008,0.1807502
8.4200001,0.1808096
8.4300003,0.1899969
8.4400005,0.1769423
8.4500008,0.1696389
8.46,0.1793441
8.4700003,0.166457
8.4800005,0.181199
8.4900007,0.1769859
8.5,0.1688574
8.5100002,0.1640383
8.5200005,0.1668663
8.5300007,0.164463
8.54,0.1857129
8.5500002,0.1670672
8.5600004,0.1643136
8.5700006,0.1697472
8.5800009,0.1663256
8.5900002,0.168536
8.6000004,0.1575497
8.6100006,0.1657852
8.6200008,0.1577238
8.6300001,0.1654451
8.6400003,0.1545025
8.6500006,0.1653823
8.6600008,0.1690905
8.6700001,0.177394
8.6800003,0.1693035
8.6900005,0.1705237
8.7000008,0.1595544
8.71,0.1580319
8.7200003,0.158756
8.7300005,0.172776
8.7400007,0.150648
8.75,0.1720657
8.7600002,0.1783447
8.7700005,0.1507279
8.7800007,0.1600615
8.79,0.1753487
8.8000002,0.1742396
8.8100004,0.1692023
8.8200006,0.16609
8.8300009,0.1629489
8.8400002,0.1494074
8.8500004,0.1630453
8.8600006,0.1637601
8.8700008,0.16119
8.8800001,0.1730914
8.8900003,0.1748646
8.9000006,0.1674296
8.9100008,0.2002915
8.9200001,0.1942901
8.9300003,0.1786686
8.9400005,0.1662058
8.9500008,0.1715792
8.96,0.1642679
8.9700003,0.1779744
8.9800005,0.1915822
8.9900007,0.1715456
9,0.1699113
9.0100002,0.1645124
9.0200005,0.1628929
9.0300007,0.1485371
9.04,0.1556607
9.0500002,0.1593675
9.0600004,0.1669654
9.0700006,0.1583591
9.0800009,0.1635261
9.0900002,0.169071
9.1000004,0.1626896
9.1100006,0.1574458
9.1200008,0.1651324
9.1300001,0.1762397
9.1400003,0.168
9.1500006,0.1557132
9.1600008,0.1625014
9.1700001,0.1579901
9.1800003,0.1591488
9.1900005,0.1672402
9.2000008,0.1687954
9.21,0.1768518
9.2200003,0.1613529
9.2300005,0.1651801
9.2400007,0.1802369
9.25,0.1700048
9.2600002,0.17254
9.2700005,0.1793255
9.2800007,0.1838868
9.2900009,0.1760748
9.3000002,0.1793486
9.3100004,0.1729917
9.3200006,0.1628442
9.3300009,0.155502
9.3400002,0.1691958
9.3500004,0.168498
9.3600006,0.1732019
9.3700008,0.1712516
9.3800001,0.1711774
9.3900003,0.169483
9.4000006,0.1684626
9.4100008,0.1641159
9.4200001,0.1695797
9.4300003,0.1623001
9.4400005,0.1857646
9.4500008,0.1691615
9.46,0.178072
9.4700003,0.1816537
9.4800005,0.1631266
9.4900007,0.1623506
9.5,0.1541035
9.5100002,0.1554357
9.5200005,0.1591568
9.5300007,0.1631884
9.5400009,0.1763723
9.5500002,0.1631388
9.5600004,0.160229
9.5700006,0.1727148
9.5800009,0.1686611
9.5900002,0.165182
9.6000004,0.1626243
9.6100006,0.1541938
9.6200008,0.167198
9.6300001,0.159806
9.6400003,0.1570117
9.6500006,0.1576635
9.6600008,0.1641199
9.6700001,0.1534931
9.6800003,0.159042
9.6900005,0.1656601
9.7000008,0.1818814
9.71,0.1645403
9.7200003,0.1755431
9.7300005,0.1747985
9.7400007,0.1612854
9.75,0.1716236
9.7600002,0.1590795
9.7700005,0.1711082
9.7800007,0.1590216
9.7900009,0.1654623
9.8000002,0.1615041
9.8100004,0.1725023
9.8200006,0.1605907
9.8300009,0.1698992
9.8400002,0.1651629
9.8500004,0.1585111
9.8600006,0.1504718
9.8700008,0.1610642
9.8800001,0.1677692
9.8900003,0.1656415
9.9000006,0.1666361
9.9100008,0.1657479
9.9200001,0.1758023
9.9300003,0.1731181
9.9400005,0.1731225
9.9500008,0.1956727
9.96,0.1682784
9.9700003,0.1603977
9.9800005,0.1636683
9.9900007,0.1466814
10,0.1531938
10.01,0.1672491
10.020001,0.1625947
10.030001,0.1719519
10.040001,0.1750715
10.05,0.1665171
10.06,0.1744245
10.070001,0.1734682
10.080001,0.1717143
10.09,0.1889657
10.1,0.1752219
10.110001,0.1996705
10.120001,0.1838985
10.13,0.1845094
10.14,0.1827774
10.150001,0.1958329
10.160001,0.1944625
10.17,0.1962498
10.18,0.2014194
10.190001,0.1842783
10.200001,0.1973917
10.21,0.2030326
10.22,0.1911463
10.23,0.1909258
10.240001,0.1911272
10.250001,0.1940708
10.26,0.1762749
10.270001,0.1899438
10.280001,0.1894635
10.290001,0.199998
10.3,0.1861688
10.31,0.1934297
10.320001,0.1941136
10.330001,0.180274
10.34,0.1966771
10.35,0.1894566
10.360001,0.185496
10.370001,0.1878597
10.38,0.1919284
10.39,0.1789921
10.400001,0.1614837
10.410001,0.1734747
10.42,0.145812
10.43,0.159185
10.440001,0.1493573
10.450001,0.1584927
10.46,0.1621162
10.47,0.1486711
10.48,0.1630461
10.490001,0.1587732
10.500001,0.1712858
10.51,0.1440223
10.520001,0.1316373
10.530001,0.1383637
10.540001,0.1471481
10.55,0.1499594
10.56,0.1531371
10.570001,0.1474591
10.580001,0.1496104
10.59,0.1471595
10.6,0.1565243
10.610001,0.153289
10.620001,0.1477955
10.63,0.1506473
10.64,0.1509886
10.650001,0.1667405
10.660001,0.1477021
10.67,0.1492461
10.68,0.1630018
10.690001,0.1689337
10.700001,0.1691772
10.71,0.1723862
10.72,0.1720061
10.73,0.1795278
10.740001,0.1700682
10.750001,0.1840625
10.76,0.172618
10.770001,0.1991453
10.780001,0.1869429
10.790001,0.1771127
10.8,0.1824154
10.81,0.1725098
10.820001,0.1799759
10.830001,0.1774575
10.84,0.1691021
10.85,0.1612333
10.860001,0.1736311
10.870001,0.1632679
10.88,0.1635417
10.89,0.1659089
10.900001,0.1664488
10.910001,0.171223
10.92,0.1785068
10.93,0.1694454
10.940001,0.169513
10.950001,0.1663306
10.960001,0.185137
10.97,0.1679972
10.98,0.1691978
10.990001,0.1713018
11.000001,0.1742569
11.01,0.1890175
11.020001,0.1813213
11.030001,0.1780646
11.040001,0.1639923
11.05,0.1750904
11.06,0.1854941
11.070001,0.1789633
11.080001,0.1568543
11.09,0.1604139
11.1,0.158047
11.110001,0.1678572
11.120001,0.1759983
11.13,0.1807618
11.14,0.1779737
11.150001,0.1754722
11.160001,0.1812625
11.17,0.1785455
11.18,0.1833648
11.190001,0.1844454
11.200001,0.1813869
11.210001,0.185479
11.22,0.185188
11.23,0.1841278
11.240001,0.2028808
11.250001,0.1916363
11.26,0.180606
11.270001,0.1894428
11.280001,0.1866193
11.290001,0.2007381
11.3,0.1928107
11.31,0.1996027
11.320001,0.1926931
11.330001,0.1886161
11.34,0.1786558
11.35,0.1796323
11.360001,0.1698334
11.370001,0.1853798
11.38,0.1705541
11.39,0.1812541
11.400001,0.1852528
11.410001,0.1848733
11.42,0.1717705
11.43,0.1771312
11.440001,0.190225
11.450001,0.1857231
11.460001,0.1833873
11.47,0.1761377
11.48,0.1839616
11.490001,0.1678625
11.500001,0.1676621
11.51,0.1593628
11.520001,0.1514653
11.530001,0.1653674
11.540001,0.1640153
11.55,0.1728721
11.56,0.1866645
11.570001,0.1830385
11.580001,0.1838615
11.59,0.1617555
11.6,0.1778664
11.610001,0.1685775
11.620001,0.1815308
11.63,0.1851629
11.64,0.1817006
11.650001,0.1756037
11.660001,0.1600946
11.670001,0.1827356
11.68,0.1833535
11.690001,0.1796843
11.700001,0.1786634
11.710001,0.1715461
11.72,0.1725087
11.73,0.1719808
11.740001,0.1575781
11.750001,0.165431
11.76,0.1646753
11.770001,0.1542203
11.780001,0.1554963
11.790001,0.1646764
11.8,0.1825537
11.81,0.1809651
11.820001,0.1650117
11.830001,0.1746279
11.84,0.1674997
11.85,0.160818
11.860001,0.1557672
11.870001,0.1598906
11.88,0.1664389
11.89,0.1585742
11.900001,0.1613792
11.910001,0.175702
11.920001,0.1645387
11.93,0.1747069
11.940001,0.1591443
11.950001,0.1635259
11.960001,0.1783407
11.97,0.1550445
11.98,0.1779257
11.990001,0.1729409
12.000001,0.1730535
12.01,0.1838718
12.020001,0.1920505
12.030001,0.196287
12.040001,0.1939785
12.05,0.1739672
12.06,0.1952575
12.070001,0.1899015
12.080001,0.1874015
12.09,0.1912463
12.1,0.1989717
12.110001,0.1913139
12.120001,0.2145115
12.13,0.2088599
12.14,0.2040059
12.150001,0.1985216
12.160001,0.2172831
12.170001,0.1926365
12.18,0.1918693
12.190001,0.2143296
12.200001,0.2077686
12.210001,0.20239
12.22,0.2050659
12.23,0.1971676
12.240001,0.2025601
12.250001,0.2026768
12.26,0.2014142
12.270001,0.1825133
12.280001,0.1930483
12.290001,0.2040757
12.3,0.2040761
12.31,0.1897999
12.320001,0.1846699
12.330001,0.1633944
12.34,0.1766126
12.35,0.1775118
12.360001,0.155841
12.370001,0.1582992
12.38,0.1642524
12.39,0.1551222
12.400001,0.1571942
12.410001,0.1783455
12.420001,0.1771224
12.43,0.1827059
12.440001,0.1705245
12.450001,0.1643508
12.460001,0.174615
12.47,0.1769476
12.48,0.1697463
12.490001,0.1760032
12.500001,0.1887233
12.51,0.193217
12.520001,0.1669821
12.530001,0.1758552
12.540001,0.1942712
12.55,0.1970883
12.56,0.1764298
12.570001,0.1657512
12.580001,0.1661802
12.59,0.1585298
12.6,0.1659362
12.610001,0.1731921
12.620001,0.1778203
12.630001,0.1686992
12.64,0.1845765
12.650001,0.1731468
12.660001,0.1745314
12.670001,0.1502749
12.68,0.1699804
12.690001,0.17083
12.700001,0.1725249
12.710001,0.1839578
12.72,0.1756996
12.73,0.1734907
12.740001,0.1800526
12.750001,0.1900125
12.76,0.1757491
12.770001,0.1663621
12.780001,0.1866238
12.790001,0.1739018
12.8,0.1716532
12.81,0.1859267
12.820001,0.1882335
12.830001,0.1709648
12.84,0.1979466
12.85,0.189949
12.860001,0.1807531
12.870001,0.179677
12.880001,0.1846922
12.89,0.1883675
12.900001,0.1825266
12.910001,0.1951249
12.920001,0.1845316
12.93,0.1857016
12.940001,0.1779869
12.950001,0.1688346
12.960001,0.1813361
12.97,0.1753935
12.98,0.18179
12.990001,0.1814154
13.000001,0.1847208
13.01,0.1774322
13.020001,0.1697704
13.030001,0.1740875
13.040001,0.1777556
13.05,0.1619251
13.06,0.174249
13.070001,0.1808187
13.080001,0.1878663
13.09,0.1886193
13.1,0.1935213
13.110001,0.1744641
13.120001,0.1828744
13.130001,0.1795717
13.14,0.1894397
13.150001,0.1906615
13.160001,0.1976122
13.170001,0.1845588
13.18,0.1729321
13.190001,0.1860267
13.200001,0.1763873
13.210001,0.1685154
13.22,0.1696197
13.23,0.1778272
13.240001,0.1847483
13.250001,0.1750709
13.26,0.1775506
13.270001,0.1763702
13.280001,0.1777347
13.290001,0.1849097
13.3,0.176953
13.31,0.1802724
13.320001,0.1959936
13.330001,0.1924338
13.340001,0.1882094
13.35,0.1880272
13.360001,0.1890193
13.370001,0.1816828
13.380001,0.1823154
13.39,0.1825484
13.400001,0.1770417
13.410001,0.1736256
13.420001,0.2010529
13.43,0.193844
13.440001,0.1940895
13.450001,0.2020114
13.460001,0.1807833
13.47,0.1787024
13.48,0.1830915
13.490001,0.1696172
13.500001,0.1764911
13.51,0.1751451
13.520001,0.171923
13.530001,0.1818884
13.540001,0.1804857
13.55,0.1751547
13.56,0.1769683
13.570001,0.1663873
13.580001,0.1696641
13.590001,0.1685538
13.6,0.1697563
13.610001,0.1807718
13.620001,0.1788709
13.630001,0.1745681
13.64,0.1885944
13.650001,0.1694342
13.660001,0.16935
13.670001,0.1679747
13.68,0.1812553
13.690001,0.1729773
13.700001,0.1743216
13.710001,0.1971459
13.72,0.1698533
13.73,0.1728605
13.740001,0.17661
13.750001,0.1718711
13.76,0.181614
13.770001,0.1859747
13.780001,0.1852385
13.790001,0.1935142
13.8,0.2085006
13.81,0.1933905
13.820001,0.1861621
13.830001,0.1850334
13.840001,0.1682647
13.85,0.1833663
13.860001,0.1763061
13.870001,0.1802733
13.880001,0.1777435
13.89,0.1779424
13.900001,0.1846899
13.910001,0.1857354
13.920001,0.1785537
13.93,0.1823976
13.940001,0.1860519
13.950001,0.1923208
13.960001,0.1880295
13.97,0.1893662
13.98,0.1820867
13.990001,0.17946
14.000001,0.1719746
14.01,0.1750988
14.020001,0.1753774
14.030001,0.1777256
14.040001,0.2022035
14.05,0.1791561
14.06,0.1874154
14.070001,0.1765943
14.080001,0.1916333
14.090001,0.1771032
14.1,0.1904523
14.110001,0.1933588
14.120001,0.1777312
14.130001,0.1666023
14.14,0.1739527
14.150001,0.1889876
14.160001,0.1776414
14.170001,0.1832237
14.18,0.1831812
14.190001,0.2051973
14.200001,0.2044798
14.210001,0.182756
14.22,0.1871523
14.23,0.2078823
14.240001,0.1845092
14.250001,0.1940139
14.26,0.1978303
14.270001,0.1974984
14.280001,0.196314
14.290001,0.1863016
14.300001,0.1817656
14.31,0.1785413
14.320001,0.1868302
14.330001,0.1845326
14.340001,0.1837684
14.35,0.1860041
14.360001,0.1952676
14.370001,0.1931001
14.380001,0.1778882
14.39,0.1799526
14.400001,0.1930926
14.410001,0.1756494
14.420001,0.1770688
14.43,0.184301
14.440001,0.1961316
14.450001,0.2037663
14.460001,0.1928558
14.47,0.1885767
14.48,0.1925462
14.490001,0.1790156
14.500001,0.1880327
14.51,0.1730961
14.520001,0.1903684
14.530001,0.1840725
14.540001,0.169832
14.550001,0.1591085
14.56,0.1675135
14.570001,0.1836618
14.580001,0.1793875
14.590001,0.1720192
14.6,0.1668501
14.610001,0.1678601
14.620001,0.1778062
14.630001,0.1757597
14.64,0.1850763
14.650001,0.1837677
14.660001,0.1769013
14.670001,0.1920465
14.68,0.1828886
14.690001,0.1944789
14.700001,0.1758901
14.710001,0.1971021
14.72,0.1805925
14.73,0.1855385
14.740001,0.1854349
14.750001,0.1792656
14.76,0.1818506
14.770001,0.1847029
14.780001,0.1847333
14.790001,0.1609558
14.800001,0.1680884
14.81,0.1671141
14.820001,0.1735996
14.830001,0.1761935
14.840001,0.1719924
14.85,0.1663886
14.860001,0.1716474
14.870001,0.1775283
14.880001,0.1777026
14.89,0.1796503
14.900001,0.1731289
14.910001,0.1715536
14.920001,0.1808999
14.93,0.1700657
14.940001,0.1713955
14.950001,0.1634067
14.960001,0.1753916
14.97,0.1789372
14.98,0.1705805
14.990001,0.169955
15.000001,0.1806723
15.010001,0.1778498
15.020001,0.1773607
15.030001,0.1747078
15.040001,0.1586558
15.050001,0.1541071
15.06,0.1665755
15.070001,0.1748208
15.080001,0.1774325
15.090001,0.170866
15.1,0.1653651
15.110001,0.1683331
15.120001,0.163228
15.130001,0.1706752
15.14,0.1818094
15.150001,0.1850103
15.160001,0.1867177
15.170001,0.190857
15.18,0.1738788
15.190001,0.1840466
15.200001,0.1812075
15.210001,0.1884813
15.22,0.1856475
15.23,0.1605977
15.240001,0.1574593
15.250001,0.1688458
15.260001,0.1742854
15.270001,0.1667854
15.280001,0.1629131
15.290001,0.1688881
15.300001,0.1665311
15.31,0.1650913
15.320001,0.1634286
15.330001,0.1660566
15.340001,0.1592783
15.35,0.1713733
15.360001,0.1650081
15.370001,0.1615123
15.380001,0.1729099
15.39,0.1725588
15.400001,0.1708128
15.410001,0.1631567
15.420001,0.1783563
15.43,0.1862716
15.440001,0.1805457
15.450001,0.1892118
15.460001,0.1664809
15.47,0.1946377
15.48,0.1750987
15.490001,0.1635796
15.500001,0.1847211
15.510001,0.1959723
15.520001,0.1613492
15.530001,0.1823056
15.540001,0.1908025
15.550001,0.2051993
15.56,0.2056661
15.570001,0.1937638
15.580001,0.1837952
15.590001,0.1740224
15.6,0.1783229
15.610001,0.1774881
15.620001,0.1958288
15.630001,0.1883551
15.64,0.19757
15.650001,0.2036075
15.660001,0.1850155
15.670001,0.1885771
15.68,0.17865
15.690001,0.1983801
15.700001,0.1989608
15.710001,0.2099994
15.720001,0.1970593
15.73,0.1863389
15.740001,0.1852272
15.750001,0.1869147
15.760001,0.1721421
15.770001,0.1735384
15.780001,0.1795159
15.790001,0.1719127
15.800001,0.1890683
15.81,0.1911669
15.820001,0.1935705
15.830001,0.183397
15.840001,0.1846766
15.85,0.1794183
15.860001,0.174471
15.870001,0.1664763
15.880001,0.1894443
15.89,0.1905325
15.900001,0.210187
15.910001,0.1962488
15.920001,0.1793534
15.93,0.1795873
15.940001,0.1857073
15.950001,0.1875654
15.960001,0.1661792
15.970001,0.182665
15.98,0.1797761
15.990001,0.1721736
16,0.1858216
16.01,0.183012
16.02,0.1923746
16.030001,0.1831239
16.040001,0.1823892
16.050001,0.1853809
16.060001,0.1701652
16.070002,0.1776547
16.08,0.1716813
16.09,0.1994277
16.1,0.1726504
16.110001,0.181893
16.120001,0.1912267
16.130001,0.1841988
16.140001,0.1901677
16.150001,0.1859384
16.16,0.1836062
16.17,0.1824576
16.18,0.1664368
16.190001,0.1806246
16.200001,0.1948248
16.210001,0.1946539
16.220001,0.1845955
16.230001,0.1834106
16.240002,0.1871926
16.25,0.1739373
16.26,0.1676296
16.27,0.1671333
16.280001,0.1809139
16.290001,0.1668304
16.300001,0.1700239
16.310001,0.1615046
16.320002,0.1599001
16.33,0.1678744
16.34,0.1655729
16.35,0.1617439
16.360001,0.1610507
16.370001,0.1632752
16.380001,0.1640638
16.390001,0.1594031
16.400001,0.1648312
16.41,0.1652362
16.42,0.168689
16.43,0.1653823
16.440001,0.1704681
16.450001,0.1640327
16.460001,0.171847
16.470001,0.1802576
16.480001,0.1599259
16.490002,0.164593
16.5,0.1694656
16.51,0.1632647
16.52,0.1680556
16.530001,0.1716648
16.540001,0.1730797
16.550001,0.1726602
16.560001,0.1611475
16.570002,0.1596801
16.58,0.172866
16.59,0.1707754
16.6,0.1646644
16.610001,0.1644695
16.620001,0.1528
16.630001,0.1528216
16.640001,0.1638108
16.650001,0.1657895
16.66,0.1645871
16.67,0.1751571
16.68,0.1731245
16.690001,0.1656782
16.700001,0.1695177
16.710001,0.1747785
16.720001,0.173303
16.730001,0.1622986
16.740002,0.1561109
16.75,0.1709366
16.76,0.1665237
16.77,0.1727193
16.780001,0.1765071
16.790001,0.161748
16.800001,0.1582575
16.810001,0.1606794
16.820002,0.1648828
16.83,0.1727422
16.84,0.1719783
16.85,0.1801586
16.860001,0.177289
16.870001,0.1679525
16.880001,0.1643168
16.890001,0.1636227
16.900001,0.1759245
16.910002,0.1694092
16.92,0.1674333
16.93,0.1626347
16.940001,0.1768225
16.950001,0.1732638
16.960001,0.1699862
16.970001,0.1633538
16.980001,0.1826656
16.990002,0.1645533
17,0.1627902
17.01,0.1661814
17.02,0.1791315
17.030001,0.1835092
17.040001,0.1772566
17.050001,0.1770275
17.060001,0.1766719
17.070002,0.1899003
17.08,0.1793664
17.09,0.18411
17.1,0.1851242
17.110001,0.1823639
17.120001,0.1834039
17.130001,0.1797393
17.140001,0.1838939
17.150001,0.1732738
17.160002,0.1696347
17.17,0.1602334
17.18,0.1691516
17.190001,0.1805204
17.200001,0.1734762
17.210001,0.1718833
17.220001,0.1802414
17.230001,0.1808852
17.240002,0.1754713
17.25,0.1785707
17.26,0.1834019
17.27,0.1730103
17.280001,0.1722929
17.290001,0.1620651
17.300001,0.1752885
17.310001,0.1678198
17.320002,0.1737686
17.33,0.1670317
17.34,0.1700762
17.35,0.1657884
17.360001,0.1676373
17.370001,0.172343
17.380001,0.16867
17.390001,0.1673507
17.400001,0.1668711
17.410002,0.1781268
17.42,0.1757136
17.43,0.1685549
17.440001,0.1764033
17.450001,0.1687153
17.460001,0.1749414
17.470001,0.1829978
17.480001,0.1981695
17.490002,0.1927027
17.5,0.199225
17.51,0.1948034
17.52,0.1824011
17.530001,0.1812415
17.540001,0.1833804
17.550001,0.1708264
17.560001,0.176693
17.570002,0.1606895
17.58,0.1594433
17.59,0.1685065
17.6,0.1593778
17.610001,0.167485
17.620001,0.1739245
17.630001,0.1710392
17.640001,0.1669805
17.650001,0.1711522
17.660002,0.1582359
17.67,0.1610949
17.68,0.1670465
17.690001,0.1582865
17.700001,0.1643054
17.710001,0.1686353
17.720001,0.1583315
17.730001,0.1660481
17.740002,0.1732921
17.75,0.1715614
17.76,0.1619129
17.77,0.1570253
17.780001,0.1675786
17.790001,0.1745498
17.800001,0.1702415
17.810001,0.1686945
17.820002,0.1565142
17.83,0.1611349
17.84,0.1709061
17.85,0.1728934
17.860001,0.1843996
17.870001,0.2018412
17.880001,0.2058168
17.890001,0.2124715
17.900001,0.2112085
17.910002,0.2099273
17.92,0.2004233
17.93,0.1897581
17.940001,0.1742513
17.950001,0.1718884
17.960001,0.1966632
17.970001,0.1832047
17.980001,0.1767615
17.990002,0.1614416
18,0.1816575
18.01,0.1861893
18.02,0.1692264
18.030001,0.1776294
18.040001,0.1828593
18.050001,0.1706352
18.060001,0.1859273
18.070002,0.1673934
18.08,0.1638109
18.09,0.1598859
18.1,0.156384
18.110001,0.1731992
18.120001,0.170261
18.130001,0.1565053
18.140001,0.1542711
18.150001,0.1556932
18.160002,0.1534261
18.17,0.1475523
18.18,0.1535156
18.190001,0.1587998
18.200001,0.153065
18.210001,0.1507094
18.220001,0.1646733
18.230001,0.1736835
18.240002,0.1609864
18.25,0.1560028
18.26,0.1696621
18.27,0.160319
18.280001,0.1562953
18.290001,0.1723368
18.300001,0.156084
18.310001,0.1532641
18.320002,0.1671711
18.33,0.1567347
18.34,0.1530441
18.35,0.1383429
18.360001,0.1532852
18.370001,0.1652921
18.380001,0.1511389
18.390001,0.1473089
18.400001,0.1484311
18.410002,0.1599491
18.42,0.1696416
18.43,0.1663576
18.440001,0.1632459
18.450001,0.1556952
18.460001,0.1537642
18.470001,0.1485738
18.480001,0.1570953
18.490002,0.1503658
18.5,0.1592701
18.51,0.1448182
18.52,0.1570871
18.530001,0.1524174
18.540001,0.1469937
18.550001,0.1386661
18.560001,0.1469234
18.570002,0.1516396
18.580002,0.163793
18.59,0.1429463
18.6,0.156755
18.610001,0.1620275
18.620001,0.1474938
18.630001,0.1607106
18.640001,0.1733911
18.650001,0.1596406
18.660002,0.141114
18.67,0.1443553
18.68,0.1561459
18.690001,0.162779
18.700001,0.1428245
18.710001,0.1613873
18.720001,0.1537248
18.730001,0.1547356
18.740002,0.1560471
18.75,0.1477813
18.76,0.1554451
18.77,0.1541578
18.780001,0.1573842
18.790001,0.1543194
18.800001,0.1522637
18.810001,0.1529779
18.820002,0.1388157
18.830002,0.1783105
18.84,0.1686606
18.85,0.1721948
18.860001,0.1760551
18.870001,0.1860357
18.880001,0.1755223
18.890001,0.1867656
18.900001,0.1941373
18.910002,0.1912248
18.92,0.2003168
18.93,0.2071671
18.940001,0.2064244
18.950001,0.2056657
18.960001,0.2041301
18.970001,0.2143262
18.980001,0.21664
18.990002,0.2163795
19,0.2428532
19.01,0.2374425
19.02,0.2310448
19.030001,0.2079152
19.040001,0.2090456
19.050001,0.2054286
19.060001,0.2206392
19.070002,0.2202536
19.080002,0.23867
19.09,0.2209169
19.1,0.2084263
19.110001,0.2021949
19.120001,0.2095983
19.130001,0.2120507
19.140001,0.2106932
19.150001,0.2028817
19.160002,0.2018945
19.17,0.2076279
19.18,0.2100686
19.190001,0.2135936
19.200001,0.1905801
19.210001,0.1935494
19.220001,0.1862033
19.230001,0.1860387
19.240002,0.2003705
19.25,0.1847669
19.26,0.1811413
19.27,0.1847082
19.280001,0.1953091
19.290001,0.1974338
19.300001,0.1991012
19.310001,0.1764243
19.320002,0.1856363
19.330002,0.1758812
19.34,0.1859323
19.35,0.1782704
19.360001,0.1892228
19.370001,0.1802972
19.380001,0.1705715
19.390001,0.1769565
19.400001,0.1729818
19.410002,0.1673157
19.42,0.1825878
19.43,0.158291
19.440001,0.1605891
19.450001,0.1671866
19.460001,0.1692042
19.470001,0.1654823
19.480001,0.1789996
19.490002,0.1689643
19.5,0.1643399
19.51,0.1794577
19.52,0.1782057
19.530001,0.1638359
19.540001,0.165437
19.550001,0.1699938
19.560001,0.1882618
19.570002,0.1808772
19.580002,0.1783844
19.59,0.1875382
19.6,0.1984569
19.610001,0.1846423
19.620001,0.1860106
19.630001,0.1969922
19.640001,0.1835214
19.650001,0.1877393
19.660002,0.1882014
19.67,0.1980756
19.68,0.1858473
19.690001,0.1992976
19.700001,0.1787987
19.710001,0.1788943
19.720001,0.1771473
19.730001,0.1757152
19.740002,0.1741415
19.75,0.1692075
19.76,0.1607857
19.77,0.1695977
19.780001,0.1746115
19.790001,0.1634623
19.800001,0.1703012
19.810001,0.1772134
19.820002,0.1761411
19.830002,0.183524
19.84,0.1854192
19.85,0.1636305
19.860001,0.1695272
19.870001,0.1602942
19.880001,0.1706627
19.890001,0.1731268
19.900001,0.1647647
19.910002,0.1672213
19.92,0.1556292
19.93,0.1626695
19.940001,0.1692199
19.950001,0.1600583
19.960001,0.1686878
19.970001,0.1645779
19.980001,0.1756384
19.990002,0.1619542
20,0.1644305
20.01,0.1788553
20.02,0.1817349
20.030001,0.1682557
20.040001,0.1684044
20.050001,0.1716804
20.060001,0.162376
20.070002,0.1659497
20.080002,0.1728758
20.09,0.1846631
20.1,0.1851272
20.110001,0.184646
20.120001,0.1791772
20.130001,0.1827972
20.140001,0.1701094
20.150001,0.1866956
20.160002,0.1798076
20.17,0.1880283
20.18,0.1748082
20.190001,0.1787793
20.200001,0.1671131
20.210001,0.1726499
20.220001,0.1726728
20.230001,0.177678
20.240002,0.1784602
20.250002,0.1728089
20.26,0.1640349
20.27,0.1738283
20.280001,0.1702889
20.290001,0.16651
20.300001,0.1832996
20.310001,0.1759337
20.320002,0.1838568
20.330002,0.1684437
20.34,0.1772661
20.35,0.1833439
20.360001,0.170921
20.370001,0.1758276
20.380001,0.1561783
20.390001,0.156204
20.400001,0.1570584
20.410002,0.1768946
20.42,0.172176
20.43,0.1672202
20.440001,0.166944
20.450001,0.1628936
20.460001,0.1706046
20.470001,0.175
20.480001,0.1787809
20.490002,0.1768315
20.500002,0.18215
20.51,0.1764182
20.52,0.1794436
20.530001,0.1799051
20.540001,0.1841338
20.550001,0.1779606
20.560001,0.1814782
20.570002,0.1932684
20.580002,0.1826986
20.59,0.1746171
20.6,0.1929926
20.610001,0.1990661
20.620001,0.1924596
20.630001,0.1789717
20.640001,0.1936975
20.650001,0.1777495
20.660002,0.1876487
20.67,0.1729286
20.68,0.1923669
20.690001,0.182591
20.700001,0.1767099
20.710001,0.1868012
20.720001,0.185424
20.730001,0.1851865
20.740002,0.1818579
20.750002,0.1827772
20.76,0.1895549
20.77,0.2001415
20.780001,0.1877468
20.790001,0.1844111
20.800001,0.1809685
20.810001,0.1700401
20.820002,0.1692265
20.830002,0.1726142
20.84,0.1862804
20.85,0.1805154
20.860001,0.1836543
20.870001,0.1860251
20.880001,0.1825648
20.890001,0.1760311
20.900001,0.1733235
20.910002,0.1683977
20.92,0.1831449
20.93,0.1812262
20.940001,0.1937939
20.950001,0.1771955
20.960001,0.1826049
20.970001,0.1754663
20.980001,0.1808267
20.990002,0.1711527
21.000002,0.1732544
21.01,0.1665441
21.02,0.1696445
21.030001,0.1899284
21.040001,0.1900642
21.050001,0.1816979
21.060001,0.1744469
21.070002,0.1741713
21.080002,0.181264
21.09,0.1869798
21.1,0.18781
21.110001,0.1756338
21.120001,0.1872963
21.130001,0.1803651
21.140001,0.1671472
21.150001,0.1872116
21.160002,0.1746637
21.17,0.1846641
21.18,0.1763555
21.190001,0.2036647
21.200001,0.1883448
21.210001,0.1698484
21.220001,0.1699116
21.230001,0.1769818
21.240002,0.188337
21.250002,0.1865182
21.26,0.1841298
21.27,0.1764621
21.280001,0.1881535
21.290001,0.1848284
21.300001,0.1838186
21.310001,0.1886088
21.320002,0.1821803
21.330002,0.1907529
21.34,0.1945259
21.35,0.1976624
21.360001,0.2074649
21.370001,0.195991
21.380001,0.1924586
21.390001,0.19533
21.400001,0.1733097
21.410002,0.1780293
21.42,0.1784355
21.43,0.1879955
21.440001,0.1929238
21.450001,0.1890543
21.460001,0.1904393
21.470001,0.1843142
21.480001,0.1889287
21.490002,0.1866351
21.500002,0.1953866
21.51,0.2008651
21.52,0.194205
21.530001,0.1935166
21.540001,0.1900849
21.550001,0.2010378
21.560001,0.1906125
21.570002,0.1942274
21.580002,0.2027934
21.59,0.1809776
21.6,0.1947837
21.610001,0.2129557
21.620001,0.2057412
21.630001,0.2155194
21.640001,0.2198083
21.650001,0.2038162
21.660002,0.2177277
21.67,0.2505313
21.68,0.2285244
21.690001,0.2174457
21.700001,0.2075858
21.710001,0.2082081
21.720001,0.2235785
21.730001,0.2145274
21.740002,0.2173317
21.750002,0.2117264
21.76,0.2146574
21.77,0.228354
21.780001,0.2145018
21.790001,0.2164764
21.800001,0.2079631
21.810001,0.23891
21.820002,0.2519778
21.830002,0.2325237
21.84,0.2236246
21.85,0.2235531
21.860001,0.2189092
21.870001,0.2170816
21.880001,0.2177925
21.890001,0.2217324
21.900001,0.22677
21.910002,0.2244439
21.920002,0.2176371
21.93,0.2158534
21.940001,0.2192906
21.950001,0.2110584
21.960001,0.2084892
21.970001,0.1851183
21.980001,0.1825958
21.990002,0.186061
22.000002,0.1845764
22.01,0.1793917
22.02,0.1771725
22.030001,0.1777656
22.040001,0.1797443
22.050001,0.1580142
22.060001,0.1679118
22.070002,0.1739059
22.080002,0.1864722
22.09,0.1757202
22.1,0.1676668
22.110001,0.178948
22.120001,0.1734213
22.130001,0.1839368
22.140001,0.1785855
22.150001,0.1727913
22.160002,0.1715931
22.170002,0.1717689
22.18,0.190602
22.190001,0.1715259
22.200001,0.1791188
22.210001,0.1921104
22.220001,0.1756249
22.230001,0.1823229
22.240002,0.1866786
22.250002,0.1887558
22.26,0.196706
22.27,0.2063586
22.280001,0.190679
22.290001,0.19226
22.300001,0.187741
22.310001,0.1980797
22.320002,0.1750567
22.330002,0.2006105
22.34,0.177318
22.35,0.1762031
22.360001,0.1723098
22.370001,0.1723174
22.380001,0.1719994
22.390001,0.1801101
22.400001,0.1805696
22.410002,0.1820689
22.420002,0.1907404
22.43,0.1757387
22.440001,0.1764579
22.450001,0.1833451
22.460001,0.1841992
22.470001,0.1847155
22.480001,0.1814547
22.490002,0.172164
22.500002,0.1722732
22.51,0.1671175
22.52,0.1698813
22.530001,0.1735609
22.540001,0.1761212
22.550001,0.1683851
22.560001,0.1809561
22.570002,0.1788108
22.580002,0.1758309
22.59,0.1755664
22.6,0.1802922
22.610001,0.172472
22.620001,0.177124
22.630001,0.171858
22.640001,0.166462
22.650001,0.193926
22.660002,0.1850776
22.670002,0.1844581
22.68,0.1750021
22.690001,0.174515
22.700001,0.1714714
22.710001,0.1810421
22.720001,0.1706616
22.730001,0.1765826
22.740002,0.1820955
22.750002,0.1818957
22.76,0.1817853
22.77,0.17044
22.780001,0.1682541
22.790001,0.1655023
22.800001,0.1628426
22.810001,0.1669097
22.820002,0.1676781
22.830002,0.1595808
22.84,0.1658923
22.85,0.1614065
22.860001,0.1756308
22.870001,0.1702109
22.880001,0.1601493
22.890001,0.1717435
22.900001,0.1738539
22.910002,0.1777451
22.920002,0.1697682
22.93,0.1598516
22.940001,0.1557891
22.950001,0.156028
22.960001,0.1564833
22.970001,0.1604521
22.980001,0.1585387
22.990002,0.1581239
23.000002,0.1758857
23.01,0.1774734
23.02,0.1642233
23.030001,0.1657112
23.040001,0.1653981
23.050001,0.158687
23.060001,0.1657015
23.070002,0.1664216
23.080002,0.2011645
23.09,0.172096
23.1,0.1781603
23.110001,0.1704671
23.120001,0.1734282
23.130001,0.1663971
23.140001,0.1900009
23.150001,0.1657909
23.160002,0.1881565
23.170002,0.1792344
23.18,0.1871547
23.190001,0.190847
23.200001,0.1816578
23.210001,0.1886775
23.220001,0.1814387
23.230001,0.1778825
23.240002,0.1613621
23.250002,0.1744142
23.26,0.1891246
23.27,0.1738976
23.280001,0.1750188
23.290001,0.1865222
23.300001,0.1773359
23.310001,0.1739481
23.320002,0.1590644
23.330002,0.1696322
23.340002,0.174348
23.35,0.1605116
23.360001,0.1554487
23.370001,0.1558089
23.380001,0.1637582
23.390001,0.1783674
23.400001,0.1840892
23.410002,0.1712949
23.420002,0.1882649
23.43,0.1847241
23.440001,0.1954158
23.450001,0.1697737
23.460001,0.166982
23.470001,0.17952
23.480001,0.1749577
23.490002,0.1756402
23.500002,0.1619579
23.51,0.1780143
23.52,0.1705984
23.530001,0.1843603
23.540001,0.1688134
23.550001,0.1899859
23.560001,0.1868071
23.570002,0.1730965
23.580002,0.1796427
23.590002,0.1617867
23.6,0.1697473
23.610001,0.1350658
23.620001,0.1539901
23.630001,0.1549559
23.640001,0.1654263
23.650001,0.1500233
23.660002,0.1506731
23.670002,0.1366432
23.68,0.1501543
23.690001,0.1539269
23.700001,0.157044
23.710001,0.1658351
23.720001,0.1527783
23.730001,0.1579856
23.740002,0.1708434
23.750002,0.1599932
23.76,0.1535268
23.77,0.1492889
23.780001,0.1501697
23.790001,0.1386003
23.800001,0.1446235
23.810001,0.1499847
23.820002,0.1430773
23.830002,0.1443659
23.840002,0.1540054
23.85,0.1453153
23.860001,0.1508107
23.870001,0.1374275
23.880001,0.1506373
23.890001,0.1480898
23.900001,0.152152
23.910002,0.141282
23.920002,0.1516218
23.93,0.1516718
23.940001,0.1896865
23.950001,0.1671226
23.960001,0.169089
23.970001,0.1646523
23.980001,0.1534504
23.990002,0.1592112
24.000002,0.151121
24.01,0.1607782
24.02,0.1554948
24.030001,0.1639546
24.040001,0.1551819
24.050001,0.1672323
24.060001,0.1767849
24.070002,0.1649199
24.080002,0.1540472
24.090002,0.1644913
24.1,0.1711864
24.110001,0.1787737
24.120001,0.1672398
24.130001,0.1771949
24.140001,0.1708381
24.150001,0.1732379
24.160002,0.1859563
24.170002,0.1718958
24.18,0.1739869
24.190001,0.1730722
24.200001,0.1752043
24.210001,0.1717108
24.220001,0.1754756
24.230001,0.1659947
24.240002,0.1763604
24.250002,0.1620803
24.26,0.1664038
24.27,0.1736766
24.280001,0.1727413
24.290001,0.1802345
24.300001,0.1786058
24.310001,0.1715316
24.320002,0.1723551
24.330002,0.1728646
24.340002,0.1873566
24.35,0.1807542
24.360001,0.1761171
24.370001,0.1785688
24.380001,0.1820388
24.390001,0.17389
24.400001,0.1645839
24.410002,0.176991
24.420002,0.1733263
24.43,0.1605572
24.440001,0.1534372
24.450001,0.1665709
24.460001,0.180679
24.470001,0.159209
24.480001,0.171964
24.490002,0.1627891
24.500002,0.1578096
24.51,0.1650646
24.52,0.1886895
24.530001,0.1710059
24.540001,0.1796757
24.550001,0.1723213
24.560001,0.1691453
24.570002,0.1733592
24.580002,0.1753819
24.590002,0.1727145
24.6,0.1784245
24.610001,0.1825524
24.620001,0.1694963
24.630001,0.1672949
24.640001,0.1774089
24.650001,0.1752175
24.660002,0.1718699
24.670002,0.1592001
24.68,0.1621113
24.690001,0.1504392
24.700001,0.1567452
24.710001,0.1647047
24.720001,0.1418222
24.730001,0.1461515
24.740002,0.1445505
24.750002,0.1553041
24.76,0.1666357
24.77,0.1549986
24.780001,0.155839
24.790001,0.1507656
24.800001,0.1619337
24.810001,0.1734247
24.820002,0.1649195
24.830002,0.160135
24.840002,0.1591789
24.85,0.1686775
24.860001,0.1558228
24.870001,0.1559228
24.880001,0.1489638
24.890001,0.1474351
24.900001,0.1526049
24.910002,0.1508622
24.920002,0.1538635
24.93,0.1748969
24.940001,0.1674927
24.950001,0.1476213
24.960001,0.1606658
24.970001,0.1719724
24.980001,0.1687581
24.990002,0.1563459
25.000002,0.1505972
25.010002,0.1521538
25.02,0.157749
25.030001,0.1792478
25.040001,0.1794771
25.050001,0.1616934
25.060001,0.1681405
25.070002,0.1713694
25.080002,0.1788822
25.090002,0.1761461
25.1,0.1675511
25.110001,0.1819629
25.120001,0.1881437
25.130001,0.1721629
25.140001,0.165771
25.150001,0.1572145
25.160002,0.1499982
25.170002,0.1665019
25.18,0.1697705
25.190001,0.1709759
25.200001,0.1544743
25.210001,0.1686627
25.220001,0.1655945
25.230001,0.1725661
25.240002,0.1719701
25.250002,0.1809206
25.260002,0.2103528
25.27,0.2058659
25.280001,0.1979178
25.290001,0.1752692
25.300001,0.1847631
25.310001,0.176348
25.320002,0.163403
25.330002,0.1749783
25.340002,0.210085
25.35,0.1952095
25.360001,0.196456
25.370001,0.1847766
25.380001,0.1845011
25.390001,0.1800737
25.400001,0.1659858
25.410002,0.1624181
25.420002,0.1614611
25.43,0.1478891
25.440001,0.1489835
25.450001,0.1624026
25.460001,0.1593884
25.470001,0.1715357
25.480001,0.1734868
25.490002,0.1886798
25.500002,0.185053
25.510002,0.1860334
25.52,0.1905481
25.530001,0.1807812
25.540001,0.172321
25.550001,0.1641168
25.560001,0.1535242
25.570002,0.1646434
25.580002,0.1595475
25.590002,0.1564404
25.6,0.1525605
25.610001,0.1571156
25.620001,0.1755055
25.630001,0.1719567
25.640001,0.1708335
25.650001,0.1707967
25.660002,0.1538615
25.670002,0.1672623
25.68,0.1622756
25.690001,0.1530634
25.700001,0.167503
25.710001,0.150121
25.720001,0.1594685
25.730001,0.1605419
25.740002,0.1534116
25.750002,0.1512482
25.760002,0.1565271
25.77,0.1679258
25.780001,0.1618439
25.790001,0.1730936
25.800001,0.1747078
25.810001,0.1804939
25.820002,0.1736608
25.830002,0.1701561
25.840002,0.1701716
25.85,0.1902601
25.860001,0.1749566
25.870001,0.2007056
25.880001,0.1703453
25.890001,0.1690447
25.900001,0.1711471
25.910002,0.1812449
25.920002,0.1824667
25.93,0.1766825
25.940001,0.2019234
25.950001,0.1913071
25.960001,0.1828897
25.970001,0.1755554
25.980001,0.1883819
25.990002,0.219883
26.000002,0.1844142
26.010002,0.1733283
26.02,0.1590869
26.030001,0.1600338
26.040001,0.1656964
26.050001,0.1836566
26.060001,0.1772629
26.070002,0.1797098
26.080002,0.1658497
26.090002,0.1721824
26.1,0.1649037
26.110001,0.1790084
26.120001,0.1635615
26.130001,0.1612435
26.140001,0.1623908
26.150001,0.1566287
26.160002,0.1602492
26.170002,0.1624317
26.18,0.1621027
26.190001,0.1764156
26.200001,0.1749218
26.210001,0.1857853
26.220001,0.2125364
26.230001,0.1680296
26.240002,0.1795662
26.250002,0.1604723
26.260002,0.1660567
26.27,0.1511884
26.280001,0.1667587
26.290001,0.1551174
26.300001,0.1760122
26.310001,0.1605772
26.320002,0.180846
26.330002,0.1721579
26.340002,0.1760308
26.35,0.1807718
26.360001,0.1654491
26.370001,0.1632663
26.380001,0.1517856
26.390001,0.154492
26.400001,0.1651833
26.410002,0.1581742
26.420002,0.1660908
26.43,0.1657192
26.440001,0.1741888
26.450001,0.1759558
26.460001,0.1882016
26.470001,0.1778737
26.480001,0.1882953
26.490002,0.1875935
26.500002,0.173235
26.510002,0.1761722
26.52,0.1665917
26.530001,0.1703013
26.540001,0.1697861
26.550001,0.1602238
26.560001,0.1684939
26.570002,0.1654208
26.580002,0.170238
26.590002,0.1684487
26.6,0.1723346
26.610001,0.1829517
26.620001,0.1639978
26.630001,0.1581373
26.640001,0.1693412
26.650001,0.1798563
26.660002,0.1877877
26.670002,0.1840026
26.680002,0.1748364
26.690001,0.1827474
26.700001,0.1872219
26.710001,0.1783625
26.720001,0.1839702
26.730001,0.1781797
26.740002,0.1820694
26.750002,0.1736624
26.760002,0.1770806
26.77,0.179178
26.780001,0.1759138
26.790001,0.1940978
26.800001,0.182781
26.810001,0.1868923
26.820002,0.1787919
26.830002,0.1834562
26.840002,0.1712876
26.85,0.1872123
26.860001,0.1802933
26.870001,0.1957974
26.880001,0.2079651
26.890001,0.2012696
26.900001,0.1897576
26.910002,0.1883531
26.920002,0.1868504
26.930002,0.1830397
26.940001,0.1831727
26.950001,0.1913126
26.960001,0.1871518
26.970001,0.1922087
26.980001,0.1889843
26.990002,0.1859168
27.000002,0.1986259
27.010002,0.2048728
27.02,0.2024226
27.030001,0.2018317
27.040001,0.2128652
27.050001,0.2089515
27.060001,0.2115612
27.070002,0.2041353
27.080002,0.203794
27.090002,0.2066641
27.1,0.1964955
27.110001,0.208091
27.120001,0.2098519
27.130001,0.1983071
27.140001,0.1995727
27.150001,0.2058129
27.160002,0.2094575
27.170002,0.198297
27.180002,0.1992989
27.190001,0.1971618
27.200001,0.203323
27.210001,0.2059265
27.220001,0.2142145
27.230001,0.2253653
27.240002,0.2186437
27.250002,0.2167872
27.260002,0.2054004
27.27,0.2163852
27.280001,0.2088043
27.290001,0.2154822
27.300001,0.194565
27.310001,0.1981036
27.320002,0.1998082
27.330002,0.1993859
27.340002,0.1942714
27.35,0.1953517
27.360001,0.1977749
27.370001,0.198465
27.380001,0.2095909
27.390001,0.2078939
27.400001,0.1993492
27.410002,0.1981901
27.420002,0.203436
27.430002,0.1993955
27.440001,0.1946948
27.450001,0.1914647
27.460001,0.2005561
27.470001,0.2106585
27.480001,0.2046845
27.490002,0.2220695
27.500002,0.2058992
27.510002,0.2174965
27.52,0.2138762
27.530001,0.2153348
27.540001,0.2124525
27.550001,0.2095448
27.560001,0.2029966
27.570002,0.2001176
27.580002,0.1888808
27.590002,0.197607
27.6,0.1949246
27.610001,0.191574
27.620001,0.1938684
27.630001,0.1927343
27.640001,0.2059967
27.650001,0.2033977
27.660002,0.1977133
27.670002,0.2100208
27.680002,0.2109234
27.690001,0.1956644
27.700001,0.1978233
27.710001,0.1895172
27.720001,0.1898554
27.730001,0.1916927
27.740002,0.1863466
27.750002,0.1910428
27.760002,0.1956161
27.77,0.2033882
27.780001,0.1882574
27.790001,0.1873381
27.800001,0.1931633
27.810001,0.1915722
27.820002,0.1855381
27.830002,0.1897211
27.840002,0.1872202
27.85,0.1840837
27.860001,0.2032735
27.870001,0.1926519
27.880001,0.193609
27.890001,0.1935571
27.900001,0.1894936
27.910002,0.2065777
27.920002,0.1847494
27.930002,0.190368
27.940001,0.1886364
27.950001,0.1878212
27.960001,0.1891779
27.970001,0.188541
27.980001,0.1908696
27.990002,0.1882362
28.000002,0.1949231
28.010002,0.1856153
28.02,0.1794763
28.030001,0.186071
28.040001,0.1896049
28.050001,0.1978132
28.060001,0.1884186
28.070002,0.1935995
28.080002,0.1979671
28.090002,0.1879395
28.1,0.1963203
28.110001,0.1888649
28.120001,0.2053255
28.130001,0.1956782
28.140001,0.2016487
28.150001,0.1849378
28.160002,0.1923897
28.170002,0.1890805
28.180002,0.1821681
28.190001,0.1749009
28.200001,0.1893113
28.210001,0.1880718
28.220001,0.1861395
28.230001,0.1880635
28.240002,0.1848377
28.250002,0.1758161
28.260002,0.1937672
28.27,0.203152
28.280001,0.2073212
28.290001,0.2252562
28.300001,0.2244312
28.310001,0.1929572
28.320002,0.1954128
28.330002,0.199532
28.340002,0.1812281
28.350002,0.1945597
28.360001,0.195449
28.370001,0.1833222
28.380001,0.1769818
28.390001,0.2034254
28.400001,0.207798
28.410002,0.1896872
28.420002,0.1822274
28.430002,0.1803002
28.440001,0.1802657
28.450001,0.1830378
28.460001,0.1787749
28.470001,0.185759
28.480001,0.1923781
28.490002,0.1939316
28.500002,0.1903268
28.510002,0.1908969
28.52,0.2019988
28.530001,0.1906858
28.540001,0.1859351
28.550001,0.1821748
28.560001,0.1978223
28.570002,0.1965296
28.580002,0.1799136
28.590002,0.1914386
28.600002,0.1863592
28.610001,0.1790352
28.620001,0.1802894
28.630001,0.1800663
28.640001,0.181178
28.650001,0.1843742
28.660002,0.1801035
28.670002,0.1785303
28.680002,0.1891311
28.690001,0.1857942
28.700001,0.1822745
28.710001,0.1780311
28.720001,0.2029018
28.730001,0.2199446
28.740002,0.1850054
28.750002,0.1848095
28.760002,0.1930699
28.77,0.1902354
28.780001,0.1839973
28.790001,0.1917416
28.800001,0.2074423
28.810001,0.1909973
28.820002,0.1847591
28.830002,0.1903866
28.840002,0.2010422
28.850002,0.2073105
28.860001,0.1894446
28.870001,0.1883732
28.880001,0.1916676
28.890001,0.1777644
28.900001,0.1761028
28.910002,0.1816793
28.920002,0.1822512
28.930002,0.1826618
28.940001,0.1792174
28.950001,0.1763176
28.960001,0.1770918
28.970001,0.1910101
28.980001,0.1878396
28.990002,0.1714034
29.000002,0.1819009
29.010002,0.1746289
29.02,0.1715283
29.030001,0.1732655
29.040001,0.1826967
29.050001,0.1839839
29.060001,0.1905913
29.070002,0.1853864
29.080002,0.1898453
29.090002,0.1942343
29.100002,0.1984583
29.110001,0.1897977
29.120001,0.1952988
29.130001,0.2030957
29.140001,0.2001179
29.150001,0.1943051
29.160002,0.2018852
29.170002,0.1978444
29.180002,0.1950355
29.190001,0.1961453
29.200001,0.1785052
29.210001,0.1793928
29.220001,0.1991414
29.230001,0.2006644
29.240002,0.2005647
29.250002,0.1970885
29.260002,0.2080168
29.27,0.1946009
29.280001,0.2035298
29.290001,0.2102489
29.300001,0.1967225
29.310001,0.1937639
29.320002,0.1864482
29.330002,0.1871298
29.340002,0.1943237
29.350002,0.1919107
29.360001,0.1963889
29.370001,0.1989978
29.380001,0.1848132
29.390001,0.1935607
29.400001,0.1922838
29.410002,0.2040614
29.420002,0.2021255
29.430002,0.2053885
29.440001,0.2000923
29.450001,0.2037901
29.460001,0.2053638
29.470001,0.200236
29.480001,0.2056872
29.490002,0.1994487
29.500002,0.2007789
29.510002,0.2013742
29.52,0.2015591
29.530001,0.2139531
29.540001,0.2104899
29.550001,0.2151433
29.560001,0.2030068
29.570002,0.207324
29.580002,0.2086716
29.590002,0.2136529
29.600002,0.2090485
29.610001,0.2120976
29.620001,0.2168091
29.630001,0.2052175
29.640001,0.2154419
29.650001,0.207252
29.660002,0.2100916
29.670002,0.213627
29.680002,0.2076785
29.690001,0.2054701
29.700001,0.2043623
29.710001,0.2070156
29.720001,0.2048518
29.730001,0.2068378
29.740002,0.2039461
29.750002,0.2144271
29.760002,0.2156036
29.770002,0.2134178
29.780001,0.2180118
29.790001,0.235282
29.800001,0.2377107
29.810001,0.2110489
29.820002,0.2113658
29.830002,0.2127235
29.840002,0.2107579
29.850002,0.2177179
29.860001,0.2105987
29.870001,0.2038887
29.880001,0.2061421
29.890001,0.1959407
29.900001,0.1961036
29.910002,0.1952201
29.920002,0.1998392
29.930002,0.2019803
29.940001,0.2005742
29.950001,0.207128
29.960001,0.1982632
29.970001,0.1994801
29.980001,0.2004406
29.990002,0.2072136
30.000002,0.2087652
30.010002,0.2006853
30.020002,0.1999099
30.030001,0.2019549
30.040001,0.2031856
30.050001,0.2122965
30.060001,0.1986381
30.070002,0.210951
30.080002,0.2029463
30.090002,0.2065044
30.100002,0.2006955
30.110001,0.2020358
30.120001,0.2062687
30.130001,0.2098556
30.140001,0.2024586
30.150001,0.2042934
30.160002,0.1996016
30.170002,0.219081
30.180002,0.2112902
30.190001,0.2161563
30.200001,0.2290173
30.210001,0.2112882
30.220001,0.219196
30.230001,0.2068104
30.240002,0.2081411
30.250002,0.2122691
30.260002,0.2217052
30.270002,0.2187877
30.280001,0.2226429
30.290001,0.2265543
30.300001,0.2164944
30.310001,0.2232458
30.320002,0.2298529
30.330002,0.2184356
30.340002,0.2285365
30.350002,0.2135953
30.360001,0.2320023
30.370001,0.2254082
30.380001,0.2270536
30.390001,0.2281895
30.400001,0.2205357
30.410002,0.2259756
30.420002,0.2258072
30.430002,0.2327989
30.440001,0.224599
30.450001,0.2255048
30.460001,0.2314687
30.470001,0.2189987
30.480001,0.2213877
30.490002,0.2180214
30.500002,0.2313899
30.510002,0.2187548
30.520002,0.2247781
30.530001,0.2250648
30.540001,0.2298874
30.550001,0.2266739
30.560001,0.22123
30.570002,0.2253058
30.580002,0.2357337
30.590002,0.2381123
30.600002,0.2351963
30.610001,0.2177013
30.620001,0.2080285
30.630001,0.2163899
30.640001,0.2281994
30.650001,0.2330531
30.660002,0.2227206
30.670002,0.2165663
30.680002,0.2048208
30.690001,0.2044852
30.700001,0.1945058
30.710001,0.1931623
30.720001,0.2072372
30.730001,0.1972836
30.740002,0.1928532
30.750002,0.1996132
30.760002,0.2107678
30.770002,0.2032634
30.780001,0.199166
30.790001,0.1994129
30.800001,0.2015133
30.810001,0.19942
30.820002,0.2045052
30.830002,0.2103538
30.840002,0.2142934
30.850002,0.2054521
30.860001,0.20759
30.870001,0.2011049
30.880001,0.1974474
30.890001,0.199895
30.900001,0.1883699
30.910002,0.1919335
30.920002,0.1859925
30.930002,0.1966927
30.940001,0.1969866
30.950001,0.198006
30.960001,0.2025297
30.970001,0.2122683
30.980001,0.2019464
30.990002,0.2051013
31.000002,0.2060329
31.010002,0.2063426
31.020002,0.2094753
31.030001,0.1912382
31.040001,0.205764
31.050001,0.1892743
31.060001,0.2036021
31.070002,0.204144
31.080002,0.2028988
31.090002,0.2094297
31.100002,0.2052801
31.110001,0.2029815
31.120001,0.2025016
31.130001,0.2028958
31.140001,0.1956698
31.150001,0.1907711
31.160002,0.1809949
31.170002,0.1827135
31.180002,0.193591
31.190001,0.186608
31.200001,0.1738199
31.210001,0.1803892
31.220001,0.1834003
31.230001,0.198231
31.240002,0.1941332
31.250002,0.1856996
31.260002,0.1806014
31.270002,0.177164
31.280001,0.1930252
31.290001,0.1858335
31.300001,0.1931801
31.310001,0.189681
31.320002,0.1985324
31.330002,0.1992875
31.340002,0.1883667
31.350002,0.1819716
31.360001,0.1987899
31.370001,0.1838554
31.380001,0.2005033
31.390001,0.1856126
31.400001,0.1982156
31.410002,0.1964194
31.420002,0.1962526
31.430002,0.1996683
31.440002,0.1890005
31.450001,0.2200422
31.460001,0.2009995
31.470001,0.1933825
31.480001,0.1883953
31.490002,0.1883939
31.500002,0.201044
31.510002,0.2078271
31.520002,0.1854389
31.530001,0.1885228
31.540001,0.1908821
31.550001,0.1843591
31.560001,0.1924547
31.570002,0.1765477
31.580002,0.1823103
31.590002,0.1677623
31.600002,0.1896756
31.610001,0.1958251
31.620001,0.1812137
31.630001,0.1804908
31.640001,0.1843455
31.650001,0.1777043
31.660002,0.1906333
31.670002,0.1880515
31.680002,0.1876369
31.690002,0.1979942
31.700001,0.170822
31.710001,0.1829395
31.720001,0.1859342
31.730001,0.188041
31.740002,0.2012047
31.750002,0.2044319
31.760002,0.1980495
31.770002,0.1861486
31.780001,0.2030153
31.790001,0.195209
31.800001,0.1962487
31.810001,0.1922578
31.820002,0.1833093
31.830002,0.2041705
31.840002,0.1979139
31.850002,0.1980837
31.860001,0.1915534
31.870001,0.1897729
31.880001,0.1954653
31.890001,0.1909449
31.900001,0.1846585
31.910002,0.1880551
31.920002,0.1879819
31.930002,0.1650716
31.940002,0.1786755
31.950001,0.1887653
31.960001,0.1914221
31.970001,0.1791229
31.980001,0.1814044
31.990002,0.1883614
32,0.1890202
32.010002,0.1815339
32.020001,0.1791759
32.030003,0.1832184
32.040001,0.1939596
32.050003,0.1853905
32.060001,0.1876966
32.07,0.1905542
32.080002,0.201424
32.09,0.1967282
32.100002,0.2070932
32.110001,0.2030691
32.120003,0.1891751
32.130001,0.183216
32.140003,0.186085
32.150002,0.1926919
32.16,0.1877405
32.170002,0.1880806
32.18,0.194064
32.190002,0.1968407
32.200001,0.193846
32.210003,0.1981244
32.220001,0.1950439
32.230003,0.1928489
32.240002,0.200597
32.25,0.2010493
32.260002,0.1991929
32.270001,0.2037443
32.280003,0.1967799
32.290001,0.2032522
32.300003,0.196781
32.310001,0.1959742
32.32,0.1975174
32.330002,0.1897787
32.34,0.181961
32.350002,0.2053483
32.360001,0.1933458
32.370003,0.213259
32.380001,0.2104786
32.390003,0.2122087
32.400002,0.2052553
32.41,0.1918328
32.420002,0.1998328
32.43,0.2081668
32.440002,0.20135
32.450001,0.192278
32.460003,0.1938015
32.470001,0.1811418
32.480003,0.1784964
32.490002,0.1927252
32.5,0.1954188
32.510002,0.1899455
32.520001,0.182025
32.530003,0.1856433
32.540001,0.1793828
32.550003,0.1935701
32.560001,0.186583
32.57,0.18128
32.580002,0.1787679
32.59,0.1864718
32.600002,0.1804053
32.610001,0.1869139
32.620003,0.2097038
32.630001,0.2067307
32.640003,0.1932669
32.650002,0.1854662
32.66,0.1939544
32.670002,0.2118848
32.68,0.1926775
32.690002,0.2056025
32.700001,0.2039474
32.710003,0.1943561
32.720001,0.1942424
32.730003,0.1938268
32.740002,0.1864952
32.75,0.1981938
32.760002,0.1978976
32.770001,0.1944825
32.780003,0.1875658
32.790001,0.2015807
32.800003,0.1928834
32.810001,0.2034248
32.82,0.2078467
32.830002,0.1909327
32.84,0.1836854
32.850002,0.1837157
32.860001,0.1906749
32.870003,0.190556
32.880001,0.1908772
32.890003,0.1999142
32.900002,0.2035527
32.91,0.2056153
32.920002,0.1877501
32.93,0.2084067
32.940002,0.1991526
32.950001,0.1904406
32.960003,0.2110242
32.970001,0.2102144
32.980003,0.204166
32.990002,0.2082089
33,0.2027493
33.010002,0.2047802
33.020001,0.2263456
33.030003,0.2180453
33.040001,0.2051629
33.050003,0.1970506
33.060001,0.1971918
33.07,0.1857954
33.080002,0.1847055
33.09,0.1960737
33.100002,0.2006007
33.110001,0.2010552
33.120003,0.2034102
33.130001,0.2054624
33.140003,0.1869992
33.150002,0.1907609
33.16,0.1844251
33.170002,0.1796018
33.18,0.1884819
33.190002,0.1964663
33.200001,0.190099
33.210003,0.1845262
33.220001,0.1817336
33.230003,0.1910464
33.240002,0.1856145
33.25,0.1947993
33.260002,0.1899343
33.270001,0.2115348
33.280003,0.195815
33.290001,0.19541
33.300003,0.1967761
33.310001,0.1896002
33.32,0.1961167
33.330002,0.1815649
33.34,0.1868166
33.350002,0.1877279
33.360001,0.1712223
33.370003,0.1812594
33.380001,0.1928709
33.390003,0.1915129
33.400002,0.1831316
33.41,0.2054372
33.420002,0.1942997
33.43,0.1746016
33.440002,0.1838929
33.450001,0.1741911
33.460003,0.1882883
33.470001,0.1712791
33.480003,0.1793054
33.490002,0.1853951
33.5,0.1838367
33.510002,0.178417
33.520001,0.1825739
33.530003,0.2005536
33.540001,0.2074982
33.550003,0.1903882
33.560001,0.1944825
33.57,0.1825918
33.580002,0.1861889
33.59,0.1888414
33.600002,0.1852497
33.610001,0.2007124
33.620003,0.1967857
33.630001,0.2067378
33.640003,0.185364
33.650002,0.1915038
33.66,0.1865287
33.670002,0.1885474
33.68,0.197309
33.690002,0.1888361
33.700001,0.1871849
33.710003,0.1884352
33.720001,0.188053
33.730003,0.1943794
33.740002,0.1915198
33.75,0.2025016
33.760002,0.1844015
33.770001,0.1614352
33.780003,0.1731152
33.790001,0.1957963
33.800003,0.187181
33.810001,0.1787124
33.820003,0.1833505
33.830002,0.1962894
33.84,0.1817794
33.850002,0.1839498
33.860001,0.1818139
33.870003,0.1706059
33.880001,0.1807133
33.890003,0.1753034
33.900002,0.1837165
33.91,0.1937702
33.920002,0.1966512
33.93,0.1972197
33.940002,0.1917006
33.950001,0.2033823
33.960003,0.1976618
33.970001,0.1882385
33.980003,0.205383
33.990002,0.1929696
34,0.2051358
34.010002,0.201182
34.020001,0.1953495
34.030003,0.2069558
34.040001,0.208674
34.050003,0.2027382
34.060001,0.2097155
34.070003,0.2007826
34.080002,0.1896557
34.09,0.198772
34.100002,0.1980202
34.110001,0.1899796
34.120003,0.2072301
34.130001,0.2031969
34.140003,0.2006859
34.150002,0.1900728
34.16,0.208744
34.170002,0.1963563
34.18,0.1943603
34.190002,0.1934702
34.200001,0.195957
34.210003,0.2063288
34.220001,0.1952377
34.230003,0.208349
34.240002,0.1946672
34.25,0.2044478
34.260002,0.205462
34.270001,0.2053694
34.280003,0.2004121
34.290001,0.1964342
34.300003,0.1889125
34.310001,0.1973985
34.320003,0.2010611
34.330002,0.2070022
34.34,0.1983425
34.350002,0.1886383
34.360001,0.1948657
34.370003,0.1874009
34.380001,0.1880965
34.390003,0.1987338
34.400002,0.1864131
34.41,0.1980064
34.420002,0.2123914
34.43,0.1923346
34.440002,0.2063257
34.450001,0.2021777
34.460003,0.2025823
34.470001,0.1820707
34.480003,0.1853054
34.490002,0.18592
34.5,0.186188
34.510002,0.1748027
34.520001,0.1917558
34.530003,0.1882054
34.540001,0.2019881
34.550003,0.2006019
34.560001,0.1940067
34.570003,0.2032373
34.580002,0.2061231
34.59,0.1941582
34.600002,0.2026381
34.610001,0.1839077
34.620003,0.1924067
34.630001,0.1862497
34.640003,0.1844495
34.650002,0.1904384
34.66,0.1831857
34.670002,0.1882672
34.68,0.1759099
34.690002,0.1906421
34.700001,0.1952675
34.710003,0.1979255
34.720001,0.1917785
34.730003,0.1960451
34.740002,0.197262
34.75,0.1892343
34.760002,0.183822
34.770001,0.1804448
34.780003,0.1883222
34.790001,0.1930122
34.800003,0.191077
34.810001,0.1959339
34.820003,0.1831004
34.830002,0.1784788
34.84,0.1742996
34.850002,0.1812204
34.860001,0.1769087
34.870003,0.1906494
34.880001,0.1603093
34.890003,0.1806215
34.900002,0.1817298
34.91,0.1803008
34.920002,0.1815118
34.93,0.1779883
34.940002,0.1884006
34.950001,0.1744563
34.960003,0.1788136
34.970001,0.1793366
34.980003,0.1896689
34.990002,0.187387
35,0.1848324
35.010002,0.1886673
35.020001,0.1893288
35.030003,0.1928355
35.040001,0.1924699
35.050003,0.1859446
35.060001,0.1796126
35.070003,0.1965505
35.080002,0.2017531
35.09,0.1956274
35.100002,0.1906814
35.110001,0.2070657
35.120003,0.196925
35.130001,0.1949813
35.140003,0.1930121
35.150002,0.205771
35.16,0.2131942
35.170002,0.2076667
35.18,0.2175863
35.190002,0.2156243
35.200001,0.2092047
35.210003,0.2063414
35.220001,0.2121118
35.230003,0.2040633
35.240002,0.2078499
35.25,0.2081388
35.260002,0.2078986
35.270001,0.210865
35.280003,0.2084494
35.290001,0.2001953
35.300003,0.2028939
35.310001,0.1852475
35.320003,0.1812937
35.330002,0.181741
35.34,0.1760053
35.350002,0.1864193
35.360001,0.1777509
35.370003,0.1835052
35.380001,0.184847
35.390003,0.1959635
35.400002,0.1863278
35.41,0.1989124
35.420002,0.1886292
35.43,0.1977871
35.440002,0.1922964
35.450001,0.20231
35.460003,0.1843344
35.470001,0.1869982
35.480003,0.1850716
35.490002,0.2006714
35.5,0.1825383
35.510002,0.1888717
35.520001,0.1853579
35.530003,0.2035502
35.540001,0.2017395
35.550003,0.1984428
35.560001,0.1897434
35.570003,0.1674582
35.580002,0.1773878
35.59,0.1765547
35.600002,0.1761597
35.610001,0.1842942
35.620003,0.1739431
35.630001,0.1803453
35.640003,0.1902931
35.650002,0.1983001
35.66,0.1929474
35.670002,0.1977431
35.68,0.2013266
35.690002,0.1934458
35.700001,0.2227412
35.710003,0.2124128
35.720001,0.2063615
35.730003,0.1757988
35.740002,0.1768346
35.75,0.1835942
35.760002,0.189498
35.770001,0.173034
35.780003,0.1519667
35.790001,0.1698738
35.800003,0.1806053
35.810001,0.1869275
35.820003,0.1896426
35.830002,0.1967957
35.84,0.1849262
35.850002,0.1967547
35.860001,0.18959
35.870003,0.2004975
35.880001,0.2083914
35.890003,0.2150921
35.900002,0.204352
35.91,0.2242085
35.920002,0.2192658
35.93,0.2060212
35.940002,0.2018747
35.950001,0.1979664
35.960003,0.2118321
35.970001,0.2076858
35.980003,0.2150646
35.990002,0.1990077
36,0.2028674
36.010002,0.212562
36.020001,0.1985183
36.030003,0.2042857
36.040001,0.2018701
36.050003,0.2053106
36.060001,0.2146465
36.070003,0.1937731
36.080002,0.200255
36.09,0.2052582
36.100002,0.2007445
36.110001,0.195865
36.120003,0.1921806
36.130001,0.2006754
36.140003,0.2026115
36.150002,0.1958635
36.16,0.1918398
36.170002,0.196857
36.18,0.1946383
36.190002,0.1836372
36.200001,0.1868367
36.210003,0.1914524
36.220001,0.1930738
36.230003,0.2037528
36.240002,0.214013
36.25,0.1944349
36.260002,0.1869505
36.270001,0.172099
36.280003,0.170958
36.290001,0.186387
36.300003,0.1811511
36.310001,0.1925073
36.320003,0.1821434
36.330002,0.1831108
36.34,0.1917687
36.350002,0.1908307
36.360001,0.1819455
36.370003,0.1868738
36.380001,0.1845513
36.390003,0.1883181
36.400002,0.1925066
36.41,0.1868158
36.420002,0.1931824
36.43,0.1974229
36.440002,0.1865762
36.450001,0.1863968
36.460003,0.1865686
36.470001,0.1874265
36.480003,0.1799242
36.490002,0.1926125
36.5,0.190916
36.510002,0.1967308
36.520001,0.1918327
36.530003,0.1950707
36.540001,0.1725189
36.550003,0.1954909
36.560001,0.2199412
36.570003,0.2376783
36.580002,0.2272976
36.59,0.2282486
36.600002,0.2001732
36.610001,0.2061891
36.620003,0.1976415
36.630001,0.1933627
36.640003,0.2233063
36.650001,0.230992
36.66,0.2161731
36.670002,0.2109482
36.68,0.1917778
36.690002,0.2047294
36.700001,0.1988541
36.710003,0.1942672
36.720001,0.2006243
36.730003,0.213676
36.740002,0.2044332
36.75,0.2093955
36.760002,0.2035544
36.770001,0.2070952
36.780003,0.1922555
36.790001,0.192937
36.800003,0.1873725
36.810001,0.2009448
36.820003,0.1874763
36.830002,0.1984389
36.84,0.1946789
36.850002,0.1921513
36.860001,0.2187956
36.870003,0.2228446
36.880001,0.2089552
36.890003,0.1941354
36.900001,0.2115511
36.91,0.2110792
36.920002,0.2198669
36.93,0.2134355
36.940002,0.2157246
36.950001,0.2482552
36.960003,0.2327776
36.970001,0.2454455
36.980003,0.2515891
36.990002,0.2653975
37,0.3006297
37.010002,0.3019149
37.020001,0.281812
37.030003,0.2830189
37.040001,0.2928362
37.050003,0.288004
37.060001,0.2590252
37.070003,0.2515715
37.080002,0.2880945
37.09,0.3041073
37.100002,0.2598315
37.110001,0.2599591
37.120003,0.2270351
37.130001,0.2269774
37.140003,0.2174692
37.150001,0.2118938
37.160004,0.2149609
37.170002,0.2217305
37.18,0.2141633
37.190002,0.2021994
37.200001,0.198912
37.210003,0.1989903
37.220001,0.1866899
37.230003,0.1885604
37.240002,0.1754799
37.25,0.1841176
37.260002,0.1871748
37.270001,0.1945512
37.280003,0.193216
37.290001,0.1946705
37.300003,0.1872194
37.310001,0.2120337
37.320003,0.202013
37.330002,0.2008866
37.34,0.1957966
37.350002,0.1939853
37.360001,0.1998383
37.370003,0.2083699
37.380001,0.1862721
37.390003,0.1832538
37.400001,0.1885549
37.410004,0.1859048
37.420002,0.1813975
37.43,0.1797639
37.440002,0.1687064
37.450001,0.1884537
37.460003,0.1824784
37.470001,0.1847196
37.480003,0.1851339
37.490002,0.2031817
37.5,0.2038628
37.510002,0.1947968
37.52,0.1873239
37.530003,0.2090179
37.540001,0.2046267
37.550003,0.1999802
37.560001,0.2037745
37.570003,0.1929214
37.580002,0.1921554
37.59,0.1848635
37.600002,0.1754545
37.610001,0.194552
37.620003,0.1831126
37.630001,0.1824966
37.640003,0.182155
37.650001,0.1795351
37.660004,0.1978998
37.670002,0.1860475
37.68,0.1850577
37.690002,0.1775255
37.700001,0.1750389
37.710003,0.1886162
37.720001,0.1851673
37.730003,0.2015063
37.740002,0.2227461
37.75,0.2169416
37.760002,0.2006311
37.77,0.1895663
37.780003,0.1875984
37.790001,0.1831107
37.800003,0.1881658
37.810001,0.187067
37.820003,0.1620542
37.830002,0.1887823
37.84,0.2068834
37.850002,0.183015
37.860001,0.1990051
37.870003,0.2088029
37.880001,0.1777725
37.890003,0.2098709
37.900001,0.180562
37.910004,0.1986575
37.920002,0.2097216
37.93,0.2205978
37.940002,0.2165021
37.950001,0.2246131
37.960003,0.2224175
37.970001,0.2194821
37.980003,0.2188739
37.990002,0.2004433
38,0.1994985
38.010002,0.202194
38.02,0.1877528
38.030003,0.1974999
38.040001,0.1978204
38.050003,0.2103266
38.060001,0.2097302
38.070003,0.2083897
38.080002,0.2049342
38.09,0.2135965
38.100002,0.2285629
38.110001,0.2216834
38.120003,0.2061936
38.130001,0.2073351
38.140003,0.1967553
38.150001,0.1872605
38.160004,0.2049059
38.170002,0.1816431
38.18,0.1745761
38.190002,0.1729186
38.200001,0.1798497
38.210003,0.1797319
38.220001,0.1742133
38.230003,0.1809795
38.240002,0.1757974
38.25,0.1694107
38.260002,0.1800342
38.27,0.1937175
38.280003,0.1976525
38.290001,0.1839201
38.300003,0.1856616
38.310001,0.1823274
38.320003,0.1891723
38.330002,0.1757748
38.34,0.1962285
38.350002,0.1929928
38.360001,0.1974495
38.370003,0.1902263
38.380001,0.2152809
38.390003,0.2167263
38.400001,0.2063218
38.410004,0.1934208
38.420002,0.1962348
38.43,0.1993234
38.440002,0.2003027
38.450001,0.2049564
38.460003,0.2055666
38.470001,0.1953669
38.480003,0.193783
38.490002,0.1920127
38.5,0.1878668
38.510002,0.2044563
38.52,0.2047726
38.530003,0.1987765
38.540001,0.2054367
38.550003,0.1891545
38.560001,0.1875799
38.570003,0.1989042
38.580002,0.1846382
38.59,0.1759135
38.600002,0.1765079
38.610001,0.1752378
38.620003,0.17975
38.630001,0.1815415
38.640003,0.1985389
38.650001,0.1855817
38.660004,0.1795997
38.670002,0.1899448
38.68,0.1940189
38.690002,0.1762512
38.700001,0.178573
38.710003,0.2064669
38.720001,0.1995204
38.730003,0.2037477
38.740002,0.19338
38.75,0.2021872
38.760002,0.2144812
38.77,0.2017882
38.780003,0.1972607
38.790001,0.1875214
38.800003,0.2006134
38.810001,0.1884318
38.820003,0.1906555
38.830002,0.1860175
38.84,0.1841566
38.850002,0.2004039
38.860001,0.1920443
38.870003,0.1975649
38.880001,0.1869183
38.890003,0.1846205
38.900001,0.1850368
38.910004,0.1983244
38.920002,0.1995853
38.93,0.1786802
38.940002,0.1817566
38.950001,0.1725788
38.960003,0.1865032
38.970001,0.1809561
38.980003,0.177645
38.990002,0.1823531
39,0.1878456
39.010002,0.1859931
39.02,0.1826005
39.030003,0.1859619
39.040001,0.1836121
39.050003,0.1932997
39.060001,0.1826397
39.070003,0.1847295
39.080002,0.1757552
39.09,0.1854593
39.100002,0.1806385
39.110001,0.196558
39.120003,0.1759881
39.130001,0.1752606
39.140003,0.175766
39.150001,0.1855994
39.160004,0.1781858
39.170002,0.1934405
39.18,0.1857952
39.190002,0.1960177
39.200001,0.1722065
39.210003,0.1842778
39.220001,0.1853957
39.230003,0.1794399
39.240002,0.1826176
39.25,0.1806973
39.260002,0.1976965
39.27,0.1907907
39.280003,0.2020107
39.290001,0.1885121
39.300003,0.1928181
39.310001,0.1933401
39.320003,0.2200613
39.330002,0.2020455
39.34,0.1874439
39.350002,0.1923449
39.360001,0.1992959
39.370003,0.1908123
39.380001,0.1956646
39.390003,0.1949814
39.400001,0.2005256
39.410004,0.1967438
39.420002,0.2129496
39.43,0.2090269
39.440002,0.2106099
39.450001,0.2027836
39.460003,0.2192885
39.470001,0.2085828
39.480003,0.2278368
39.490002,0.2383429
39.5,0.2254014
39.510002,0.2348433
39.52,0.2319775
39.530003,0.2347592
39.540001,0.2361248
39.550003,0.2231928
39.560001,0.208225
39.570003,0.1963472
39.580002,0.200862
39.59,0.2009876
39.600002,0.1970546
39.610001,0.2091885
39.620003,0.1982947
39.630001,0.2142018
39.640003,0.2179487
39.650001,0.2000213
39.660004,0.2016873
39.670002,0.1874974
39.68,0.2055114
39.690002,0.202018
39.700001,0.1894184
39.710003,0.1849567
39.720001,0.2019877
39.730003,0.1953678
39.740002,0.1933444
39.75,0.1933105
39.760002,0.1905215
39.77,0.1926228
39.780003,0.1760973
39.790001,0.1825174
39.800003,0.1920327
39.810001,0.1929148
39.820003,0.1856486
39.830002,0.1939119
39.84,0.2014792
39.850002,0.2000336
39.860001,0.1962119
39.870003,0.2027622
39.880001,0.1850126
39.890003,0.1967261
39.900001,0.1906872
39.910004,0.1925459
39.920002,0.1850363
39.93,0.1904024
39.940002,0.1874189
39.950001,0.1841429
39.960003,0.1921577
39.970001,0.193679
39.980003,0.1928752
39.990002,0.1876639
40,0.1815744
40.010002,0.2056675
40.02,0.2112221
40.030003,0.2096912
40.040001,0.207488
40.050003,0.2001106
40.060001,0.2018598
40.070003,0.2049497
40.080002,0.1942986
40.09,0.1935551
40.100002,0.1909578
40.110001,0.1999853
40.120003,0.1938998
40.130001,0.2047075
40.140003,0.2083869
40.150001,0.1960287
40.160004,0.2080821
40.170002,0.2212908
40.18,0.2126814
40.190002,0.2183026
40.200001,0.2236237
40.210003,0.2215144
40.220001,0.2151533
40.230003,0.2229816
40.240002,0.2282554
40.250004,0.2193241
40.260002,0.2310466
40.27,0.2095423
40.280003,0.1975771
40.290001,0.1959563
40.300003,0.1896708
40.310001,0.1900402
40.320003,0.191068
40.330002,0.1872991
40.34,0.1805039
40.350002,0.1778174
40.360001,0.201935
40.370003,0.1946872
40.380001,0.2023687
40.390003,0.2061179
40.400001,0.1939981
40.410004,0.182672
40.420002,0.206671
40.43,0.2247044
40.440002,0.2234043
40.450001,0.2219978
40.460003,0.2292221
40.470001,0.2249515
40.480003,0.2152285
40.490002,0.2195789
40.500004,0.2230044
40.510002,0.2126804
40.52,0.2098904
40.530003,0.2241631
40.540001,0.2364099
40.550003,0.2126962
40.560001,0.2152955
40.570003,0.1899555
40.580002,0.2043507
40.59,0.2023855
40.600002,0.2089053
40.610001,0.2274072
40.620003,0.2314038
40.630001,0.2310579
40.640003,0.2302884
40.650001,0.2568231
40.660004,0.2181143
40.670002,0.2076982
40.68,0.2209393
40.690002,0.2328131
40.700001,0.2040865
40.710003,0.2212634
40.720001,0.2304453
40.730003,0.2086092
40.740002,0.2115546
40.750004,0.2121022
40.760002,0.1950658
40.77,0.2072866
40.780003,0.2173765
40.790001,0.2043116
40.800003,0.1963609
40.810001,0.1922215
40.820003,0.2040911
40.830002,0.203748
40.84,0.2055401
40.850002,0.2109095
40.860001,0.2064489
40.870003,0.2064426
40.880001,0.2144936
40.890003,0.204883
40.900001,0.1974706
40.910004,0.1928912
40.920002,0.192567
40.93,0.1835313
40.940002,0.1926794
40.950001,0.1901341
40.960003,0.1904641
40.970001,0.20407
40.980003,0.1720655
40.990002,0.1770314
41.000004,0.1698817
41.010002,0.175907
41.02,0.1860232
41.030003,0.1901085
41.040001,0.1769446
41.050003,0.1909501
41.060001,0.1910076
41.070003,0.1704509
41.080002,0.1858567
41.09,0.186121
41.100002,0.1840191
41.110001,0.1896235
41.120003,0.2030618
41.130001,0.1847067
41.140003,0.1911798
41.150001,0.1902523
41.160004,0.1827613
41.170002,0.1803539
41.18,0.188839
41.190002,0.1781111
41.200001,0.1808831
41.210003,0.180695
41.220001,0.1860897
41.230003,0.1856952
41.240002,0.1904046
41.250004,0.1846958
41.260002,0.1957537
41.27,0.1923662
41.280003,0.1916806
41.290001,0.2085267
41.300003,0.1975107
41.310001,0.2040762
41.320003,0.1970367
41.330002,0.2008756
41.34,0.1896726
41.350002,0.2007623
41.360001,0.1983603
41.370003,0.1901169
41.380001,0.2124494
41.390003,0.2075918
41.400001,0.183392
41.410004,0.2000178
41.420002,0.2049715
41.43,0.2005595
41.440002,0.186872
41.450001,0.1773017
41.460003,0.2112333
41.470001,0.1931789
41.480003,0.1851355
41.490002,0.2011835
41.500004,0.2133376
41.510002,0.1950729
41.52,0.2025996
41.530003,0.1925046
41.540001,0.202988
41.550003,0.1860067
41.560001,0.1956986
41.570003,0.1941654
41.580002,0.1942347
41.59,0.1891786
41.600002,0.1811071
41.610001,0.2017117
41.620003,0.2013732
41.630001,0.189828
41.640003,0.2079518
41.650001,0.1816095
41.660004,0.1897205
41.670002,0.2017709
41.68,0.1960699
41.690002,0.2067539
41.700001,0.1959177
41.710003,0.1841962
41.720001,0.1888322
41.730003,0.1867859
41.740002,0.1923713
41.750004,0.1980209
41.760002,0.1933151
41.77,0.1905985
41.780003,0.1928825
41.790001,0.1933609
41.800003,0.1806032
41.810001,0.1753262
41.820003,0.1824946
41.830002,0.1844626
41.84,0.1754455
41.850002,0.1858342
41.860001,0.1817316
41.870003,0.1782045
41.880001,0.1750923
41.890003,0.1754736
41.900001,0.1786243
41.910004,0.1880705
41.920002,0.1751485
41.93,0.178781
41.940002,0.1720373
41.950001,0.177141
41.960003,0.1802162
41.970001,0.1768197
41.980003,0.1786129
41.990002,0.1995887
42.000004,0.198485
42.010002,0.1741718
42.02,0.1608155
42.030003,0.1842099
42.040001,0.1889325
42.050003,0.1916799
42.060001,0.1832216
42.070003,0.1836783
42.080002,0.1783757
42.09,0.178744
42.100002,0.1668646
42.110001,0.1788762
42.120003,0.1680716
42.130001,0.1776707
42.140003,0.1859761
42.150001,0.1906318
42.160004,0.1826919
42.170002,0.179217
42.18,0.1803745
42.190002,0.174977
42.200001,0.1691683
42.210003,0.1738447
42.220001,0.1772292
42.230003,0.185027
42.240002,0.1868334
42.250004,0.1893784
42.260002,0.1831256
42.27,0.1966244
42.280003,0.195638
42.290001,0.1782619
42.300003,0.1957061
42.310001,0.197027
42.320003,0.1884232
42.330002,0.1734231
42.34,0.2030419
42.350002,0.2010678
42.360001,0.201787
42.370003,0.1785278
42.380001,0.1777785
42.390003,0.1887181
42.400001,0.1734546
42.410004,0.1820828
42.420002,0.1708124
42.43,0.1756789
42.440002,0.1847947
42.450001,0.1686855
42.460003,0.1733308
42.470001,0.178196
42.480003,0.1735119
42.490002,0.1866017
42.500004,0.1799688
42.510002,0.1848898
42.52,0.1844252
42.530003,0.1867537
42.540001,0.2051613
42.550003,0.181706
42.560001,0.1967069
42.570003,0.1714331
42.580002,0.1700227
42.59,0.1872904
42.600002,0.1883264
42.610001,0.2042542
42.620003,0.1834908
42.630001,0.1822614
42.640003,0.1873299
42.650001,0.186516
42.660004,0.1797518
42.670002,0.180458
42.68,0.1749668
42.690002,0.1896683
42.700001,0.1851573
42.710003,0.1778911
42.720001,0.1786233
42.730003,0.1860689
42.740002,0.1913179
42.750004,0.1774308
42.760002,0.1817456
42.77,0.1927825
42.780003,0.2041637
42.790001,0.202223
42.800003,0.2200082
42.810001,0.2049281
42.820003,0.2137399
42.830002,0.2055294
42.84,0.2057445
42.850002,0.1997521
42.860001,0.1808154
42.870003,0.16478
42.880001,0.1805978
42.890003,0.1806268
42.900001,0.1929712
42.910004,0.1819937
42.920002,0.1799501
42.93,0.1851235
42.940002,0.1822181
42.950001,0.1978601
42.960003,0.1898117
42.970001,0.1874982
42.980003,0.1936349
42.990002,0.1906319
43.000004,0.1948657
43.010002,0.1904141
43.02,0.1849776
43.030003,0.1712558
43.040001,0.2002161
43.050003,0.199969
43.060001,0.1947874
43.070003,0.2021559
43.080002,0.2025493
43.09,0.1937674
43.100002,0.1864537
43.110001,0.1878583
43.120003,0.1932889
43.130001,0.1857868
43.140003,0.1877287
43.150001,0.1927628
43.160004,0.1838349
43.170002,0.1805112
43.18,0.1926696
43.190002,0.17882
43.200001,0.1832773
43.210003,0.1884795
43.220001,0.1913757
43.230003,0.1872357
43.240002,0.1779519
43.250004,0.1944538
43.260002,0.1862965
43.27,0.2114374
43.280003,0.2036512
43.290001,0.1967784
43.300003,0.1776518
43.310001,0.1864029
43.320003,0.2021343
43.330002,0.1820854
43.34,0.1848977
43.350002,0.1848516
43.360001,0.1899926
43.370003,0.1884349
43.380001,0.1949582
43.390003,0.1951203
43.400001,0.195473
43.410004,0.1936798
43.420002,0.1919083
43.43,0.1805727
43.440002,0.1871444
43.450001,0.1869962
43.460003,0.1947887
43.470001,0.204973
43.480003,0.1951816
43.490002,0.1850001
43.500004,0.1816494
43.510002,0.185471
43.52,0.1805054
43.530003,0.1943513
43.540001,0.1966276
43.550003,0.1862487
43.560001,0.1844693
43.570003,0.1925339
43.580002,0.1897666
43.590004,0.1925713
43.600002,0.1905333
43.610001,0.1864996
43.620003,0.1843339
43.630001,0.1820044
43.640003,0.189683
43.650001,0.18682
43.660004,0.1959073
43.670002,0.2181592
43.68,0.1933391
43.690002,0.1883182
43.700001,0.1963458
43.710003,0.2038615
43.720001,0.2190757
43.730003,0.2079687
43.740002,0.1979079
43.750004,0.1803495
43.760002,0.189371
43.77,0.1890079
43.780003,0.1943389
43.790001,0.1894064
43.800003,0.1883134
43.810001,0.1834512
43.820003,0.1850468
43.830002,0.2025487
43.840004,0.1910098
43.850002,0.184458
43.860001,0.186006
43.870003,0.193027
43.880001,0.1956851
43.890003,0.1962691
43.900001,0.1983877
43.910004,0.1957744
43.920002,0.201389
43.93,0.1948866
43.940002,0.2112529
43.950001,0.2039332
43.960003,0.1878999
43.970001,0.1942625
43.980003,0.1935586
43.990002,0.1917371
44.000004,0.2037497
44.010002,0.2018388
44.02,0.2070939
44.030003,0.2072795
44.040001,0.2120298
44.050003,0.2138252
44.060001,0.2017093
44.070003,0.2126091
44.080002,0.1978379
44.090004,0.2026069
44.100002,0.2087059
44.110001,0.2006555
44.120003,0.1902005
44.130001,0.1964783
44.140003,0.2037183
44.150001,0.1883598
44.160004,0.19058
44.170002,0.2050381
44.18,0.1905006
44.190002,0.1863726
44.200001,0.1737701
44.210003,0.1896952
44.220001,0.1885374
44.230003,0.21467
44.240002,0.1934779
44.250004,0.1885692
44.260002,0.2011262
44.27,0.2082746
44.280003,0.2124036
44.290001,0.21058
44.300003,0.2092999
44.310001,0.2185283
44.320003,0.2195229
44.330002,0.2075575
44.340004,0.2054645
44.350002,0.1894374
44.360001,0.1787003
44.370003,0.1860844
44.380001,0.202278
44.390003,0.2145593
44.400001,0.2099184
44.410004,0.2061991
44.420002,0.1874864
44.43,0.1904701
44.440002,0.1843219
44.450001,0.1873042
44.460003,0.1829
44.470001,0.1827212
44.480003,0.1939928
44.490002,0.1917533
44.500004,0.1761109
44.510002,0.1925844
44.52,0.1954155
44.530003,0.1671664
44.540001,0.1761892
44.550003,0.1861488
44.560001,0.1940167
44.570003,0.1876044
44.580002,0.206308
44.590004,0.1959677
44.600002,0.1974531
44.610001,0.1906621
44.620003,0.1917979
44.630001,0.1877768
44.640003,0.2093546
44.650001,0.1996224
44.660004,0.1930528
44.670002,0.2015443
44.68,0.2019402
44.690002,0.1943193
44.700001,0.1898547
44.710003,0.190337
44.720001,0.1819913
44.730003,0.1893145
44.740002,0.1883675
44.750004,0.1788518
44.760002,0.1922291
44.77,0.1837734
44.780003,0.1836414
44.790001,0.1798419
44.800003,0.1888596
44.810001,0.1909006
44.820003,0.191465
44.830002,0.1767338
44.840004,0.1801962
44.850002,0.1877115
44.860001,0.1772891
44.870003,0.183908
44.880001,0.1733135
44.890003,0.1903276
44.900001,0.191326
44.910004,0.1854479
44.920002,0.1849322
44.93,0.1838281
44.940002,0.1905998
44.950001,0.1810363
44.960003,0.20238
44.970001,0.1964768
44.980003,0.1917837
44.990002,0.1935575
45.000004,0.1989434
45.010002,0.1863198
45.02,0.1951129
45.030003,0.2020661
45.040001,0.1901821
45.050003,0.1845987
45.060001,0.186995
45.070003,0.1928986
45.080002,0.1907005
45.090004,0.1931523
45.100002,0.1990175
45.110001,0.1901917
45.120003,0.1871711
45.130001,0.181597
45.140003,0.1762805
45.150001,0.1816289
45.160004,0.1833438
45.170002,0.1852675
45.18,0.1805255
45.190002,0.1757238
45.200001,0.1754472
45.210003,0.1764836
45.220001,0.1765011
45.230003,0.1907183
45.240002,0.1803478
45.250004,0.1726464
45.260002,0.1761014
45.27,0.1835409
45.280003,0.1773966
45.290001,0.1740153
45.300003,0.1685011
45.310001,0.1786036
45.320003,0.1764812
45.330002,0.1768748
45.340004,0.1776614
45.350002,0.1777486
45.360001,0.1697492
45.370003,0.1799653
45.380001,0.1702214
45.390003,0.1707666
45.400001,0.1700428
45.410004,0.1730743
45.420002,0.1866269
45.43,0.1784008
45.440002,0.184396
45.450001,0.1852317
45.460003,0.1969877
45.470001,0.1933562
45.480003,0.1750318
45.490002,0.1748447
45.500004,0.1800305
45.510002,0.1745506
45.52,0.179699
45.530003,0.1758859
45.540001,0.1795949
45.550003,0.1867121
45.560001,0.1835858
45.570003,0.1743306
45.580002,0.1798621
45.590004,0.1883024
45.600002,0.1845233
45.610001,0.1833073
45.620003,0.1793458
45.630001,0.1871076
45.640003,0.1917941
45.650001,0.1973947
45.660004,0.1795128
45.670002,0.1793699
45.68,0.1888412
45.690002,0.1797451
45.700001,0.1864899
45.710003,0.1938412
45.720001,0.1998057
45.730003,0.1937829
45.740002,0.1779246
45.750004,0.1804779
45.760002,0.1768915
45.77,0.1835677
45.780003,0.1743244
45.790001,0.1861691
45.800003,0.1850515
45.810001,0.1981531
45.820003,0.19489
45.830002,0.1955605
45.840004,0.2019656
45.850002,0.1938589
45.860001,0.179833
45.870003,0.1783514
45.880001,0.1824462
45.890003,0.1936709
45.900001,0.2110234
45.910004,0.1945212
45.920002,0.1856658
45.93,0.1895118
45.940002,0.1930636
45.950001,0.1989648
45.960003,0.1946348
45.970001,0.1868494
45.980003,0.1845549
45.990002,0.2068731
46.000004,0.1826181
46.010002,0.1985168
46.02,0.2035614
46.030003,0.2110878
46.040001,0.2083251
46.050003,0.1908523
46.060001,0.1981674
46.070003,0.2030329
46.080002,0.1971209
46.090004,0.2003428
46.100002,0.1996553
46.110001,0.1946778
46.120003,0.1978029
46.130001,0.1993179
46.140003,0.1950642
46.150001,0.1795851
46.160004,0.1962924
46.170002,0.1914805
46.18,0.1908515
46.190002,0.1989739
46.200001,0.2028106
46.210003,0.1897201
46.220001,0.1796366
46.230003,0.1910295
46.240002,0.2063582
46.250004,0.2092105
46.260002,0.199273
46.27,0.1956213
46.280003,0.2015116
46.290001,0.1990497
46.300003,0.198419
46.310001,0.1843663
46.320003,0.1926006
46.330002,0.1915622
46.340004,0.2058301
46.350002,0.1810272
46.360001,0.1844823
46.370003,0.1823661
46.380001,0.1825999
46.390003,0.1809443
46.400001,0.1789002
46.410004,0.1786838
46.420002,0.1863366
46.43,0.1834486
46.440002,0.1828645
46.450001,0.1762538
46.460003,0.1853402
46.470001,0.1863862
46.480003,0.1852901
46.490002,0.1810307
46.500004,0.1939676
46.510002,0.1851271
46.52,0.1907568
46.530003,0.1880479
46.540001,0.2015073
46.550003,0.1892956
46.560001,0.1908343
46.570003,0.1977407
46.580002,0.2003396
46.590004,0.206392
46.600002,0.2043904
46.610001,0.1876784
46.620003,0.1958589
46.630001,0.1809128
46.640003,0.1990593
46.650001,0.1871124
46.660004,0.1953187
46.670002,0.1918564
46.680004,0.1998587
46.690002,0.2048049
46.700001,0.2006615
46.710003,0.201977
46.720001,0.2036761
46.730003,0.1982367
46.740002,0.1808499
46.750004,0.1877408
46.760002,0.1856073
46.77,0.1775783
46.780003,0.1804387
46.790001,0.1933087
46.800003,0.1793664
46.810001,0.1966865
46.820003,0.1881413
46.830002,0.1789662
46.840004,0.1784207
46.850002,0.1762576
46.860001,0.192556
46.870003,0.1847978
46.880001,0.195242
46.890003,0.1897922
46.900001,0.2073297
46.910004,0.183151
46.920002,0.1993925
46.930004,0.2010927
46.940002,0.2012209
46.950001,0.1840454
46.960003,0.1974436
46.970001,0.1868049
46.980003,0.1874502
46.990002,0.1912966
47.000004,0.1865284
47.010002,0.1947465
47.02,0.2002602
47.030003,0.1995337
47.040001,0.2038828
47.050003,0.2088625
47.060001,0.1992526
47.070003,0.2047784
47.080002,0.195089
47.090004,0.2020235
47.100002,0.2021359
47.110001,0.1947284
47.120003,0.1937652
47.130001,0.1876771
47.140003,0.1947307
47.150001,0.1867109
47.160004,0.1919285
47.170002,0.1806522
47.180004,0.1906223
47.190002,0.1884822
47.200001,0.184532
47.210003,0.1992889
47.220001,0.2042609
47.230003,0.1905455
47.240002,0.201594
47.250004,0.2046031
47.260002,0.192877
47.27,0.1917463
47.280003,0.1819122
47.290001,0.1809481
47.300003,0.1886893
47.310001,0.2008354
47.320003,0.2056617
47.330002,0.2205706
47.340004,0.2038044
47.350002,0.1918715
47.360001,0.1847693
47.370003,0.1890369
47.380001,0.1914025
47.390003,0.1943353
47.400001,0.2027524
47.410004,0.1996656
47.420002,0.2046406
47.430004,0.1833384
47.440002,0.2049247
47.450001,0.1894358
47.460003,0.1957888
47.470001,0.1882823
47.480003,0.1916039
47.490002,0.2036977
47.500004,0.1965324
47.510002,0.1843646
47.52,0.1897189
47.530003,0.1843911
47.540001,0.191709
47.550003,0.2036171
47.560001,0.1855972
47.570003,0.2105676
47.580002,0.1969649
47.590004,0.1994808
47.600002,0.1823933
47.610001,0.1969925
47.620003,0.1886644
47.630001,0.1846559
47.640003,0.2065667
47.650001,0.1975631
47.660004,0.1966782
47.670002,0.1956037
47.680004,0.197062
47.690002,0.191643
47.700001,0.2021438
47.710003,0.2003939
47.720001,0.2053169
47.730003,0.1952935
47.740002,0.2045171
47.750004,0.2020767
47.760002,0.2073474
47.77,0.1915256
47.780003,0.1927275
47.790001,0.1934457
47.800003,0.2033291
47.810001,0.1973836
47.820003,0.2025012
47.830002,0.1974343
47.840004,0.2033959
47.850002,0.1898439
47.860001,0.200362
47.870003,0.1935241
47.880001,0.1963263
47.890003,0.1999064
47.900001,0.2065927
47.910004,0.1915615
47.920002,0.191702
47.930004,0.1970476
47.940002,0.1883864
47.950001,0.1921626
47.960003,0.1843008
47.970001,0.1909895
47.980003,0.1881833
47.990002,0.1815323
48.000004,0.1856498
48.010002,0.1866195
48.02,0.1935823
48.030003,0.2003179
48.040001,0.2030832
48.050003,0.2035386
48.060001,0.2083876
48.070003,0.2228835
48.080002,0.2121487
48.090004,0.2079471
48.100002,0.2033551
48.110001,0.1902349
48.120003,0.1970047
48.130001,0.2049728
48.140003,0.2031942
48.150001,0.1998502
48.160004,0.1962735
48.170002,0.2019259
48.180004,0.1989546
48.190002,0.1882302
48.200001,0.2071833
48.210003,0.1989516
48.220001,0.2098938
48.230003,0.2019289
48.240002,0.2114122
48.250004,0.2103614
48.260002,0.2138461
48.27,0.2056244
48.280003,0.1998297
48.290001,0.2088333
48.300003,0.1986089
48.310001,0.2001148
48.320003,0.2030893
48.330002,0.211615
48.340004,0.1942674
48.350002,0.1988991
48.360001,0.1890535
48.370003,0.1886139
48.380001,0.1824363
48.390003,0.1830345
48.400001,0.1857189
48.410004,0.184274
48.420002,0.181182
48.430004,0.1803204
48.440002,0.1919035
48.450001,0.1897941
48.460003,0.1790074
48.470001,0.1729518
48.480003,0.1828576
48.490002,0.2014087
48.500004,0.1789592
48.510002,0.1823648
48.52,0.1855199
48.530003,0.2006525
48.540001,0.182328
48.550003,0.1837758
48.560001,0.1815219
48.570003,0.1893793
48.580002,0.1872061
48.590004,0.193185
48.600002,0.1790396
48.610001,0.1836495
48.620003,0.1786022
48.630001,0.18043
48.640003,0.1748929
48.650001,0.1866058
48.660004,0.1759004
48.670002,0.1728422
48.680004,0.1851644
48.690002,0.17327
48.700001,0.1817444
48.710003,0.1897237
48.720001,0.1757476
48.730003,0.1834123
48.740002,0.1911205
48.750004,0.1891294
48.760002,0.1955018
48.77,0.1943894
48.780003,0.205536
48.790001,0.2102889
48.800003,0.1999388
48.810001,0.1784258
48.820003,0.1857555
48.830002,0.1865078
48.840004,0.1925395
48.850002,0.1914287
48.860001,0.1882883
48.870003,0.2011876
48.880001,0.1975773
48.890003,0.1881606
48.900001,0.1918274
48.910004,0.1891532
48.920002,0.1797937
48.930004,0.1980003
48.940002,0.1892451
48.950001,0.1946818
48.960003,0.1933499
48.970001,0.1848489
48.980003,0.1969791
48.990002,0.1977599
49.000004,0.1952401
49.010002,0.1900815
49.02,0.18458
49.030003,0.1917726
49.040001,0.1868279
49.050003,0.1908119
49.060001,0.1801056
49.070003,0.1856909
49.080002,0.1822205
49.090004,0.1859283
49.100002,0.1951631
49.110001,0.1976055
49.120003,0.1889252
49.130001,0.1950656
49.140003,0.1937369
49.150001,0.1994646
49.160004,0.1837
49.170002,0.1762276
49.180004,0.1870329
49.190002,0.1864135
49.200001,0.1770466
49.210003,0.1856805
49.220001,0.1732878
49.230003,0.1874498
49.240002,0.1773316
49.250004,0.1730801
49.260002,0.1799273
49.27,0.1781192
49.280003,0.1715468
49.290001,0.1809467
49.300003,0.1859524
49.310001,0.1812093
49.320003,0.2074006
49.330002,0.1908485
49.340004,0.1755676
49.350002,0.1680274
49.360001,0.1798549
49.370003,0.1552698
49.380001,0.1696386
49.390003,0.1529859
49.400001,0.1907252
49.410004,0.1641504
49.420002,0.1670598
49.430004,0.1443083
49.440002,0.1505805
49.450001,0.1535332
49.460003,0.128424
49.470001,0.1487273
49.480003,0.1681776
49.490002,0.1700426
49.500004,0.1581927
49.510002,0.158009
49.52,0.1501098
49.530003,0.1551143
49.540001,0.1669956
49.550003,0.1547927
49.560001,0.1530751
49.570003,0.1596449
49.580002,0.1452001
49.590004,0.1429775
49.600002,0.1422796
49.610001,0.1445092
49.620003,0.1440004
49.630001,0.1409814
49.640003,0.1475728
49.650001,0.1455683
49.660004,0.1562071
49.670002,0.1560566
49.680004,0.1688842
49.690002,0.1687883
49.700001,0.169325
49.710003,0.1504727
49.720001,0.1600599
49.730003,0.1561526
49.740002,0.1582091
49.750004,0.156389
49.760002,0.1654211
49.77,0.1638568
49.780003,0.1525782
49.790001,0.1655951
49.800003,0.1613033
49.810001,0.1619622
49.820003,0.1592634
49.830002,0.1540957
49.840004,0.1671458
49.850002,0.1693842
49.860001,0.1626408
49.870003,0.1791571
49.880001,0.1884556
49.890003,0.1803222
49.900001,0.18471
49.910004,0.1867206
49.920002,0.1805513
49.930004,0.1747259
49.940002,0.1846206
49.950001,0.1760909
49.960003,0.1744217
49.970001,0.1760427
49.980003,0.1660752
49.990002,0.1788415
50.000004,0.1674344
