0,18.893
0.01,18.206
0.02,18.704
0.03,19.559
0.04,19.967
0.05,19.134
0.06,19.567
0.07,19.365
0.08,19.969
0.09,19.993
0.1,19.502
0.11,19.638
0.12,19.306
0.13,19.658
0.14,19.588
0.15,20.314
0.16,20.241
0.17,20.799
0.18,19.302
0.19,19.503
0.2,19.723
0.21,19.734
0.22,19.688
0.23,19.509
0.24,18.884
0.25,19.508
0.26,19.154
0.27,20.215
0.28,19.923
0.29,19.607
0.3,19.847
0.31,20.353
0.32,19.446
0.33,20.492
0.34,20.329
0.35,20.461
0.36,19.266
0.37,19.545
0.38,18.91
0.39,19.845
0.4,19.656
0.41,19.575
0.42,19.346
0.43,19.28
0.44,19.39
0.45,19.402
0.46,19.948
0.47,19.754
0.48,20.159
0.49,20.035
0.5,19.763
0.51,20.112
0.52,19.906
0.53,20.328
0.54,19.574
0.55,19.842
0.56,19.594
0.57,19.251
0.58,19.56
0.59,19.384
0.6,20.415
0.61,20.173
0.62,19.547
0.63,20.097
0.64,19.739
0.65,20.215
0.66,20.963
0.67,19.672
0.68,20.764
0.69,20.465
0.7,20.128
0.71,20.503
0.72,20.53
0.73,19.518
0.74,20.604
0.75,19.619
0.76,19.857
0.77,20.957
0.78,20.435
0.79,19.898
0.8,20.389
0.81,20.32
0.82,20.05
0.83,18.862
0.84,19.225
0.85,19.658
0.86,19.567
0.87,19.21
0.88,19.87
0.89,19.969
0.9,19.97
0.91,19.582
0.92,19.715
0.93,19.293
0.94,18.66
0.95,18.608
0.96,18.615
0.97,18.328
0.98,19.124
0.99,18.079
1,18.071
1.01,18.753
1.02,18.719
1.03,18.785
1.04,18.313
1.05,18.459
1.06,18.104
1.07,17.771
1.08,18.432
1.09,18.566
1.1,18.022
1.11,18.88
1.12,18.285
1.13,18.177
1.14,18.402
1.15,19.078
1.16,18.373
1.17,18.756
1.18,18.646
1.19,18.317
1.2,18.206
1.21,18.838
1.22,18.81
1.23,18.633
1.24,19.156
1.25,19.198
1.26,18.723
1.27,19.126
1.28,18.475
1.29,18.959
1.3,19.373
1.31,18.725
1.32,18.674
1.33,18.075
1.34,18.856
1.35,18.708
1.36,18.668
1.37,17.919
1.38,18.71
1.39,19.013
1.4,18.528
1.41,18.89
1.42,19.286
1.43,19.097
1.44,19.33
1.45,19.028
1.46,19.14
1.47,19.236
1.48,19.226
1.49,19.916
1.5,19.431
1.51,19.175
1.52,18.646
1.53,19.024
1.54,18.591
1.55,18.967
1.56,18.299
1.57,18.952
1.58,19.228
1.59,18.152
1.6,18.834
1.61,18.202
1.62,17.086
1.63,18.544
1.64,18.75
1.65,19.044
1.66,19.773
1.67,18.716
1.68,19.611
1.69,19.265
1.7,18.102
1.71,18.301
1.72,18.903
1.73,18.514
1.74,19.411
1.75,18.99
1.76,18.241
1.77,18.99
1.78,19.176
1.79,18.091
1.8,19.548
1.81,18.332
1.82,18.438
1.83,19.292
1.84,18.134
1.85,18.839
1.86,18.299
1.87,18.136
1.88,19.371
1.89,18.238
1.9,18.55
1.91,17.889
1.92,19.066
1.93,18.482
1.94,19.109
1.95,19.159
1.96,18.97
1.97,18.784
1.98,18.606
1.99,18.429
2,19.003
2.01,19.443
2.02,19.469
2.03,19.448
2.04,18.707
2.05,19.271
2.06,19.099
2.07,19.374
2.08,18.752
2.09,19.133
2.1,18.518
2.11,19.037
2.12,18.915
2.13,18.756
2.14,18.39
2.15,18.349
2.16,17.945
2.17,18.179
2.18,17.435
2.19,18.339
2.2,19.215
2.21,18.284
2.22,18.72
2.23,18.784
2.24,17.942
2.25,18.412
2.26,19.337
2.27,19.097
2.28,18.934
2.29,18.342
2.3,18.737
2.31,19.018
2.32,18.634
2.33,18.534
2.34,18.672
2.35,18.477
2.36,19.282
2.37,18.101
2.38,18.03
2.39,17.994
2.4,17.716
2.41,18.575
2.42,18.883
2.43,18.523
2.44,17.808
2.45,17.426
2.46,17.759
2.47,17.794
2.48,18.321
2.49,18.312
2.5,18.087
2.51,18.089
2.52,17.99
2.53,17.829
2.54,18.177
2.55,18.634
2.56,18.921
2.57,18.291
2.58,17.873
2.59,19.129
2.6,17.961
2.61,18.975
2.62,18.321
2.63,18.289
2.64,18.254
2.65,18.288
2.66,18.972
2.67,19.551
2.68,18.491
2.69,18.545
2.7,19.106
2.71,19.009
2.72,18.558
2.73,19.66
2.74,19.342
2.75,19.851
2.76,20.023
2.77,19.498
2.78,19.594
2.79,18.397
2.8,19.25
2.81,18.631
2.82,18.885
2.83,19.081
2.84,19.135
2.85,19.109
2.86,19.593
2.87,19.872
2.88,18.777
2.89,20.019
2.9,19.425
2.91,19.016
2.92,19.609
2.93,18.817
2.94,19.423
2.95,18.911
2.96,18.863
2.97,18.877
2.98,18.119
2.99,18.238
3,18.197
3.01,19.011
3.02,18.559
3.03,19.362
3.04,19.827
3.05,19.146
3.06,18.333
3.07,19.312
3.08,18.55
3.09,19.121
3.1,18.813
3.11,18.278
3.12,18.665
3.13,18.095
3.14,19.027
3.15,18.742
3.16,19.303
3.17,18.599
3.18,18.814
3.19,19.927
3.2,19.24
3.21,20.114
3.22,19.889
3.23,19.678
3.24,19.717
3.25,19.672
3.26,18.897
3.27,18.836
3.28,18.83
3.29,19.191
3.3,18.442
3.31,19.104
3.32,18.946
3.33,19.167
3.34,19.168
3.35,18.256
3.36,19.038
3.37,19.495
3.38,18.521
3.39,19.476
3.4,19.126
3.41,18.477
3.42,19.007
3.43,19.967
3.44,18.82
3.45,18.622
3.46,19.014
3.47,18.93
3.48,18.858
3.49,18.645
3.5,18.366
3.51,18.988
3.52,19.151
3.53,18.166
3.54,18.916
3.55,18.346
3.56,18.696
3.57,19.052
3.58,19.935
3.59,18.338
3.6,19.002
3.61,18.961
3.62,18.609
3.63,19.183
3.64,19.148
3.65,18.725
3.66,18.39
3.67,18.92
3.68,18.49
3.69,18.473
3.7,18.333
3.71,18.512
3.72,17.76
3.73,18.575
3.74,18.212
3.75,18.195
3.76,17.98
3.77,18.489
3.78,18.469
3.79,18.921
3.8,18.416
3.81,18.259
3.82,18.693
3.83,19.439
3.84,18.683
3.85,19.469
3.86,18.285
3.87,18.358
3.88,18.372
3.89,18.393
3.9,17.919
3.91,18.128
3.92,17.929
3.93,18.451
3.94,18.502
3.95,18.578
3.96,18.832
3.97,18.192
3.98,18.65
3.99,18.88
4,18.012
4.01,18.124
4.02,18.717
4.03,17.916
4.04,19.249
4.05,18.563
4.06,18.781
4.07,17.606
4.08,18.764
4.09,18.715
4.1,18.727
4.11,19.323
4.12,18.647
4.13,19.238
4.14,19.639
4.15,19.054
4.16,18.624
4.17,18.417
4.18,18.638
4.19,18.98
4.2,18.141
4.21,18.925
4.22,19.284
4.23,18.673
4.24,17.965
4.25,18.999
4.26,18.976
4.27,18.538
4.28,18.847
4.29,18.139
4.3,18.787
4.31,18.951
4.32,19.053
4.33,18.601
4.34,19
4.35,18.811
4.36,19.175
4.37,18.941
4.38,18.874
4.39,18.723
4.4,19.53
4.41,19.014
4.42,18.475
4.43,18.99
4.44,18.74
4.45,18.846
4.46,19.498
4.47,18.792
4.48,19.134
4.49,18.865
4.5,18.425
4.51,18.947
4.52,18.689
4.53,18.705
4.54,18.846
4.55,19.006
4.56,19.159
4.57,19.3
4.58,18.7
4.59,19.395
4.6,18.257
4.61,18.632
4.62,19.813
4.63,19.258
4.64,19.431
4.65,18.772
4.66,18.357
4.67,18.807
4.68,18.987
4.69,18.667
4.7,19.242
4.71,18.88
4.72,19.17
4.73,19.253
4.74,18.679
4.75,19.482
4.76,18.689
4.77,18.691
4.78,18.078
4.79,17.982
4.8,18.757
4.81,18.834
4.82,18.662
4.83,18.784
4.84,18.956
4.85,19.457
4.86,19.74
4.87,18.428
4.88,18.679
4.89,17.981
4.9,19.131
4.91,18.722
4.92,18.338
4.93,18.872
4.94,18.287
4.95,18.73
4.96,17.98
4.97,18.783
4.98,19.488
4.99,18.994
5,18.805
5.01,17.492
5.02,19.263
5.03,19.31
5.04,18.56
5.05,19.022
5.06,19.136
5.07,18.182
5.08,19.376
5.09,18.097
5.1,18.98
5.11,18.812
5.12,18.203
5.13,18.441
5.14,18.962
5.15,18.866
5.16,19.123
5.17,18.385
5.18,19.025
5.19,18.918
5.2,19.166
5.21,19.189
5.22,18.287
5.23,18.916
5.24,18.45
5.25,19.132
5.26,18.464
5.27,18.31
5.28,18.639
5.29,19.57
5.3,18.555
5.31,18.929
5.32,19.407
5.33,19.079
5.34,19.273
5.35,18.56
5.36,18.757
5.37,18.776
5.38,18.199
5.39,18.982
5.4,18.427
5.41,18.355
5.42,18.059
5.43,18.655
5.44,19.375
5.45,18.945
5.46,18.146
5.47,18.463
5.48,17.8
5.49,17.981
5.5,18.233
5.51,17.875
5.52,18.038
5.53,17.775
5.54,18.285
5.55,18.144
5.56,18.091
5.57,18.815
5.58,17.391
5.59,18.137
5.6,18.128
5.61,18.549
5.62,19.037
5.63,18.054
5.64,18.369
5.65,18.919
5.66,17.565
5.67,18.496
5.68,18.008
5.69,18.183
5.7,19.169
5.71,18.677
5.72,19.003
5.73,18.454
5.74,19.207
5.75,19.012
5.76,19.681
5.77,18.159
5.78,18.711
5.79,19.251
5.8,18.912
5.81,17.974
5.82,18.802
5.83,18.917
5.84,18.564
5.85,17.747
5.86,17.445
5.87,18.512
5.88,18.447
5.89,18.623
5.9,18.491
5.91,18.879
5.92,18.921
5.93,19.034
5.94,19.999
5.95,18.961
5.96,18.663
5.97,20.023
5.98,18.893
5.99,19.112
6,18.448
6.01,19.314
6.02,18.907
6.03,19.252
6.04,17.974
6.05,19.979
6.06,18.648
6.07,18.809
6.08,19.249
6.09,18.836
6.1,18.515
6.11,18.721
6.12,18.136
6.13,18.688
6.14,19.374
6.15,18.653
6.16,18.708
6.17,18.374
6.18,18.569
6.19,17.489
6.2,18.592
6.21,18.636
6.22,18.127
6.23,18.98
6.24,19.162
6.25,17.93
6.26,18.571
6.27,19.064
6.28,18.218
6.29,18.882
6.3,17.479
6.31,18.762
6.32,18.436
6.33,18.902
6.34,19.629
6.35,18.311
6.36,19.396
6.37,19.783
6.38,18.896
6.39,18.079
6.4,18.948
6.41,18.933
6.42,19.085
6.43,18.524
6.44,17.895
6.45,18.331
6.46,18.168
6.47,17.515
6.48,18.343
6.49,18.672
6.5,18.916
6.51,18.391
6.52,18.623
6.53,19.241
6.54,19.103
6.55,18.577
6.56,19.242
6.57,19.094
6.58,19.23
6.59,18.562
6.6,18.947
6.61,18.655
6.62,18.267
6.63,18.964
6.64,19.3
6.65,18.615
6.66,19.201
6.67,18.484
6.68,19.128
6.69,19.344
6.7,18.568
6.71,18.172
6.72,17.864
6.73,18.41
6.74,18.891
6.75,18.351
6.76,18.752
6.77,17.554
6.78,18.982
6.79,18.65
6.8,18.573
6.81,18.832
6.82,18.904
6.83,18.027
6.84,19.017
6.85,18.99
6.86,18.602
6.87,18.354
6.88,18.673
6.89,18.162
6.9,18.633
6.91,18.334
6.92,18.457
6.93,17.997
6.94,18.514
6.95,19.073
6.96,18.493
6.97,18.942
6.98,18.702
6.99,18.85
7,18.764
7.01,19.383
7.02,18.931
7.03,18.871
7.04,18.982
7.05,18.594
7.06,18.576
7.07,17.809
7.08,18.699
7.09,18.469
7.1,18.888
7.11,18.583
7.12,19.173
7.13,18.515
7.14,18.363
7.15,18.073
7.16,18.766
7.17,18.534
7.18,18.789
7.19,19.129
7.2,18.069
7.21,18.519
7.22,18.311
7.23,18.365
7.24,18.891
7.25,18.706
7.26,18.979
7.27,19.161
7.28,18.82
7.29,18.733
7.3,17.947
7.31,18.293
7.32,18.414
7.33,19.295
7.34,18.198
7.35,18.721
7.36,19.117
7.37,19.183
7.38,18.605
7.39,18.841
7.4,19.556
7.41,19.281
7.42,19.027
7.43,18.99
7.44,18.474
7.45,18.928
7.46,18.25
7.47,18.492
7.48,18.553
7.49,18.754
7.5,19.703
7.51,19.886
7.52,18.696
7.53,18.647
7.54,19.587
7.55,19.234
7.56,19.228
7.57,19.478
7.58,18.786
7.59,19.138
7.6,19.321
7.61,19.389
7.62,20.035
7.63,19.323
7.64,18.972
7.65,18.655
7.66,19.485
7.67,19.28
7.68,19.655
7.69,19.017
7.7,19.327
7.71,19.049
7.72,19.712
7.73,20.236
7.74,19.339
7.75,18.447
7.76,19.166
7.77,19.251
7.78,19.512
7.79,19.412
7.8,19.593
7.81,19.977
7.82,19.806
7.83,18.384
7.84,19.488
7.85,19.036
7.86,19.907
7.87,19.395
7.88,17.835
7.89,19.248
7.9,18.626
7.91,18.774
7.92,19.101
7.93,19.03
7.94,18.691
7.95,19.426
7.96,19.604
7.97,19.428
7.98,19.246
7.99,19.031
8,19.198
8.01,19.592
8.02,19.07
8.03,19.174
8.04,19.078
8.05,19.887
8.06,19.997
8.07,19.814
8.08,19.076
8.09,19.144
8.1,19.56
8.11,19.147
8.12,19.048
8.13,19.135
8.14,18.867
8.15,19.248
8.16,19.055
8.17,20.075
8.18,19.437
8.19,19.715
8.2,19.268
8.21,18.489
8.22,18.765
8.23,18.011
8.24,18.309
8.25,18.531
8.26,18.42
8.27,18.756
8.28,18.66
8.29,18.606
8.3,18.292
8.31,19.352
8.32,18.603
8.33,19.44
8.34,19.914
8.35,19.881
8.36,18.541
8.37,19.827
8.38,19.233
8.39,19.246
8.4,18.855
8.41,18.449
8.42,18.562
8.43,18.804
8.44,19.004
8.45,18.775
8.46,18.622
8.47,18.618
8.48,18.812
8.49,18.936
8.5,18.277
8.51,19.224
8.52,19.44
8.53,18.54
8.54,18.342
8.55,19.217
8.56,19.725
8.57,19.155
8.58,19.504
8.59,19.386
8.6,18.721
8.61,18.887
8.62,18.985
8.63,18.924
8.64,19.124
8.65,18.98
8.66,19.836
8.67,18.936
8.68,18.575
8.69,18.799
8.7,19.135
8.71,18.31
8.72,18.903
8.73,20.189
8.74,19.454
8.75,18.97
8.76,18.765
8.77,19.245
8.78,19.823
8.79,19.841
8.8,19.374
8.81,19.727
8.82,19.664
8.83,19.604
8.84,19.194
8.85,18.429
8.86,19.761
8.87,18.807
8.88,19.595
8.89,19.789
8.9,19.971
8.91,18.892
8.92,19.884
8.93,19.488
8.94,19.51
8.95,19.604
8.96,19.504
8.97,19.589
8.98,19.429
8.99,19.557
9,19.029
9.01,19.806
9.02,18.682
9.03,19.542
9.04,19.8
9.05,18.878
9.06,19.683
9.07,19.215
9.08,19.353
9.09,19.466
9.1,19.895
9.11,19.807
9.12,20.313
9.13,19.525
9.14,19.124
9.15,19.392
9.16,18.908
9.17,19.654
9.18,19.574
9.19,19.194
9.2,18.332
9.21,19.158
9.22,19.046
9.23,18.552
9.24,18.094
9.25,18.506
9.26,18.978
9.27,18.76
9.28,18.149
9.29,19.427
9.3,18.624
9.31,18.749
9.32,19.147
9.33,19.341
9.34,19.11
9.35,19.391
9.36,19.374
9.37,19.379
9.38,19.582
9.39,19.43
9.4,19.297
9.41,19.532
9.42,19.234
9.43,19.025
9.44,19.164
9.45,19.362
9.46,19.63
9.47,19.18
9.48,19.522
9.49,18.989
9.5,19.247
9.51,19.48
9.52,18.395
9.53,18.228
9.54,19.143
9.55,18.314
9.56,18.967
9.57,18.341
9.58,18.17
9.59,18.373
9.6,19.397
9.61,18.811
9.62,19.099
9.63,18.6
9.64,18.365
9.65,18.964
9.66,19.488
9.67,18.406
9.68,18.489
9.69,20.024
9.7,19.512
9.71,19.109
9.72,19.222
9.73,19.319
9.74,19.64
9.75,18.682
9.76,19.17
9.77,17.934
9.78,19.065
9.79,18.797
9.8,19.315
9.81,18.266
9.82,19.346
9.83,18.657
9.84,18.763
9.85,18.684
9.86,18.744
9.87,18.445
9.88,18.377
9.89,18.524
9.9,18.665
9.91,18.819
9.92,18.517
9.93,18.665
9.94,19.238
9.95,19.774
9.96,19.337
9.97,19.276
9.98,18.98
9.99,18.647
10,18.493
10.01,19.373
10.02,18.398
10.03,18.756
10.04,18.391
10.05,18.853
10.06,19.482
10.07,18.716
10.08,19.513
10.09,19.068
10.1,18.64
10.11,18.523
10.12,19.153
10.13,18.817
10.14,19.164
10.15,19.258
10.16,19.105
10.17,18.997
10.18,19.518
10.19,18.995
10.2,18.848
10.21,18.777
10.22,18.776
10.23,19.01
10.24,19.446
10.25,18.435
10.26,18.424
10.27,18.869
10.28,19.388
10.29,18.43
10.3,19.09
10.31,18.233
10.32,18.992
10.33,19.101
10.34,18.447
10.35,18.827
10.36,18.684
10.37,18.269
10.38,18.484
10.39,18.886
10.4,19.298
10.41,19.887
10.42,19.624
10.43,19.214
10.44,19.608
10.45,19.79
10.46,19.775
10.47,19.649
10.48,19.262
10.49,19.871
10.5,20.141
10.51,19.186
10.52,19.982
10.53,19.252
10.54,19.681
10.55,19.422
10.56,19.843
10.57,19.769
10.58,19.379
10.59,19.439
10.6,20.097
10.61,19.745
10.62,20.413
10.63,19.776
10.64,19.236
10.65,18.354
10.66,19.34
10.67,19.932
10.68,20.123
10.69,20.127
10.7,19.73
10.71,19.877
10.72,20.352
10.73,20.312
10.74,19.532
10.75,20.1
10.76,19.323
10.77,20.97
10.78,19.723
10.79,20.41
10.8,20.503
10.81,20.483
10.82,20.45
10.83,20.239
10.84,18.969
10.85,19.304
10.86,19.403
10.87,19.917
10.88,19.87
10.89,20.058
10.9,19.564
10.91,18.489
10.92,18.829
10.93,19.57
10.94,19.08
10.95,19.326
10.96,19.032
10.97,18.339
10.98,19.669
10.99,18.999
11,19.079
11.01,18.783
11.02,18.299
11.03,18.796
11.04,19.173
11.05,18.748
11.06,19.357
11.07,19.067
11.08,19.586
11.09,19.049
11.1,19.558
11.11,19.897
11.12,19.395
11.13,19.53
11.14,19.29
11.15,19.451
11.16,18.24
11.17,18.594
11.18,19.23
11.19,18.273
11.2,18.159
11.21,19.664
11.22,18.683
11.23,18.547
11.24,19.191
11.25,19.293
11.26,18.712
11.27,19.055
11.28,19.841
11.29,18.891
11.3,18.966
11.31,19.691
11.32,18.89
11.33,18.348
11.34,19.163
11.35,18.975
11.36,19.355
11.37,18.603
11.38,19.107
11.39,19.029
11.4,19.134
11.41,19.513
11.42,18.976
11.43,18.487
11.44,18.85
11.45,18.485
11.46,19.495
11.47,18.791
11.48,19.31
11.49,18.886
11.5,18.83
11.51,19.201
11.52,19.215
11.53,18.788
11.54,19.071
11.55,19.39
11.56,18.804
11.57,18.953
11.58,19.045
11.59,18.672
11.6,19.423
11.61,19.299
11.62,19.153
11.63,18.655
11.64,18.505
11.65,18.903
11.66,18.607
11.67,19.647
11.68,18.765
11.69,18.439
11.7,18.836
11.71,19.119
11.72,18.624
11.73,18.632
11.74,18.536
11.75,18.72
11.76,19.087
11.77,18.475
11.78,19.032
11.79,18.549
11.8,18.743
11.81,18.189
11.82,18.676
11.83,18.656
11.84,18.69
11.85,19.382
11.86,18.404
11.87,18.748
11.88,19.454
11.89,18.514
11.9,19.356
11.91,18.809
11.92,18.434
11.93,18.58
11.94,18.611
11.95,18.318
11.96,18.078
11.97,18.218
11.98,18.412
11.99,18.553
12,18.121
12.01,17.895
12.02,18.517
12.03,18.728
12.04,18.379
12.05,19.006
12.06,17.665
12.07,17.472
12.08,17.952
12.09,18.655
12.1,18.599
12.11,17.881
12.12,18.661
12.13,18.545
12.14,17.883
12.15,18.424
12.16,18.022
12.17,17.476
12.18,18.194
12.19,17.796
12.2,17.74
12.21,19.06
12.22,17.956
12.23,17.824
12.24,17.725
12.25,17.532
12.26,18.09
12.27,18.631
12.28,17.887
12.29,17.721
12.3,18.223
12.31,18.936
12.32,18.418
12.33,19.713
12.34,19.16
12.35,18.915
12.36,19.098
12.37,19.4
12.38,18.186
12.39,19.024
12.4,18.875
12.41,18.79
12.42,19.084
12.43,18.892
12.44,19.019
12.45,19.445
12.46,18.236
12.47,19.31
12.48,19.554
12.49,18.958
12.5,19.01
12.51,18.431
12.52,19.574
12.53,18.977
12.54,19.552
12.55,18.907
12.56,18.92
12.57,18.786
12.58,18.701
12.59,19.187
12.6,19.811
12.61,20.178
12.62,19.557
12.63,19.669
12.64,19.246
12.65,19.736
12.66,19.625
12.67,19.275
12.68,19.35
12.69,19.354
12.7,19.558
12.71,18.664
12.72,18.486
12.73,18.79
12.74,19.87
12.75,18.915
12.76,19.382
12.77,18.663
12.78,18.917
12.79,19.077
12.8,19.629
12.81,19.212
12.82,18.789
12.83,18.872
12.84,18.872
12.85,19.382
12.86,19.097
12.87,18.622
12.88,19.037
12.89,18.57
12.9,18.876
12.91,18.825
12.92,18.998
12.93,19.149
12.94,18.479
12.95,18.508
12.96,18.967
12.97,18.611
12.98,18.294
12.99,18.241
13,19.284
13.01,18.711
13.02,19.529
13.03,19.821
13.04,19.414
13.05,18.93
13.06,18.727
13.07,18.312
13.08,18.363
13.09,19.685
13.1,18.734
13.11,19.461
13.12,18.787
13.13,19.081
13.14,19.449
13.15,18.99
13.16,18.82
13.17,19.321
13.18,18.679
13.19,18.569
13.2,17.788
13.21,18.957
13.22,19.289
13.23,18.884
13.24,19.082
13.25,18.892
13.26,19.39
13.27,18.806
13.28,19.122
13.29,18.619
13.3,18.988
13.31,19.004
13.32,19.492
13.33,18.825
13.34,18.933
13.35,19.227
13.36,18.07
13.37,18.233
13.38,18.565
13.39,18.178
13.4,18.543
13.41,18.918
13.42,18.766
13.43,18.166
13.44,18.232
13.45,18.16
13.46,18.304
13.47,18.36
13.48,18.719
13.49,19.171
13.5,19.048
13.51,18.795
13.52,18.299
13.53,18.669
13.54,18.946
13.55,18.763
13.56,18.841
13.57,19.483
13.58,19.554
13.59,18.803
13.6,19.205
13.61,19.367
13.62,18.623
13.63,19.402
13.64,19.703
13.65,19.57
13.66,19.534
13.67,18.979
13.68,19.001
13.69,18.998
13.7,19.047
13.71,19.861
13.72,19.595
13.73,19.942
13.74,19.58
13.75,19.594
13.76,19.21
13.77,19.382
13.78,18.754
13.79,18.655
13.8,18.785
13.81,18.631
13.82,18.685
13.83,19.098
13.84,18.813
13.85,19.031
13.86,18.447
13.87,19.028
13.88,19.265
13.89,20.466
13.9,18.877
13.91,18.42
13.92,19.081
13.93,18.751
13.94,18.36
13.95,19.29
13.96,19.434
13.97,17.95
13.98,19.84
13.99,18.854
14,18.93
14.01,18.754
14.02,18.07
14.03,19.967
14.04,19.008
14.05,18.898
14.06,18.483
14.07,18.714
14.08,18.424
14.09,17.46
14.1,17.77
14.11,18.25
14.12,18.349
14.13,19.058
14.14,19.164
14.15,18.935
14.16,18.918
14.17,18.965
14.18,19.092
14.19,18.963
14.2,19.547
14.21,18.821
14.22,19.093
14.23,18.53
14.24,19
14.25,18.296
14.26,18.488
14.27,18.682
14.28,19.259
14.29,19.076
14.3,18.571
14.31,19.275
14.32,19.438
14.33,18.98
14.34,19.931
14.35,18.945
14.36,19.097
14.37,19.406
14.38,18.856
14.39,19.546
14.4,19.305
14.41,19.217
14.42,18.351
14.43,19.398
14.44,18.769
14.45,19.235
14.46,19.721
14.47,18.163
14.48,18.808
14.49,18.9
14.5,18.427
14.51,18.956
14.52,18.396
14.53,18.582
14.54,19.779
14.55,19.199
14.56,19.159
14.57,19.169
14.58,18.622
14.59,19.132
14.6,19.194
14.61,18.921
14.62,19.236
14.63,19.693
14.64,19.381
14.65,18.471
14.66,18.443
14.67,18.506
14.68,19.067
14.69,18.793
14.7,18.855
14.71,18.735
14.72,18.478
14.73,18.752
14.74,19.218
14.75,18.989
14.76,18.352
14.77,19.51
14.78,19.144
14.79,18.764
14.8,19.622
14.81,18.446
14.82,19.349
14.83,18.369
14.84,18.758
14.85,18.98
14.86,18.956
14.87,19.09
14.88,19.101
14.89,19.454
14.9,18.51
14.91,18.527
14.92,20.134
14.93,18.515
14.94,19.404
14.95,19.165
14.96,18.85
14.97,18.004
14.98,18.824
14.99,19.201
15,18.576
15.01,18.266
15.02,19.21
15.03,18.339
15.04,19.747
15.05,18.661
15.06,18.471
15.07,19.163
15.08,19.214
15.09,18.373
15.1,18.666
15.11,18.642
15.12,18.728
15.13,19.137
15.14,18.973
15.15,18.901
15.16,18.434
15.17,18.529
15.18,18.799
15.19,19.338
15.2,19.326
15.21,19.095
15.22,18.297
15.23,18.31
15.24,18.675
15.25,18.978
15.26,18.713
15.27,19.255
15.28,18.124
15.29,18.776
15.3,18.284
15.31,18.73
15.32,18.562
15.33,19.003
15.34,18.458
15.35,17.932
15.36,19.21
15.37,18.536
15.38,18.869
15.39,18.782
15.4,19.264
15.41,18.714
15.42,18.232
15.43,18.307
15.44,18.36
15.45,18.705
15.46,18.601
15.47,18.256
15.48,18.925
15.49,18.828
15.5,18.602
15.51,19.141
15.52,18.658
15.53,19.061
15.54,18.615
15.55,17.791
15.56,18.691
15.57,18.168
15.58,18.232
15.59,18.84
15.6,18.162
15.61,18.625
15.62,17.947
15.63,18.387
15.64,18.373
15.65,18.234
15.66,18.701
15.67,18.985
15.68,18.926
15.69,18.851
15.7,18.214
15.71,17.794
15.72,18.69
15.73,18.58
15.74,18.386
15.75,18.364
15.76,19.43
15.77,18.731
15.78,17.842
15.79,18.166
15.8,18.79
15.81,19.335
15.82,18.817
15.83,18.062
15.84,18.318
15.85,17.884
15.86,18.932
15.87,19.168
15.88,19.229
15.89,19.488
15.9,18.621
15.91,18.755
15.92,17.623
15.93,18.393
15.94,18.155
15.95,18.549
15.96,18.582
15.97,18.531
15.98,18.663
15.99,17.769
16,18.372
16.01,18.776
16.02,19.128
16.03,18.879
16.04,18.272
16.05,18.524
16.06,18.743
16.07,18.425
16.08,18.639
16.09,18.628
16.1,18.169
16.11,18.343
16.12,18.446
16.13,18.003
16.14,17.997
16.15,17.522
16.16,18.314
16.17,18.151
16.18,18.396
16.19,18.316
16.2,18.427
16.21,18.727
16.22,18.492
16.23,19.078
16.24,19.072
16.25,18.682
16.26,19.661
16.27,19.551
16.28,19
16.29,19.166
16.3,19.783
16.31,19.184
16.32,18.913
16.33,19.7
16.34,18.631
16.35,18.984
16.36,18.427
16.37,18.492
16.38,18.406
16.39,19.022
16.4,19.224
16.41,19.133
16.42,17.797
16.43,17.717
16.44,18.201
16.45,18.588
16.46,18.024
16.47,18.488
16.48,18.815
16.49,18.721
16.5,18.778
16.51,19.286
16.52,18.486
16.53,20.344
16.54,18.832
16.55,18.967
16.56,19.371
16.57,19.446
16.58,18.716
16.59,19.593
16.6,18.967
16.61,18.808
16.62,17.709
16.63,18.992
16.64,19.389
16.65,18.502
16.66,19.167
16.67,17.906
16.68,19.243
16.69,18.284
16.7,18.555
16.71,18.745
16.72,18.793
16.73,18.586
16.74,18.57
16.75,18.565
16.76,18.51
16.77,19.281
16.78,18.72
16.79,17.867
16.8,18.598
16.81,18.795
16.82,18.932
16.83,19.491
16.84,19.467
16.85,19.099
16.86,18.332
16.87,19.308
16.88,18.61
16.89,18.667
16.9,18.399
16.91,19.077
16.92,19.104
16.93,19.308
16.94,19.015
16.95,19.442
16.96,19.153
16.97,19.17
16.98,19.522
16.99,19.558
17,18.425
17.01,18.395
17.02,18.45
17.03,19.018
17.04,19.043
17.05,18.997
17.06,18.897
17.07,19.267
17.08,18.89
17.09,18.939
17.1,18.758
17.11,19.659
17.12,19.62
17.13,18.971
17.14,19.032
17.15,18.861
17.16,18.73
17.17,18.405
17.18,18.752
17.19,18.722
17.2,18.862
17.21,18.701
17.22,18.925
17.23,19.348
17.24,18.407
17.25,19.151
17.26,18.694
17.27,18.665
17.28,18.688
17.29,19.109
17.3,17.826
17.31,18.735
17.32,19.332
17.33,18.539
17.34,19.28
17.35,17.786
17.36,18.819
17.37,17.963
17.38,19.08
17.39,19.082
17.4,19.026
17.41,18.325
17.42,18.91
17.43,18.868
17.44,18.413
17.45,17.334
17.46,19.267
17.47,18.888
17.48,18.882
17.49,18.181
17.5,19.082
17.51,18.749
17.52,19.375
17.53,19.074
17.54,19.213
17.55,18.795
17.56,19.174
17.57,19.457
17.58,18.478
17.59,19.004
17.6,18.903
17.61,19.461
17.62,18.904
17.63,19.173
17.64,19.197
17.65,18.35
17.66,19.482
17.67,18.836
17.68,18.941
17.69,18.648
17.7,19.68
17.71,19.357
17.72,19.451
17.73,18.925
17.74,19.354
17.75,18.837
17.76,19.595
17.77,19.543
17.78,20.092
17.79,20.185
17.8,19.498
17.81,18.82
17.82,19.034
17.83,19.133
17.84,19.136
17.85,19.805
17.86,18.963
17.87,19.654
17.88,19.042
17.89,19.103
17.9,19.152
17.91,19.192
17.92,19.433
17.93,19.094
17.94,18.848
17.95,19.657
17.96,19.558
17.97,19.856
17.98,18.833
17.99,19.373
18,19.398
18.01,19.372
18.02,19.876
18.03,19.189
18.04,19.377
18.05,19.447
18.06,18.73
18.07,19.548
18.08,19.52
18.09,19.623
18.1,19.639
18.11,19.202
18.12,19.504
18.13,19.639
18.14,19.635
18.15,18.5
18.16,18.859
18.17,20.119
18.18,18.928
18.19,19.3
18.2,19.129
18.21,19.704
18.22,19.474
18.23,20.197
18.24,19.932
18.25,19.787
18.26,19.615
18.27,19.706
18.28,19.415
18.29,20.092
18.3,19.153
18.31,19.349
18.32,19.293
18.33,19.195
18.34,18.501
18.35,19.44
18.36,19.093
18.37,19.466
18.38,18.538
18.39,19.411
18.4,19.29
18.41,18.778
18.42,19.825
18.43,19.337
18.44,19.457
18.45,19.036
18.46,20.008
18.47,19.771
18.48,19.866
18.49,19.051
18.5,20.199
18.51,18.925
18.52,19.279
18.53,19.976
18.54,18.599
18.55,19.362
18.56,19.3
18.57,19.889
18.58,18.713
18.59,18.462
18.6,19.081
18.61,19.907
18.62,19.251
18.63,19.511
18.64,18.511
18.65,18.243
18.66,18.83
18.67,19.292
18.68,19.344
18.69,18.243
18.7,18.9
18.71,18.544
18.72,18.187
18.73,18.515
18.74,18.984
18.75,19.508
18.76,18.655
18.77,17.998
18.78,17.889
18.79,18.584
18.8,18.699
18.81,18.748
18.82,19.043
18.83,18.94
18.84,18.503
18.85,18.549
18.86,19.087
18.87,19.09
18.88,19.538
18.89,18.252
18.9,18.625
18.91,18.975
18.92,19.233
18.93,18.924
18.94,19.371
18.95,18.682
18.96,18.803
18.97,18.413
18.98,18.632
18.99,18.941
19,19.075
19.01,18.621
19.02,18.537
19.03,19.42
19.04,18.647
19.05,19.694
19.06,18.9
19.07,19.609
19.08,18.742
19.09,19.309
19.1,18.792
19.11,18.634
19.12,18.138
19.13,18.436
19.14,18.621
19.15,18.225
19.16,18.336
19.17,19.06
19.18,18.437
19.19,17.977
19.2,18.69
19.21,18.777
19.22,18.131
19.23,18.488
19.24,18.871
19.25,19.039
19.26,19.102
19.27,19.858
19.28,18.978
19.29,19.756
19.3,18.914
19.31,18.461
19.32,19.842
19.33,19.032
19.34,19.135
19.35,18.833
19.36,19.206
19.37,18.941
19.38,18.54
19.39,18.626
19.4,19.628
19.41,18.937
19.42,18.776
19.43,18.737
19.44,19.754
19.45,19.291
19.46,18.683
19.47,18.89
19.48,19.671
19.49,19.234
19.5,18.669
19.51,18.743
19.52,18.867
19.53,19.481
19.54,19.004
19.55,18.558
19.56,19.017
19.57,18.805
19.58,19.186
19.59,19.367
19.6,18.876
19.61,18.717
19.62,19.399
19.63,19.222
19.64,18.642
19.65,18.797
19.66,18.527
19.67,18.936
19.68,19.1
19.69,20.233
19.7,19.211
19.71,19.332
19.72,19.09
19.73,19.271
19.74,18.49
19.75,18.966
19.76,19.234
19.77,18.929
19.78,18.281
19.79,18.488
19.8,19.429
19.81,18.776
19.82,19.172
19.83,18.923
19.84,20.174
19.85,18.668
19.86,19.269
19.87,19.677
19.88,19.471
19.89,18.891
19.9,18.331
19.91,18.969
19.92,19.085
19.93,19.384
19.94,18.807
19.95,18.265
19.96,19.053
19.97,19.005
19.98,19.871
19.99,19.18
20,19.435
20.01,20.206
20.02,19.279
20.03,19.071
20.04,18.972
20.05,19.846
20.06,19.972
20.07,18.935
20.08,18.683
20.09,18.664
20.1,18.821
20.11,19.353
20.12,18.52
20.13,18.27
20.14,19.128
20.15,18.601
20.16,18.636
20.17,18.635
20.18,18.473
20.19,18.619
20.2,18.209
20.21,18.168
20.22,19.143
20.23,19.35
20.24,19.253
20.25,19.438
20.26,18.944
20.27,18.908
20.28,19.24
20.29,18.551
20.3,18.813
20.31,18.599
20.32,18.894
20.33,18.318
20.34,18.765
20.35,18.419
20.36,17.992
20.37,18.534
20.38,18.53
20.39,18.606
20.4,19.508
20.41,18.221
20.42,18.752
20.43,18.854
20.44,18.506
20.45,19.268
20.46,18.605
20.47,18.763
20.48,18.131
20.49,19.101
20.5,18.799
20.51,18.601
20.52,18.31
20.53,18.678
20.54,19.401
20.55,19.075
20.56,19.244
20.57,19.471
20.58,18.806
20.59,19.766
20.6,18.759
20.61,18.359
20.62,18.743
20.63,18.807
20.64,19.108
20.65,18.865
20.66,18.475
20.67,19.094
20.68,18.655
20.69,18.856
20.7,18.467
20.71,18.925
20.72,19.035
20.73,19.85
20.74,18.756
20.75,19.393
20.76,19.501
20.77,19.039
20.78,19.257
20.79,19.276
20.8,18.768
20.81,18.877
20.82,18.44
20.83,18.19
20.84,18.802
20.85,18.782
20.86,18.81
20.87,18.452
20.88,18.599
20.89,18.41
20.9,19.405
20.91,18.471
20.92,18.315
20.93,18.864
20.94,18.375
20.95,19.385
20.96,19.035
20.97,18.733
20.98,18.297
20.99,19.138
21,18.787
21.01,19.224
21.02,19.339
21.03,19.839
21.04,19.757
21.05,19.033
21.06,19.653
21.07,19.232
21.08,19.34
21.09,19.089
21.1,18.76
21.11,18.815
21.12,18.409
21.13,18.704
21.14,18.744
21.15,18.204
21.16,18.584
21.17,19.415
21.18,19.294
21.19,19.19
21.2,18.852
21.21,18.924
21.22,18.057
21.23,18.846
21.24,18.47
21.25,18.56
21.26,18.083
21.27,18.951
21.28,18.272
21.29,18.697
21.3,19.014
21.31,18.837
21.32,18.843
21.33,17.677
21.34,18.764
21.35,18.396
21.36,18.244
21.37,17.787
21.38,18.795
21.39,17.697
21.4,18.716
21.41,18.677
21.42,18.64
21.43,19.263
21.44,18.813
21.45,18.693
21.46,17.931
21.47,18.613
21.48,18.688
21.49,19.022
21.5,19.208
21.51,18.134
21.52,18.897
21.53,19.295
21.54,18.763
21.55,19.078
21.56,19.269
21.57,18.757
21.58,18.797
21.59,19.091
21.6,18.548
21.61,19.009
21.62,18.943
21.63,19.056
21.64,18.676
21.65,18.296
21.66,18.762
21.67,18.651
21.68,18.987
21.69,19.562
21.7,19.456
21.71,19.161
21.72,19.163
21.73,18.326
21.74,19.304
21.75,18.846
21.76,18.647
21.77,18.734
21.78,19.009
21.79,19.098
21.8,18.016
21.81,19.005
21.82,19.136
21.83,19.356
21.84,17.982
21.85,18.72
21.86,18.439
21.87,18.502
21.88,18.091
21.89,18.831
21.9,19.639
21.91,18.619
21.92,18.7
21.93,19.727
21.94,18.709
21.95,19.74
21.96,19.482
21.97,19.885
21.98,19.614
21.99,19.729
22,19.531
22.01,18.575
22.02,19.227
22.03,18.941
22.04,19.01
22.05,19.424
22.06,18.998
22.07,18.955
22.08,19.356
22.09,19.347
22.1,18.609
22.11,19.04
22.12,18.803
22.13,19.206
22.14,18.417
22.15,18.382
22.16,19.017
22.17,18.924
22.18,18.896
22.19,18.696
22.2,18.775
22.21,18.58
22.22,19.492
22.23,18.899
22.24,18.341
22.25,17.986
22.26,18.432
22.27,18.87
22.28,18.113
22.29,17.87
22.3,18.101
22.31,18.327
22.32,18.977
22.33,17.99
22.34,19.043
22.35,19.914
22.36,19.204
22.37,19.16
22.38,18.651
22.39,18.447
22.4,19.484
22.41,18.912
22.42,18.777
22.43,18.328
22.44,19.303
22.45,18.375
22.46,17.867
22.47,18.51
22.48,17.765
22.49,18.956
22.5,18.119
22.51,18.512
22.52,19.132
22.53,19.091
22.54,18.655
22.55,18.592
22.56,18.714
22.57,19.609
22.58,19.22
22.59,19.451
22.6,18.622
22.61,18.6
22.62,18.566
22.63,19.801
22.64,19.794
22.65,19.098
22.66,20.312
22.67,19.066
22.68,19.062
22.69,18.277
22.7,18.738
22.71,19.155
22.72,18.939
22.73,19.476
22.74,19.968
22.75,18.618
22.76,19.044
22.77,19.019
22.78,18.869
22.79,18.319
22.8,18.68
22.81,19.316
22.82,18.779
22.83,19.215
22.84,19.631
22.85,19.315
22.86,18.296
22.87,18.481
22.88,18.26
22.89,18.529
22.9,18.513
22.91,18.668
22.92,19.094
22.93,18.206
22.94,18.946
22.95,18.717
22.96,18.315
22.97,18.556
22.98,19.066
22.99,18.626
23,18.865
23.01,18.88
23.02,18.921
23.03,19.687
23.04,19.597
23.05,19.012
23.06,18.353
23.07,18.943
23.08,19.689
23.09,19.626
23.1,19.546
23.11,18.708
23.12,19.112
23.13,19.451
23.14,19.265
23.15,19.27
23.16,18.984
23.17,18.836
23.18,18.623
23.19,18.731
23.2,19.205
23.21,20.448
23.22,18.895
23.23,19.587
23.24,19.289
23.25,19.635
23.26,19.768
23.27,19.497
23.28,19.325
23.29,18.673
23.3,18.683
23.31,19.315
23.32,18.749
23.33,18.962
23.34,19.633
23.35,18.739
23.36,18.729
23.37,18.71
23.38,19.543
23.39,19.038
23.4,19.531
23.41,18.308
23.42,18.915
23.43,19.669
23.44,19.979
23.45,18.816
23.46,19.558
23.47,18.982
23.48,18.967
23.49,19.621
23.5,19.279
23.51,20.318
23.52,19.665
23.53,19.009
23.54,19.957
23.55,19.454
23.56,19.54
23.57,18.975
23.58,20.271
23.59,19.242
23.6,19.746
23.61,18.372
23.62,18.898
23.63,19.366
23.64,18.521
23.65,18.427
23.66,17.785
23.67,17.979
23.68,17.706
23.69,18.099
23.7,17.895
23.71,18.519
23.72,18.662
23.73,19.022
23.74,18.232
23.75,18.994
23.76,18.571
23.77,18.36
23.78,17.804
23.79,18.643
23.8,18.502
23.81,19.516
23.82,18.407
23.83,18.568
23.84,18.658
23.85,19.01
23.86,18.607
23.87,18.217
23.88,18.716
23.89,18.744
23.9,18.529
23.91,17.999
23.92,18.634
23.93,17.888
23.94,18.801
23.95,18.337
23.96,18.483
23.97,18.405
23.98,18.937
23.99,18.253
24,18.765
24.01,18.62
24.02,18.903
24.03,18.686
24.04,18.752
24.05,18.517
24.06,18.419
24.07,19.383
24.08,18.83
24.09,19.143
24.1,19.009
24.11,18.72
24.12,18.704
24.13,19.001
24.14,18.907
24.15,19.036
24.16,18.768
24.17,19.061
24.18,19.026
24.19,18.854
24.2,19.605
24.21,18.65
24.22,18.915
24.23,19.042
24.24,18.761
24.25,18.392
24.26,18.111
24.27,19.185
24.28,18.692
24.29,18.298
24.3,18.653
24.31,18.082
24.32,18.498
24.33,18.087
24.34,18.446
24.35,18.334
24.36,18.158
24.37,17.867
24.38,19.472
24.39,18.803
24.4,18.779
24.41,18.873
24.42,19.381
24.43,18.416
24.44,19.208
24.45,18.843
24.46,18.342
24.47,18.682
24.48,18.516
24.49,18.935
24.5,18.311
24.51,18.193
24.52,19.168
24.53,17.687
24.54,18.81
24.55,17.804
24.56,18.238
24.57,18.646
24.58,18.55
24.59,19.058
24.6,18.391
24.61,18.228
24.62,18.813
24.63,18.392
24.64,19.065
24.65,18.571
24.66,18.55
24.67,19.286
24.68,19.448
24.69,19.512
24.7,19.048
24.71,17.906
24.72,18.516
24.73,18.247
24.74,18.905
24.75,18.5
24.76,17.93
24.77,19.114
24.78,18.196
24.79,18.083
24.8,18.404
24.81,17.616
24.82,18.008
24.83,18.784
24.84,18.196
24.85,18.513
24.86,17.553
24.87,18.287
24.88,18.129
24.89,18.558
24.9,18.893
24.91,18.704
24.92,19.069
24.93,17.983
24.94,18.107
24.95,18.949
24.96,17.971
24.97,18.456
24.98,17.734
24.99,18.105
25,18.51
25.01,17.854
25.02,18.283
25.03,17.882
25.04,17.767
25.05,17.381
25.06,17.278
25.07,17.807
25.08,17.453
25.09,17.548
25.1,17.935
25.11,17.915
25.12,18.372
25.13,17.582
25.14,18
25.15,18.042
25.16,17.876
25.17,17.313
25.18,17.876
25.19,18.356
25.2,17.994
25.21,18.556
25.22,18.153
25.23,17.672
25.24,18.085
25.25,17.934
25.26,17.765
25.27,18.232
25.28,18.732
25.29,18.187
25.3,18.029
25.31,18.093
25.32,17.877
25.33,18.085
25.34,18.236
25.35,18.901
25.36,17.953
25.37,18.184
25.38,18.241
25.39,18.376
25.4,17.759
25.41,17.801
25.42,17.017
25.43,18.828
25.44,18.317
25.45,18.3
25.46,18.386
25.47,18.505
25.48,17.627
25.49,17.514
25.5,17.334
25.51,19.008
25.52,18.169
25.53,18.468
25.54,17.568
25.55,18.563
25.56,19.073
25.57,18.643
25.58,17.993
25.59,17.963
25.6,18.948
25.61,18.019
25.62,18.689
25.63,18.411
25.64,18.509
25.65,18.275
25.66,18.463
25.67,18.419
25.68,19.062
25.69,18.411
25.7,18.35
25.71,18.818
25.72,19.343
25.73,18.548
25.74,18.846
25.75,18.927
25.76,18.994
25.77,18.214
25.78,18.836
25.79,19.075
25.8,19.212
25.81,19.053
25.82,19.256
25.83,18.73
25.84,18.686
25.85,18.809
25.86,18.758
25.87,18.674
25.88,19.555
25.89,19.173
25.9,19.183
25.91,18.713
25.92,18.703
25.93,18.473
25.94,18.232
25.95,18.711
25.96,18.663
25.97,19.178
25.98,19.017
25.99,19.45
26,19.569
26.01,19.657
26.02,19.542
26.03,19.221
26.04,19.826
26.05,19.547
26.06,19.66
26.07,19.276
26.08,19.319
26.09,19.005
26.1,19.353
26.11,19.829
26.12,19.542
26.13,19.415
26.14,19.655
26.15,18.99
26.16,18.432
26.17,18.803
26.18,18.812
26.19,18.301
26.2,19.265
26.21,19.334
26.22,19.595
26.23,18.951
26.24,19.229
26.25,18.845
26.26,18.832
26.27,19.401
26.28,19.559
26.29,19.122
26.3,18.541
26.31,19.306
26.32,18.882
26.33,19.129
26.34,19.358
26.35,19.051
26.36,19.1
26.37,19.287
26.38,19.14
26.39,18.161
26.4,18.626
26.41,18.801
26.42,17.733
26.43,18.63
26.44,18.693
26.45,19.267
26.46,19.393
26.47,19.318
26.48,18.474
26.49,18.371
26.5,19.474
26.51,18.609
26.52,19.315
26.53,19.221
26.54,18.645
26.55,18.91
26.56,18.947
26.57,19.113
26.58,19.161
26.59,19.214
26.6,19.593
26.61,19.696
26.62,18.962
26.63,19.273
26.64,19.475
26.65,18.642
26.66,19.615
26.67,19.848
26.68,19.711
26.69,18.973
26.7,18.798
26.71,18.653
26.72,18.882
26.73,18.65
26.74,18.131
26.75,18.144
26.76,18.831
26.77,18.46
26.78,19.034
26.79,18.96
26.8,19.012
26.81,18.77
26.82,18.558
26.83,18.46
26.84,18.928
26.85,18.66
26.86,18.675
26.87,19.592
26.88,19.069
26.89,18.785
26.9,18.579
26.91,18.59
26.92,19.261
26.93,18.887
26.94,18.065
26.95,18.756
26.96,19.817
26.97,18.8
26.98,18.832
26.99,19.141
27,18.797
27.01,19.167
27.02,18.18
27.03,18.453
27.04,18.734
27.05,18.516
27.06,18.751
27.07,18.348
27.08,18.107
27.09,18.71
27.1,18.435
27.11,18.422
27.12,18.881
27.13,17.869
27.14,19.095
27.15,17.709
27.16,18.211
27.17,17.921
27.18,18.028
27.19,17.623
27.2,18.748
27.21,18.303
27.22,18.409
27.23,17.987
27.24,18.003
27.25,18.378
27.26,17.829
27.27,17.229
27.28,17.985
27.29,18.05
27.3,18.143
27.31,18.025
27.32,18.813
27.33,18.296
27.34,18.243
27.35,18.73
27.36,19.178
27.37,18.862
27.38,18.372
27.39,18.649
27.4,18.859
27.41,18.756
27.42,19.36
27.43,18.561
27.44,18.663
27.45,18.309
27.46,19.055
27.47,18.549
27.48,18.802
27.49,18.242
27.5,18.722
27.51,18.227
27.52,18.382
27.53,18.717
27.54,19.272
27.55,19.118
27.56,18.679
27.57,19.369
27.58,19.044
27.59,18.729
27.6,18.605
27.61,18.48
27.62,18.593
27.63,19.03
27.64,18.676
27.65,18.448
27.66,19.246
27.67,19.55
27.68,18.714
27.69,18.858
27.7,19.6
27.71,18.897
27.72,19.155
27.73,18.655
27.74,19.583
27.75,19.363
27.76,19.782
27.77,19.337
27.78,18.323
27.79,19.213
27.8,18.569
27.81,19.413
27.82,19.002
27.83,19.191
27.84,19.357
27.85,19.647
27.86,19.24
27.87,18.889
27.88,19.126
27.89,19.464
27.9,19.052
27.91,18.881
27.92,18.998
27.93,19.849
27.94,19.692
27.95,19.614
27.96,19.582
27.97,19.373
27.98,19.357
27.99,19.369
28,18.457
28.01,18.769
28.02,19.466
28.03,19.346
28.04,18.913
28.05,19.38
28.06,19.059
28.07,18.522
28.08,18.732
28.09,19.222
28.1,19.9
28.11,19.464
28.12,19.27
28.13,19.159
28.14,19.49
28.15,20.118
28.16,19.413
28.17,18.985
28.18,18.486
28.19,18.73
28.2,19.269
28.21,18.683
28.22,19.101
28.23,19.594
28.24,19.072
28.25,18.429
28.26,18.733
28.27,18.568
28.28,19.25
28.29,19.035
28.3,19.277
28.31,18.596
28.32,18.896
28.33,18.821
28.34,18.426
28.35,19.029
28.36,18.88
28.37,18.659
28.38,19.271
28.39,18.897
28.4,18.739
28.41,19.412
28.42,19.491
28.43,19.268
28.44,19.811
28.45,18.837
28.46,18.438
28.47,19.567
28.48,18.814
28.49,19.129
28.5,19.461
28.51,19.623
28.52,19.951
28.53,19.509
28.54,19.606
28.55,19.193
28.56,18.841
28.57,19.166
28.58,18.636
28.59,18.925
28.6,18.43
28.61,19.543
28.62,18.869
28.63,19.071
28.64,18.289
28.65,18.436
28.66,18.923
28.67,18.268
28.68,17.836
28.69,18.92
28.7,18.976
28.71,18.677
28.72,18.677
28.73,18.309
28.74,18.574
28.75,18.411
28.76,18.397
28.77,18.59
28.78,18.958
28.79,18.757
28.8,18.657
28.81,18.749
28.82,18.858
28.83,19.005
28.84,19.848
28.85,19.609
28.86,18.681
28.87,18.366
28.88,18.219
28.89,18.943
28.9,18.74
28.91,18.914
28.92,19.457
28.93,19.266
28.94,19.117
28.95,18.396
28.96,19.497
28.97,18.947
28.98,18.448
28.99,19.071
29,19.94
29.01,19.425
29.02,19.577
29.03,19.304
29.04,19.034
29.05,18.335
29.06,18.726
29.07,19.237
29.08,17.932
29.09,18.818
29.1,18.8
29.11,18.076
29.12,19.129
29.13,18.701
29.14,18.829
29.15,19.231
29.16,18.842
29.17,18.253
29.18,19.062
29.19,18.51
29.2,18.762
29.21,18.1
29.22,17.994
29.23,18.651
29.24,18.695
29.25,19.069
29.26,18.1
29.27,19.235
29.28,18.458
29.29,18.936
29.3,19.007
29.31,19.859
29.32,19.499
29.33,18.771
29.34,18.764
29.35,19.129
29.36,19.093
29.37,18.455
29.38,18.4
29.39,18.376
29.4,18.259
29.41,18.663
29.42,18.645
29.43,17.523
29.44,18.081
29.45,17.703
29.46,18.456
29.47,18.417
29.48,18.287
29.49,18.423
29.5,18.13
29.51,18.365
29.52,17.72
29.53,17.996
29.54,17.394
29.55,17.723
29.56,17.835
29.57,18.13
29.58,17.603
29.59,18.03
29.6,18.665
29.61,18.452
29.62,18.076
29.63,18.017
29.64,18.63
29.65,18.774
29.66,18.801
29.67,18.391
29.68,18.707
29.69,17.864
29.7,18.224
29.71,18.147
29.72,17.652
29.73,18.705
29.74,18.599
29.75,18.787
29.76,18.895
29.77,18.271
29.78,18.936
29.79,18.057
29.8,18.768
29.81,19.514
29.82,19.028
29.83,18.894
29.84,18.366
29.85,18.532
29.86,19.187
29.87,18.352
29.88,18.867
29.89,19.254
29.9,18.507
29.91,19.933
29.92,18.682
29.93,18.747
29.94,19.479
29.95,19.236
29.96,18.815
29.97,19.413
29.98,18.56
29.99,19.117
30,19.12
30.01,18.59
30.02,18.804
30.03,19.032
30.04,18.883
30.05,18.48
30.06,19.206
30.07,17.59
30.08,18.674
30.09,18.478
30.1,17.804
30.11,19.343
30.12,18.704
30.13,18.458
30.14,18.328
30.15,18.686
30.16,19.229
30.17,18.426
30.18,18.964
30.19,18.136
30.2,18.288
30.21,18.606
30.22,17.992
30.23,18.526
30.24,18.761
30.25,19.005
30.26,18.388
30.27,18.971
30.28,18.628
30.29,18.972
30.3,18.543
30.31,18.42
30.32,18.361
30.33,18.361
30.34,17.723
30.35,18.345
30.36,18.199
30.37,18.268
30.38,17.336
30.39,18.349
30.4,18.107
30.41,17.973
30.42,18.704
30.43,19.041
30.44,18.019
30.45,18.22
30.46,18.592
30.47,17.945
30.48,18.052
30.49,17.886
30.5,18.651
30.51,17.99
30.52,18.367
30.53,18.702
30.54,18.329
30.55,18.06
30.56,17.97
30.57,18.671
30.58,18.571
30.59,18.254
30.6,17.141
30.61,17.539
30.62,18.329
30.63,18.396
30.64,17.89
30.65,18.108
30.66,17.999
30.67,17.507
30.68,17.565
30.69,17.833
30.7,18.476
30.71,18.99
30.72,18.788
30.73,18.199
30.74,18.367
30.75,18.065
30.76,18.374
30.77,18.705
30.78,18.257
30.79,17.682
30.8,18.495
30.81,18.952
30.82,18.594
30.83,17.856
30.84,18.781
30.85,18.644
30.86,19.416
30.87,19.111
30.88,18.603
30.89,18.508
30.9,17.514
30.91,18.933
30.92,17.74
30.93,19.103
30.94,18.449
30.95,18.214
30.96,18.86
30.97,19.162
30.98,19.013
30.99,19.093
31,18.691
31.01,19.167
31.02,18.103
31.03,18.78
31.04,18.659
31.05,19.034
31.06,18.717
31.07,19.319
31.08,18.817
31.09,19.12
31.1,18.69
31.11,17.597
31.12,18.225
31.13,17.906
31.14,18.006
31.15,18.497
31.16,18.947
31.17,19.048
31.18,19.387
31.19,19.337
31.2,18.962
31.21,18.431
31.22,19.123
31.23,18.755
31.24,18.223
31.25,18.68
31.26,19.359
31.27,18.249
31.28,18.241
31.29,19.079
31.3,19.037
31.31,18.762
31.32,19.511
31.33,18.992
31.34,18.931
31.35,18.011
31.36,18.627
31.37,18.755
31.38,18.647
31.39,18.872
31.4,18.845
31.41,19.508
31.42,18.651
31.43,18.369
31.44,18.598
31.45,19.595
31.46,18.722
31.47,18.127
31.48,18.623
31.49,18.098
31.5,18.878
31.51,18.661
31.52,18.7
31.53,17.972
31.54,18.14
31.55,18.307
31.56,18.516
31.57,18.752
31.58,18.937
31.59,18.712
31.6,18.526
31.61,18.905
31.62,18.853
31.63,19.124
31.64,18.006
31.65,18.148
31.66,18.654
31.67,17.812
31.68,18.871
31.69,18.989
31.7,18.598
31.71,18.817
31.72,18.264
31.73,18.583
31.74,18.474
31.75,18.707
31.76,19.017
31.77,19.217
31.78,18.752
31.79,18.354
31.8,18.563
31.81,18.273
31.82,18.873
31.83,18.564
31.84,18.188
31.85,17.929
31.86,18.236
31.87,18.327
31.88,18.89
31.89,19.261
31.9,18.554
31.91,18.548
31.92,18.583
31.93,18.801
31.94,19.06
31.95,18.927
31.96,19.147
31.97,18.753
31.98,18.989
31.99,18.702
32,17.92
32.01,18.567
32.02,19.101
32.03,18.07
32.04,18.401
32.05,18.334
32.06,18.395
32.07,19.094
32.08,17.855
32.09,18.235
32.1,18.727
32.11,18.894
32.12,18.61
32.13,18.267
32.14,18.363
32.15,17.826
32.16,18.604
32.17,17.789
32.18,18.147
32.19,18.265
32.2,18.285
32.21,18.768
32.22,17.947
32.23,17.181
32.24,18.299
32.25,18.235
32.26,18.367
32.27,18.629
32.28,17.698
32.29,18.627
32.3,18.029
32.31,18.743
32.32,18.606
32.33,18.975
32.34,18.46
32.35,18.885
32.36,18.267
32.37,18.718
32.38,18.607
32.39,18.672
32.4,18.752
32.41,18.339
32.42,18.545
32.43,18.086
32.44,19.17
32.45,19.067
32.46,19.594
32.47,19.575
32.48,19.235
32.49,18.774
32.5,18.94
32.51,18.458
32.52,18.962
32.53,18.261
32.54,18.811
32.55,18.584
32.56,19.126
32.57,18.299
32.58,18.348
32.59,18.077
32.6,19.061
32.61,18.451
32.62,18.058
32.63,18.86
32.64,19.067
32.65,17.881
32.66,18.296
32.67,17.261
32.68,18.117
32.69,17.987
32.7,18.18
32.71,18.402
32.72,18.171
32.73,18.875
32.74,18.413
32.75,18.51
32.76,18.439
32.77,19.224
32.78,19.055
32.79,18.64
32.8,18.566
32.81,18.384
32.82,18.04
32.83,18.477
32.84,18.415
32.85,17.482
32.86,18.369
32.87,18.419
32.88,17.807
32.89,18.708
32.9,18.626
32.91,18.383
32.92,18.062
32.93,18.341
32.94,19.204
32.95,18.471
32.96,18.051
32.97,18.088
32.98,18.555
32.99,18.754
33,18.605
33.01,18.672
33.02,18.377
33.03,18.375
33.04,17.917
33.05,18.433
33.06,18.606
33.07,18.68
33.08,18.237
33.09,18.506
33.1,18.439
33.11,18.389
33.12,18.568
33.13,18.166
33.14,18.69
33.15,18.7
33.16,18.537
33.17,19.122
33.18,18.728
33.19,18.506
33.2,18.458
33.21,18.524
33.22,18.335
33.23,18.006
33.24,18.538
33.25,18.284
33.26,19.57
33.27,18.651
33.28,18.772
33.29,19.147
33.3,19.335
33.31,18.853
33.32,19.436
33.33,18.854
33.34,18.734
33.35,19.146
33.36,18.795
33.37,18.999
33.38,18.388
33.39,18.307
33.4,18.78
33.41,18.865
33.42,18.276
33.43,18.49
33.44,18.351
33.45,18.519
33.46,19.138
33.47,18.799
33.48,18.823
33.49,19.347
33.5,18.829
33.51,18.16
33.52,19.261
33.53,19.009
33.54,18.871
33.55,18.12
33.56,19.067
33.57,19.151
33.58,19.12
33.59,19.003
33.6,18.902
33.61,17.959
33.62,18.182
33.63,18.189
33.64,18.442
33.65,19.082
33.66,18.406
33.67,18.636
33.68,18.35
33.69,18.701
33.7,17.707
33.71,18.692
33.72,18.472
33.73,18.478
33.74,18.553
33.75,18.313
33.76,18.073
33.77,17.981
33.78,19.126
33.79,18.623
33.8,18.601
33.81,18.753
33.82,18.79
33.83,19.513
33.84,18.103
33.85,18.385
33.86,18.418
33.87,19.045
33.88,18.368
33.89,19.154
33.9,18.442
33.91,19.454
33.92,19.032
33.93,18.038
33.94,18.655
33.95,17.859
33.96,19.077
33.97,18.678
33.98,18.796
33.99,17.448
34,18.567
34.01,18.832
34.02,19.296
34.03,18.597
34.04,18.294
34.05,18.173
34.06,17.68
34.07,18.444
34.08,17.848
34.09,18.389
34.1,17.846
34.11,18.121
34.12,18.255
34.13,17.965
34.14,18.53
34.15,18.354
34.16,17.802
34.17,18.688
34.18,18.459
34.19,18.376
34.2,18.596
34.21,18.934
34.22,18.443
34.23,17.754
34.24,17.897
34.25,18.838
34.26,18.753
34.27,17.999
34.28,18.275
34.29,18.037
34.3,17.777
34.31,19.49
34.32,18.039
34.33,18.761
34.34,18.254
34.35,17.631
34.36,18.57
34.37,18.434
34.38,18.528
34.39,19.001
34.4,18.222
34.41,18.293
34.42,18.791
34.43,18.966
34.44,19.264
34.45,18.684
34.46,18.837
34.47,18.603
34.48,19.422
34.49,18.706
34.5,18.686
34.51,18.666
34.52,18.976
34.53,18.047
34.54,18.63
34.55,18.829
34.56,18.314
34.57,18.944
34.58,18.81
34.59,18.387
34.6,18.713
34.61,19.07
34.62,19.113
34.63,18.008
34.64,18.085
34.65,18.472
34.66,18.594
34.67,18.601
34.68,18.143
34.69,18.6
34.7,18.258
34.71,18.973
34.72,18.802
34.73,19.215
34.74,18.586
34.75,19.058
34.76,20.045
34.77,18.567
34.78,18.667
34.79,18.773
34.8,19.726
34.81,19.519
34.82,19.038
34.83,20.189
34.84,20.156
34.85,19.746
34.86,19.931
34.87,19.605
34.88,19.281
34.89,19.014
34.9,20.054
34.91,19.605
34.92,19.34
34.93,19.311
34.94,18.309
34.95,18.652
34.96,19.393
34.97,19.7
34.98,18.701
34.99,18.623
35,19.254
35.01,19.157
35.02,18.596
35.03,18.248
35.04,18.56
35.05,18.562
35.06,19.155
35.07,19.624
35.08,18.544
35.09,18.764
35.1,19.452
35.11,18.066
35.12,19.122
35.13,19.212
35.14,19.02
35.15,18.327
35.16,18.619
35.17,18.138
35.18,19.347
35.19,18.992
35.2,19.47
35.21,19.369
35.22,19.506
35.23,18.355
35.24,19.14
35.25,18.026
35.26,18.137
35.27,18.702
35.28,19.432
35.29,18.588
35.3,18.24
35.31,18.067
35.32,18.308
35.33,18.332
35.34,18.953
35.35,19.11
35.36,18.612
35.37,18.266
35.38,18.506
35.39,18.836
35.4,18.489
35.41,18.327
35.42,19.223
35.43,18.095
35.44,17.788
35.45,18.251
35.46,17.942
35.47,17.611
35.48,17.836
35.49,17.852
35.5,18.59
35.51,18.904
35.52,18.62
35.53,18.584
35.54,18.77
35.55,19.076
35.56,19.524
35.57,19.529
35.58,19.383
35.59,19.853
35.6,19.596
35.61,19.598
35.62,19.002
35.63,20.112
35.64,19.577
35.65,19.857
35.66,19.066
35.67,18.508
35.68,18.092
35.69,18.798
35.7,18.751
35.71,18.757
35.72,18.969
35.73,18.692
35.74,19.039
35.75,18.442
35.76,19.012
35.77,18.866
35.78,18.972
35.79,18.717
35.8,19.556
35.81,18.426
35.82,18.863
35.83,18.209
35.84,18.589
35.85,19.682
35.86,18.323
35.87,18.158
35.88,18.306
35.89,18.574
35.9,18.532
35.91,18.463
35.92,18.24
35.93,18.906
35.94,19.562
35.95,18.446
35.96,18.566
35.97,18.607
35.98,19.909
35.99,19.65
36,18.76
36.01,17.859
36.02,18.138
36.03,17.908
36.04,19.518
36.05,18.656
36.06,19.23
36.07,19.22
36.08,19.177
36.09,18.893
36.1,19.009
36.11,19.019
36.12,19.54
36.13,18.626
36.14,19.036
36.15,19.263
36.16,19.121
36.17,19.5
36.18,18.687
36.19,19.729
36.2,19.068
36.21,18.904
36.22,19.019
36.23,19.861
36.24,19.285
36.25,18.72
36.26,19.56
36.27,18.738
36.28,19.372
36.29,18.619
36.3,18.612
36.31,19.26
36.32,19.011
36.33,19.461
36.34,18.813
36.35,19.008
36.36,19.668
36.37,19.869
36.38,19.764
36.39,18.753
36.4,18.965
36.41,18.5
36.42,18.763
36.43,17.83
36.44,17.193
36.45,19.012
36.46,18.596
36.47,19.281
36.48,18.137
36.49,18.404
36.5,20.067
36.51,19.423
36.52,18.382
36.53,18.813
36.54,17.967
36.55,18.246
36.56,18.155
36.57,18.359
36.58,19.353
36.59,19.026
36.6,19.612
36.61,19.28
36.62,19.339
36.63,18.698
36.64,18.747
36.65,18.886
36.66,18.185
36.67,19.129
36.68,19.206
36.69,18.814
36.7,19.341
36.71,19.311
36.72,19.528
36.73,18.911
36.74,18.463
36.75,18.001
36.76,18.803
36.77,19.33
36.78,19.786
36.79,19.379
36.8,19.271
36.81,19.265
36.82,18.286
36.83,19.082
36.84,18.597
36.85,18.187
36.86,18.583
36.87,17.915
36.88,17.996
36.89,18.55
36.9,18.378
36.91,19.694
36.92,19.388
36.93,20.258
36.94,19.68
36.95,19.67
36.96,20.734
36.97,20.508
36.98,20.687
36.99,21.441
37,21.833
37.01,21.298
37.02,20.873
37.03,21.2
37.04,20.905
37.05,20.488
37.06,20.398
37.07,19.556
37.08,20.704
37.09,20.703
37.1,19.555
37.11,20.028
37.12,19.868
37.13,19.911
37.14,20.334
37.15,20.092
37.16,20.027
37.17,20.208
37.18,19.756
37.19,18.86
37.2,19.183
37.21,19.582
37.22,19.383
37.23,19.528
37.24,19.152
37.25,19.444
37.26,18.889
37.27,19.829
37.28,19.48
37.29,20.072
37.3,19.557
37.31,19.791
37.32,19.979
37.33,19.7
37.34,19.903
37.35,20.437
37.36,21.076
37.37,20.061
37.38,20.486
37.39,21.004
37.4,20.029
37.41,20.435
37.42,19.819
37.43,19.306
37.44,19.226
37.45,19.195
37.46,19.536
37.47,20.228
37.48,20.343
37.49,19.522
37.5,19.542
37.51,20.717
37.52,19.884
37.53,19.195
37.54,19.756
37.55,20.775
37.56,20.844
37.57,19.879
37.58,20.731
37.59,19.549
37.6,20.34
37.61,19.502
37.62,20.282
37.63,20.565
37.64,19.102
37.65,19.516
37.66,19.778
37.67,20.113
37.68,20.467
37.69,19.897
37.7,19.576
37.71,19.215
37.72,19.978
37.73,19.513
37.74,19.898
37.75,18.952
37.76,19.742
37.77,19.698
37.78,19.743
37.79,19.523
37.8,19.475
37.81,19.74
37.82,20.052
37.83,19.267
37.84,18.787
37.85,19
37.86,19.173
37.87,18.913
37.88,19.505
37.89,19.9
37.9,18.536
37.91,19.421
37.92,19.327
37.93,19.566
37.94,17.983
37.95,19.091
37.96,18.664
37.97,19.009
37.98,19.519
37.99,19.269
38,18.506
38.01,18.912
38.02,18.791
38.03,19.225
38.04,18.229
38.05,18.661
38.06,19.283
38.07,18.533
38.08,19.139
38.09,19.354
38.1,19.07
38.11,19.311
38.12,19.092
38.13,18.713
38.14,19.101
38.15,19.122
38.16,18.664
38.17,19.573
38.18,19.279
38.19,18.715
38.2,19.212
38.21,19.441
38.22,18.748
38.23,19.283
38.24,19.045
38.25,19.347
38.26,19.958
38.27,19.911
38.28,19.564
38.29,19.355
38.3,19.185
38.31,19.73
38.32,18.982
38.33,20.283
38.34,19.729
38.35,19.378
38.36,18.844
38.37,18.709
38.38,19.808
38.39,19.177
38.4,18.792
38.41,18.912
38.42,19.305
38.43,18.826
38.44,19.155
38.45,19.889
38.46,19.021
38.47,18.858
38.48,18.777
38.49,19.275
38.5,19.133
38.51,19.071
38.52,19.373
38.53,19.899
38.54,18.621
38.55,19.606
38.56,19.54
38.57,18.891
38.58,19.702
38.59,19.883
38.6,18.898
38.61,19.063
38.62,20.312
38.63,19.391
38.64,19.278
38.65,19.29
38.66,19.241
38.67,18.882
38.68,19.171
38.69,19.869
38.7,20.419
38.71,18.906
38.72,19.617
38.73,19.226
38.74,19.505
38.75,19.871
38.76,19.862
38.77,18.572
38.78,19.24
38.79,19.351
38.8,19.562
38.81,19.758
38.82,19.35
38.83,19.774
38.84,19.583
38.85,19.531
38.86,18.721
38.87,19.34
38.88,19.442
38.89,19.259
38.9,19.177
38.91,19.192
38.92,19.461
38.93,18.907
38.94,19.383
38.95,19.15
38.96,19.897
38.97,19.193
38.98,19.085
38.99,19
39,19.643
39.01,18.995
39.02,19.807
39.03,19.114
39.04,19.415
39.05,19.605
39.06,19.574
39.07,18.817
39.08,19.225
39.09,19.822
39.1,18.596
39.11,18.915
39.12,18.957
39.13,18.917
39.14,19.64
39.15,20.221
39.16,19.372
39.17,18.893
39.18,19.473
39.19,19.104
39.2,19.026
39.21,19.816
39.22,19.618
39.23,19.675
39.24,20.2
39.25,19.499
39.26,19.416
39.27,19.387
39.28,19.748
39.29,19.238
39.3,19.92
39.31,18.507
39.32,19.226
39.33,20.292
39.34,18.975
39.35,19.697
39.36,18.686
39.37,19.002
39.38,19.232
39.39,19.611
39.4,19.379
39.41,19.227
39.42,18.751
39.43,19.098
39.44,19.257
39.45,18.882
39.46,19.847
39.47,18.51
39.48,18.485
39.49,19.319
39.5,18.996
39.51,19.311
39.52,19.385
39.53,19.229
39.54,19.517
39.55,18.943
39.56,19.378
39.57,18.629
39.58,19.682
39.59,18.252
39.6,18.888
39.61,18.868
39.62,18.378
39.63,18.93
39.64,18.797
39.65,18.452
39.66,19.229
39.67,19.263
39.68,19.577
39.69,19.201
39.7,19.21
39.71,18.882
39.72,19.65
39.73,19.137
39.74,19.358
39.75,19.26
39.76,19.135
39.77,19.71
39.78,19.754
39.79,19.134
39.8,19.501
39.81,18.847
39.82,19.739
39.83,19.165
39.84,19.768
39.85,19.112
39.86,19.038
39.87,19.187
39.88,19.137
39.89,19.696
39.9,19.094
39.91,19.284
39.92,18.819
39.93,18.701
39.94,18.584
39.95,19.676
39.96,19.394
39.97,19.342
39.98,18.335
39.99,18.447
40,19.283
40.01,19.01
40.02,18.874
40.03,18.674
40.04,18.217
40.05,19.274
40.06,18.729
40.07,18.785
40.08,19.094
40.09,18.317
40.1,18.953
40.11,18.692
40.12,19.124
40.13,19.591
40.14,18.697
40.15,19.086
40.16,18.769
40.17,18.663
40.18,18.656
40.19,18.371
40.2,18.864
40.21,19.242
40.22,18.466
40.23,18.477
40.24,18.672
40.25,18.911
40.26,18.208
40.27,19.392
40.28,19.65
40.29,18.887
40.3,18.509
40.31,19.736
40.32,19.701
40.33,18.965
40.34,19.447
40.35,19.128
40.36,18.394
40.37,18.411
40.38,18.482
40.39,18.336
40.4,18.305
40.41,18.831
40.42,18.739
40.43,18.92
40.44,18.834
40.45,18.534
40.46,19.133
40.47,19.38
40.48,18.652
40.49,18.579
40.5,19.068
40.51,18.667
40.52,18.599
40.53,19.152
40.54,18.73
40.55,18.873
40.56,18.538
40.57,18.659
40.58,18.304
40.59,18.916
40.6,18.092
40.61,18.276
40.62,19.027
40.63,18.573
40.64,18.899
40.65,18.583
40.66,19.016
40.67,18.619
40.68,18.071
40.69,19.006
40.7,18.749
40.71,18.94
40.72,18.21
40.73,19.027
40.74,18.68
40.75,18.701
40.76,19.079
40.77,19.349
40.78,19.361
40.79,19.474
40.8,19.044
40.81,18.836
40.82,19.123
40.83,18.486
40.84,18.842
40.85,18.178
40.86,18.451
40.87,19.293
40.88,18.437
40.89,18.669
40.9,19.067
40.91,18.827
40.92,19.64
40.93,19.99
40.94,19.207
40.95,18.912
40.96,19.015
40.97,18.947
40.98,18.973
40.99,18.686
41,18.832
41.01,19.284
41.02,18.842
41.03,19.435
41.04,18.538
41.05,18.851
41.06,18.96
41.07,19.649
41.08,19.455
41.09,18.898
41.1,19.688
41.11,18.492
41.12,18.943
41.13,19.258
41.14,19.3
41.15,19.125
41.16,18.942
41.17,19.481
41.18,19.287
41.19,19.34
41.2,19.427
41.21,18.794
41.22,19.539
41.23,19.031
41.24,18.902
41.25,18.663
41.26,18.501
41.27,19.127
41.28,18.73
41.29,19.143
41.3,18.862
41.31,17.87
41.32,18.655
41.33,18.998
41.34,20.127
41.35,19.403
41.36,19.162
41.37,18.659
41.38,18.645
41.39,19.162
41.4,18.489
41.41,18.243
41.42,19.338
41.43,19.523
41.44,18.697
41.45,18.73
41.46,19.79
41.47,19.76
41.48,19.417
41.49,18.337
41.5,18.842
41.51,18.273
41.52,18.974
41.53,19.451
41.54,18.614
41.55,18.9
41.56,18.953
41.57,19.056
41.58,19.316
41.59,19.442
41.6,18.599
41.61,19.625
41.62,19.056
41.63,19.925
41.64,19.148
41.65,19.452
41.66,18.352
41.67,18.818
41.68,19.08
41.69,19.009
41.7,18.601
41.71,19.2
41.72,19.239
41.73,19.385
41.74,18.875
41.75,18.782
41.76,18.905
41.77,18.167
41.78,18.483
41.79,18.761
41.8,18.589
41.81,18.817
41.82,19.348
41.83,19.168
41.84,18.507
41.85,19.299
41.86,18.692
41.87,18.714
41.88,18.647
41.89,18.497
41.9,18.715
41.91,18.588
41.92,17.72
41.93,19.236
41.94,18.457
41.95,18.904
41.96,19.093
41.97,18.567
41.98,18.37
41.99,18.245
42,18.626
42.01,18.73
42.02,18.529
42.03,18.628
42.04,18.177
42.05,18.663
42.06,18.351
42.07,18.715
42.08,18.488
42.09,18.752
42.1,18.774
42.11,19.644
42.12,19.255
42.13,18.745
42.14,19.111
42.15,18.214
42.16,18.36
42.17,18.088
42.18,19.044
42.19,19.355
42.2,19.431
42.21,18.989
42.22,18.169
42.23,18.642
42.24,19.052
42.25,19.643
42.26,18.404
42.27,18.427
42.28,18.681
42.29,19.325
42.3,19.039
42.31,19.236
42.32,19.015
42.33,18.974
42.34,18.408
42.35,18.914
42.36,18.961
42.37,17.855
42.38,18.474
42.39,18.702
42.4,18.205
42.41,17.572
42.42,18.809
42.43,18.985
42.44,18.704
42.45,18.488
42.46,18.176
42.47,18.869
42.48,19.193
42.49,18.393
42.5,18.266
42.51,18.126
42.52,18.856
42.53,18.909
42.54,18.935
42.55,19.099
42.56,19.218
42.57,19.314
42.58,19.191
42.59,19.131
42.6,18.96
42.61,18.825
42.62,18.616
42.63,19.118
42.64,19.704
42.65,18.944
42.66,18.862
42.67,18.794
42.68,18.951
42.69,18.778
42.7,18.903
42.71,18.127
42.72,18.87
42.73,19.086
42.74,18.535
42.75,18.995
42.76,18.094
42.77,18.623
42.78,18.311
42.79,18.128
42.8,17.255
42.81,17.974
42.82,18.317
42.83,18.616
42.84,17.64
42.85,18.636
42.86,18.675
42.87,18.799
42.88,18.329
42.89,19.317
42.9,19.876
42.91,18.642
42.92,18.151
42.93,18.673
42.94,18.596
42.95,17.963
42.96,18.958
42.97,17.895
42.98,17.54
42.99,18.464
43,18.091
43.01,17.415
43.02,17.933
43.03,18.759
43.04,18.078
43.05,18.824
43.06,18.78
43.07,17.966
43.08,18.323
43.09,18.931
43.1,18.092
43.11,18.753
43.12,19.257
43.13,18.723
43.14,18.964
43.15,18.059
43.16,17.915
43.17,18.454
43.18,18.391
43.19,18.404
43.2,18.368
43.21,18.267
43.22,19.195
43.23,19.231
43.24,19.423
43.25,18.468
43.26,19.226
43.27,18.874
43.28,19.282
43.29,19.05
43.3,19.009
43.31,18.624
43.32,18.825
43.33,18.305
43.34,19.252
43.35,18.432
43.36,18.791
43.37,18.073
43.38,19.077
43.39,17.943
43.4,17.754
43.41,18.299
43.42,18.96
43.43,18.9
43.44,18.702
43.45,18.846
43.46,19.632
43.47,19.227
43.48,19.09
43.49,19.534
43.5,18.78
43.51,19.11
43.52,18.1
43.53,18.147
43.54,18.041
43.55,19.238
43.56,18.187
43.57,18.575
43.58,18.345
43.59,18.112
43.6,18.587
43.61,19.307
43.62,19.017
43.63,18.577
43.64,18.717
43.65,19.055
43.66,19.22
43.67,18.816
43.68,18.656
43.69,18.637
43.7,18.533
43.71,18.155
43.72,18.493
43.73,19.273
43.74,18.746
43.75,19.631
43.76,19.115
43.77,18.46
43.78,18.522
43.79,18.923
43.8,18.6
43.81,18.123
43.82,18.113
43.83,18.16
43.84,18.921
43.85,19.321
43.86,18.293
43.87,18.543
43.88,18.095
43.89,17.723
43.9,19.43
43.91,19.044
43.92,19.184
43.93,18.511
43.94,18.92
43.95,18.758
43.96,18.364
43.97,18.631
43.98,18.391
43.99,18.876
44,18.689
44.01,18.972
44.02,19.595
44.03,19.249
44.04,19.165
44.05,18.139
44.06,18.693
44.07,19.816
44.08,19.655
44.09,18.657
44.1,18.442
44.11,19.441
44.12,19.347
44.13,18.951
44.14,18.716
44.15,18.839
44.16,18.699
44.17,18.869
44.18,18.956
44.19,19.877
44.2,19.211
44.21,18.817
44.22,17.869
44.23,18.504
44.24,18.907
44.25,18.643
44.26,19.016
44.27,18.666
44.28,17.933
44.29,18.369
44.3,18.239
44.31,17.816
44.32,17.691
44.33,17.558
44.34,18.081
44.35,17.767
44.36,18.893
44.37,18.904
44.38,18.301
44.39,19.236
44.4,18.133
44.41,19.218
44.42,19.354
44.43,18.702
44.44,18.643
44.45,18.918
44.46,18.585
44.47,18.194
44.48,18.822
44.49,18.783
44.5,18.825
44.51,19.465
44.52,19.009
44.53,19.427
44.54,19.732
44.55,19.18
44.56,19.221
44.57,18.546
44.58,18.735
44.59,18.792
44.6,19.025
44.61,19.077
44.62,19.993
44.63,19.771
44.64,19.46
44.65,19.027
44.66,18.493
44.67,18.919
44.68,18.895
44.69,18.517
44.7,18.646
44.71,18.706
44.72,18.549
44.73,19.586
44.74,19.354
44.75,19.137
44.76,18.685
44.77,19.769
44.78,18.149
44.79,19.097
44.8,19.933
44.81,18.966
44.82,18.705
44.83,18.643
44.84,18.885
44.85,19.062
44.86,18.507
44.87,19.334
44.88,18.804
44.89,19.119
44.9,18.837
44.91,19.455
44.92,18.853
44.93,19.724
44.94,19.075
44.95,18.685
44.96,19.129
44.97,19.042
44.98,18.369
44.99,19.326
45,19.314
45.01,19.043
45.02,18.499
45.03,18.633
45.04,18.741
45.05,18.823
45.06,19.692
45.07,19.22
45.08,18.701
45.09,18.396
45.1,19.233
45.11,18.694
45.12,18.855
45.13,19.21
45.14,20.031
45.15,19.417
45.16,19.182
45.17,19.328
45.18,19.158
45.19,19.907
45.2,18.932
45.21,18.746
45.22,19.234
45.23,17.366
45.24,17.978
45.25,18.105
45.26,19.076
45.27,18.591
45.28,19.084
45.29,19.564
45.3,18.521
45.31,18.396
45.32,18.967
45.33,18.75
45.34,18.635
45.35,18.59
45.36,18.893
45.37,19.058
45.38,18.9
45.39,19.136
45.4,19.269
45.41,19.029
45.42,18.398
45.43,19.235
45.44,18.681
45.45,18.337
45.46,18.441
45.47,17.941
45.48,17.975
45.49,18.247
45.5,18.684
45.51,18.691
45.52,19.269
45.53,18.713
45.54,19.279
45.55,19.339
45.56,18.864
45.57,18.623
45.58,19.025
45.59,18.678
45.6,19.522
45.61,18.785
45.62,19.838
45.63,18.781
45.64,19.08
45.65,18.495
45.66,19.306
45.67,18.677
45.68,18.813
45.69,19.492
45.7,18.814
45.71,19.514
45.72,18.901
45.73,19.1
45.74,18.103
45.75,18.664
45.76,18.825
45.77,17.789
45.78,18.622
45.79,18.731
45.8,18.283
45.81,18.427
45.82,19.107
45.83,18.8
45.84,18.145
45.85,18.673
45.86,18.106
45.87,18.733
45.88,19.842
45.89,18.163
45.9,18.531
45.91,19.231
45.92,18.355
45.93,19.318
45.94,18.424
45.95,18.86
45.96,18.291
45.97,18.48
45.98,18.922
45.99,18.227
46,18.757
46.01,18.492
46.02,18.566
46.03,17.97
46.04,18.499
46.05,18.288
46.06,17.915
46.07,18.308
46.08,18.559
46.09,18.914
46.1,18.399
46.11,18.327
46.12,18.561
46.13,18.657
46.14,18.733
46.15,19.223
46.16,18.679
46.17,19.244
46.18,18.358
46.19,18.447
46.2,18.36
46.21,18.2
46.22,18.857
46.23,19.34
46.24,18.161
46.25,18.046
46.26,18.745
46.27,18.627
46.28,18.301
46.29,18.317
46.3,18.134
46.31,18.488
46.32,18.888
46.33,19.143
46.34,19.324
46.35,18.945
46.36,18.64
46.37,18.919
46.38,18.96
46.39,18.813
46.4,18.765
46.41,18.45
46.42,18.697
46.43,18.001
46.44,18.399
46.45,18.376
46.46,18.944
46.47,18.089
46.48,18.022
46.49,19.379
46.5,18.84
46.51,18.667
46.52,18.777
46.53,18.894
46.54,18.539
46.55,18.58
46.56,18.138
46.57,19.32
46.58,18.313
46.59,18.306
46.6,18.656
46.61,18.951
46.62,18.509
46.63,18.557
46.64,18.536
46.65,18.575
46.66,18.839
46.67,18.799
46.68,18.69
46.69,18.355
46.7,17.956
46.71,18.168
46.72,18.65
46.73,17.827
46.74,18.999
46.75,19.241
46.76,19.712
46.77,19.335
46.78,19.579
46.79,18.53
46.8,19.485
46.81,19.06
46.82,19.011
46.83,18.531
46.84,18.708
46.85,18.568
46.86,18.75
46.87,18.694
46.88,18.008
46.89,19.068
46.9,18.469
46.91,18.838
46.92,19.108
46.93,19.025
46.94,18.782
46.95,18.637
46.96,18.857
46.97,18.819
46.98,18.56
46.99,18.206
47,18.576
47.01,18.478
47.02,18.287
47.03,18.632
47.04,18.314
47.05,19.349
47.06,17.749
47.07,18.617
47.08,17.675
47.09,18.413
47.1,18.516
47.11,19.005
47.12,18.414
47.13,18.566
47.14,19.406
47.15,18.888
47.16,18.542
47.17,18.176
47.18,18.313
47.19,18.022
47.2,18.551
47.21,19.706
47.22,19.391
47.23,20.105
47.24,19.121
47.25,19.169
47.26,18.985
47.27,18.718
47.28,19.338
47.29,18.999
47.3,19.135
47.31,18.783
47.32,19.129
47.33,17.808
47.34,18.767
47.35,19.03
47.36,18.882
47.37,18.453
47.38,18.389
47.39,18.077
47.4,19.371
47.41,19.021
47.42,19.022
47.43,19.423
47.44,19.076
47.45,18.716
47.46,19.833
47.47,19.509
47.48,19.032
47.49,19.008
47.5,19.259
47.51,19.21
47.52,18.916
47.53,19.415
47.54,18.979
47.55,19.549
47.56,19
47.57,18.825
47.58,19.497
47.59,19.659
47.6,18.579
47.61,18.479
47.62,19.205
47.63,18.521
47.64,18.501
47.65,18.682
47.66,18.939
47.67,18.407
47.68,19.239
47.69,18.83
47.7,18.123
47.71,18.192
47.72,18.529
47.73,18.379
47.74,18.444
47.75,17.923
47.76,18.457
47.77,18.273
47.78,18.583
47.79,18.228
47.8,18.108
47.81,18.873
47.82,18.767
47.83,19.184
47.84,18.024
47.85,19.269
47.86,18.06
47.87,17.701
47.88,19.593
47.89,18.466
47.9,18.276
47.91,19.069
47.92,20.085
47.93,19.095
47.94,19.811
47.95,18.658
47.96,19.522
47.97,19.159
47.98,19.41
47.99,18.963
48,18.652
48.01,19.557
48.02,18.768
48.03,19.103
48.04,18.666
48.05,18.808
48.06,18.18
48.07,18.846
48.08,18.421
48.09,18.609
48.1,18.144
48.11,18.567
48.12,18.14
48.13,19.318
48.14,18.559
48.15,18.692
48.16,18.228
48.17,19.013
48.18,18.424
48.19,18.262
48.2,18.16
48.21,18.474
48.22,18.279
48.23,17.913
48.24,18.131
48.25,19.226
48.26,18.89
48.27,18.078
48.28,18.786
48.29,18.413
48.3,18.318
48.31,18.56
48.32,17.742
48.33,17.878
48.34,18.909
48.35,18.642
48.36,18.363
48.37,18.639
48.38,19.017
48.39,17.733
48.4,18.603
48.41,18.9
48.42,19.217
48.43,18.439
48.44,18.831
48.45,18.544
48.46,19.23
48.47,18.626
48.48,18.739
48.49,18.845
48.5,18.374
48.51,18.381
48.52,18.048
48.53,18.82
48.54,18.873
48.55,19.772
48.56,18.415
48.57,18.841
48.58,18.431
48.59,18.657
48.6,18.464
48.61,18.563
48.62,18.569
48.63,19.821
48.64,19.219
48.65,18.202
48.66,19.084
48.67,18.271
48.68,19.292
48.69,18.798
48.7,18.556
48.71,18.689
48.72,19.681
48.73,18.981
48.74,18.775
48.75,18.41
48.76,17.56
48.77,17.922
48.78,18.96
48.79,18.558
48.8,17.977
48.81,18.26
48.82,18.763
48.83,19.032
48.84,18.583
48.85,18.718
48.86,18.622
48.87,18.768
48.88,18.501
48.89,18.718
48.9,18.586
48.91,18.689
48.92,18.452
48.93,19.042
48.94,19.361
48.95,19.197
48.96,19.041
48.97,19.032
48.98,19.799
48.99,18.996
49,18.62
49.01,18.248
49.02,18.931
49.03,17.946
49.04,19.013
49.05,18.219
49.06,18.446
49.07,18.986
49.08,18.46
49.09,19.068
49.1,19.358
49.11,20.174
49.12,18.956
49.13,19.047
49.14,18.621
49.15,19.037
49.16,19.09
49.17,19.437
49.18,18.702
49.19,18.585
49.2,19.284
49.21,18.573
49.22,18.358
49.23,18.555
49.24,18.478
49.25,18.96
49.26,18.954
49.27,19.215
49.28,18.185
49.29,18.616
49.3,18.437
49.31,18.747
49.32,18.743
49.33,19.638
49.34,19.953
49.35,19.394
49.36,19.354
49.37,18.484
49.38,19.636
49.39,19.474
49.4,19.268
49.41,20.286
49.42,19.3
49.43,19.255
49.44,19.152
49.45,18.264
49.46,19.038
49.47,20.018
49.48,19.509
49.49,18.823
49.5,18.708
49.51,19.821
49.52,19.349
49.53,18.997
49.54,19.683
49.55,20.033
49.56,19.421
49.57,18.945
49.58,18.927
49.59,19.198
49.6,19.466
49.61,18.378
49.62,18.757
49.63,19.248
49.64,18.292
49.65,20.036
49.66,19.348
49.67,19.595
49.68,19.633
49.69,19.967
49.7,18.841
49.71,18.307
49.72,19.243
49.73,18.623
49.74,19.166
49.75,18.734
49.76,19.115
49.77,19.533
49.78,19.039
49.79,18.642
49.8,19.74
49.81,18.351
49.82,18.803
49.83,18.74
49.84,19.881
49.85,19.502
49.86,20.088
49.87,18.777
49.88,17.993
49.89,18.783
49.9,18.846
49.91,18.361
49.92,19.256
49.93,19.067
49.94,18.998
49.95,19.536
49.96,19.165
49.97,19.531
49.98,17.929
49.99,17.415
50,18.465
