0.000,0.739333
0.010,0.741170
0.020,0.735182
0.030,0.743860
0.040,0.735656
0.050,0.747091
0.060,0.741073
0.070,0.742777
0.080,0.737690
0.090,0.746649
0.100,0.739100
0.110,0.729017
0.120,0.739769
0.130,0.742536
0.140,0.757483
0.150,0.731487
0.160,0.723997
0.170,0.748456
0.180,0.743082
0.190,0.740958
0.200,0.741346
0.210,0.731526
0.220,0.741149
0.230,0.756727
0.240,0.750145
0.250,0.745128
0.260,0.725989
0.270,0.732861
0.280,0.730702
0.290,0.733516
0.300,0.731592
0.310,0.738547
0.320,0.737832
0.330,0.738270
0.340,0.752149
0.350,0.732478
0.360,0.731459
0.370,0.728703
0.380,0.733430
0.390,0.741672
0.400,0.732744
0.410,0.737568
0.420,0.733134
0.430,0.719962
0.440,0.731229
0.450,0.725393
0.460,0.738598
0.470,0.736296
0.480,0.739449
0.490,0.743069
0.500,0.723004
0.510,0.725877
0.520,0.726309
0.530,0.729308
0.540,0.717594
0.550,0.728777
0.560,0.728136
0.570,0.715734
0.580,0.732113
0.590,0.741066
0.600,0.724814
0.610,0.731120
0.620,0.740098
0.630,0.735139
0.640,0.730891
0.650,0.741608
0.660,0.726896
0.670,0.733473
0.680,0.732815
0.690,0.736698
0.700,0.736933
0.710,0.745597
0.720,0.743423
0.730,0.753308
0.740,0.740707
0.750,0.755709
0.760,0.729169
0.770,0.732158
0.780,0.722819
0.790,0.729528
0.800,0.761739
0.810,0.740532
0.820,0.733291
0.830,0.742611
0.840,0.747571
0.850,0.735090
0.860,0.734946
0.870,0.738789
0.880,0.747792
0.890,0.738685
0.900,0.762125
0.910,0.762283
0.920,0.748916
0.930,0.756628
0.940,0.762109
0.950,0.748416
0.960,0.753654
0.970,0.747537
0.980,0.744055
0.990,0.733545
1.000,0.740579
1.010,0.736551
1.020,0.738081
1.030,0.737159
1.040,0.745488
1.050,0.751277
1.060,0.754023
1.070,0.761905
1.080,0.761772
1.090,0.753852
1.100,0.766404
1.110,0.759330
1.120,0.747857
1.130,0.759255
1.140,0.757685
1.150,0.742978
1.160,0.748496
1.170,0.754350
1.180,0.755277
1.190,0.753738
1.200,0.756885
1.210,0.744022
1.220,0.752332
1.230,0.743627
1.240,0.739867
1.250,0.732514
1.260,0.748274
1.270,0.727234
1.280,0.727249
1.290,0.721207
1.300,0.719777
1.310,0.725309
1.320,0.718612
1.330,0.728977
1.340,0.731384
1.350,0.717787
1.360,0.727542
1.370,0.730262
1.380,0.733580
1.390,0.729650
1.400,0.728315
1.410,0.727495
1.420,0.716659
1.430,0.731572
1.440,0.714728
1.450,0.719924
1.460,0.718506
1.470,0.720478
1.480,0.719882
1.490,0.726216
1.500,0.721622
1.510,0.728320
1.520,0.727045
1.530,0.740620
1.540,0.736153
1.550,0.744215
1.560,0.721843
1.570,0.729853
1.580,0.718005
1.590,0.730651
1.600,0.719395
1.610,0.728112
1.620,0.727997
1.630,0.740405
1.640,0.750591
1.650,0.740083
1.660,0.760813
1.670,0.741929
1.680,0.740948
1.690,0.740566
1.700,0.721504
1.710,0.714733
1.720,0.717702
1.730,0.711973
1.740,0.713388
1.750,0.710648
1.760,0.714420
1.770,0.706023
1.780,0.709436
1.790,0.723336
1.800,0.707778
1.810,0.713601
1.820,0.705995
1.830,0.719124
1.840,0.713735
1.850,0.712416
1.860,0.722724
1.870,0.718509
1.880,0.713134
1.890,0.717496
1.900,0.720622
1.910,0.715905
1.920,0.722965
1.930,0.722073
1.940,0.724492
1.950,0.729670
1.960,0.735159
1.970,0.727908
1.980,0.721452
1.990,0.731121
2.000,0.717282
2.010,0.734259
2.020,0.730062
2.030,0.745289
2.040,0.731351
2.050,0.734439
2.060,0.736626
2.070,0.730446
2.080,0.738973
2.090,0.739628
2.100,0.733942
2.110,0.743560
2.120,0.745751
2.130,0.731521
2.140,0.732045
2.150,0.744274
2.160,0.735392
2.170,0.729187
2.180,0.743153
2.190,0.729738
2.200,0.719327
2.210,0.729707
2.220,0.731483
2.230,0.739977
2.240,0.740961
2.250,0.734756
2.260,0.732288
2.270,0.732030
2.280,0.720572
2.290,0.703576
2.300,0.716134
2.310,0.718292
2.320,0.717405
2.330,0.733272
2.340,0.720281
2.350,0.721839
2.360,0.723121
2.370,0.730429
2.380,0.723212
2.390,0.718761
2.400,0.723535
2.410,0.715443
2.420,0.725914
2.430,0.726410
2.440,0.714634
2.450,0.718871
2.460,0.730999
2.470,0.724430
2.480,0.726621
2.490,0.719429
2.500,0.728803
2.510,0.718558
2.520,0.732966
2.530,0.726703
2.540,0.732016
2.550,0.735228
2.560,0.733913
2.570,0.730885
2.580,0.730846
2.590,0.730549
2.600,0.733236
2.610,0.726781
2.620,0.725114
2.630,0.722733
2.640,0.730021
2.650,0.720204
2.660,0.733224
2.670,0.721698
2.680,0.726538
2.690,0.732740
2.700,0.730264
2.710,0.726796
2.720,0.737762
2.730,0.737576
2.740,0.740011
2.750,0.726302
2.760,0.742232
2.770,0.736525
2.780,0.735075
2.790,0.741181
2.800,0.728669
2.810,0.743091
2.820,0.727310
2.830,0.737947
2.840,0.736729
2.850,0.737028
2.860,0.722598
2.870,0.727278
2.880,0.738556
2.890,0.723475
2.900,0.716017
2.910,0.724595
2.920,0.722581
2.930,0.730227
2.940,0.734531
2.950,0.728654
2.960,0.723799
2.970,0.718937
2.980,0.718327
2.990,0.722968
3.000,0.728605
3.010,0.721881
3.020,0.710856
3.030,0.716145
3.040,0.715263
3.050,0.724899
3.060,0.733494
3.070,0.721298
3.080,0.726171
3.090,0.736176
3.100,0.727201
3.110,0.710962
3.120,0.733873
3.130,0.730435
3.140,0.736945
3.150,0.728583
3.160,0.731589
3.170,0.729423
3.180,0.748008
3.190,0.736193
3.200,0.721135
3.210,0.725672
3.220,0.725052
3.230,0.732876
3.240,0.727792
3.250,0.719898
3.260,0.726409
3.270,0.731555
3.280,0.730557
3.290,0.730863
3.300,0.728680
3.310,0.727789
3.320,0.734917
3.330,0.735134
3.340,0.712108
3.350,0.718889
3.360,0.722849
3.370,0.728819
3.380,0.725810
3.390,0.734197
3.400,0.728339
3.410,0.727683
3.420,0.732352
3.430,0.728425
3.440,0.716853
3.450,0.721029
3.460,0.721180
3.470,0.711812
3.480,0.737145
3.490,0.728090
3.500,0.725250
3.510,0.749286
3.520,0.734274
3.530,0.739916
3.540,0.729055
3.550,0.738576
3.560,0.734361
3.570,0.735814
3.580,0.740397
3.590,0.748205
3.600,0.751152
3.610,0.735334
3.620,0.741102
3.630,0.736834
3.640,0.736735
3.650,0.746637
3.660,0.744871
3.670,0.743395
3.680,0.747292
3.690,0.740687
3.700,0.733889
3.710,0.732948
3.720,0.740012
3.730,0.738031
3.740,0.739611
3.750,0.746575
3.760,0.738766
3.770,0.753719
3.780,0.744159
3.790,0.753267
3.800,0.736911
3.810,0.742185
3.820,0.749294
3.830,0.757951
3.840,0.773643
3.850,0.763217
3.860,0.751921
3.870,0.744545
3.880,0.763535
3.890,0.743053
3.900,0.753969
3.910,0.758511
3.920,0.762329
3.930,0.772563
3.940,0.754718
3.950,0.753538
3.960,0.744861
3.970,0.745174
3.980,0.750023
3.990,0.749142
4.000,0.746983
4.010,0.754849
4.020,0.748048
4.030,0.740694
4.040,0.729156
4.050,0.725662
4.060,0.727372
4.070,0.733754
4.080,0.726601
4.090,0.726452
4.100,0.724643
4.110,0.737408
4.120,0.734634
4.130,0.730565
4.140,0.729905
4.150,0.743708
4.160,0.740631
4.170,0.738229
4.180,0.732028
4.190,0.728707
4.200,0.725524
4.210,0.737490
4.220,0.730237
4.230,0.725806
4.240,0.732666
4.250,0.747012
4.260,0.726511
4.270,0.717454
4.280,0.722901
4.290,0.726098
4.300,0.727748
4.310,0.725614
4.320,0.725162
4.330,0.731050
4.340,0.732444
4.350,0.727776
4.360,0.732390
4.370,0.742025
4.380,0.738630
4.390,0.749160
4.400,0.761016
4.410,0.763376
4.420,0.749798
4.430,0.741498
4.440,0.728676
4.450,0.733928
4.460,0.740934
4.470,0.753329
4.480,0.758995
4.490,0.745367
4.500,0.734796
4.510,0.737255
4.520,0.737629
4.530,0.723217
4.540,0.735386
4.550,0.730743
4.560,0.734195
4.570,0.730436
4.580,0.736061
4.590,0.743519
4.600,0.735214
4.610,0.737647
4.620,0.743989
4.630,0.744607
4.640,0.742269
4.650,0.742890
4.660,0.727202
4.670,0.736554
4.680,0.722863
4.690,0.717175
4.700,0.727854
4.710,0.728321
4.720,0.744584
4.730,0.724219
4.740,0.735571
4.750,0.725769
4.760,0.738710
4.770,0.738989
4.780,0.723749
4.790,0.726209
4.800,0.731864
4.810,0.731439
4.820,0.746677
4.830,0.728911
4.840,0.743500
4.850,0.745601
4.860,0.728743
4.870,0.725762
4.880,0.727469
4.890,0.719923
4.900,0.732182
4.910,0.719895
4.920,0.726321
4.930,0.722342
4.940,0.732713
4.950,0.729980
4.960,0.738910
4.970,0.727825
4.980,0.728832
4.990,0.714338
5.000,0.719519
5.010,0.721004
5.020,0.728143
5.030,0.729587
5.040,0.717660
5.050,0.731593
5.060,0.743489
5.070,0.728342
5.080,0.735691
5.090,0.734571
5.100,0.734607
5.110,0.736120
5.120,0.718743
5.130,0.736820
5.140,0.722760
5.150,0.722321
5.160,0.737952
5.170,0.738119
5.180,0.727844
5.190,0.721281
5.200,0.724206
5.210,0.724111
5.220,0.721405
5.230,0.730281
5.240,0.739708
5.250,0.730821
5.260,0.722379
5.270,0.726558
5.280,0.737343
5.290,0.725485
5.300,0.736797
5.310,0.722269
5.320,0.725457
5.330,0.724001
5.340,0.744529
5.350,0.739780
5.360,0.729512
5.370,0.743787
5.380,0.750481
5.390,0.739656
5.400,0.729156
5.410,0.737851
5.420,0.748297
5.430,0.727087
5.440,0.732531
5.450,0.740503
5.460,0.725820
5.470,0.736932
5.480,0.735959
5.490,0.741240
5.500,0.739708
5.510,0.729807
5.520,0.732364
5.530,0.737409
5.540,0.728576
5.550,0.734321
5.560,0.741080
5.570,0.745978
5.580,0.732002
5.590,0.725939
5.600,0.726446
5.610,0.719049
5.620,0.724171
5.630,0.733156
5.640,0.734117
5.650,0.730428
5.660,0.725516
5.670,0.723778
5.680,0.724959
5.690,0.732802
5.700,0.724056
5.710,0.726887
5.720,0.737988
5.730,0.727826
5.740,0.733133
5.750,0.735662
5.760,0.730539
5.770,0.731931
5.780,0.730062
5.790,0.735434
5.800,0.740115
5.810,0.731695
5.820,0.736091
5.830,0.738947
5.840,0.740082
5.850,0.735964
5.860,0.720934
5.870,0.729062
5.880,0.724491
5.890,0.727817
5.900,0.725517
5.910,0.730016
5.920,0.723189
5.930,0.716214
5.940,0.726578
5.950,0.714620
5.960,0.732528
5.970,0.733617
5.980,0.720734
5.990,0.720184
6.000,0.727245
6.010,0.745485
6.020,0.732347
6.030,0.736385
6.040,0.740392
6.050,0.744258
6.060,0.730004
6.070,0.739764
6.080,0.732755
6.090,0.732645
6.100,0.733913
6.110,0.730469
6.120,0.738523
6.130,0.736978
6.140,0.735577
6.150,0.721356
6.160,0.732152
6.170,0.734065
6.180,0.736954
6.190,0.732201
6.200,0.728762
6.210,0.733235
6.220,0.735036
6.230,0.740651
6.240,0.743585
6.250,0.741580
6.260,0.755602
6.270,0.725269
6.280,0.739020
6.290,0.722816
6.300,0.726129
6.310,0.729233
6.320,0.735226
6.330,0.720827
6.340,0.723526
6.350,0.730386
6.360,0.720143
6.370,0.735844
6.380,0.736677
6.390,0.724685
6.400,0.728244
6.410,0.736136
6.420,0.733501
6.430,0.725803
6.440,0.732203
6.450,0.727281
6.460,0.728021
6.470,0.720876
6.480,0.725273
6.490,0.728479
6.500,0.731495
6.510,0.738282
6.520,0.742597
6.530,0.739652
6.540,0.739381
6.550,0.729288
6.560,0.742138
6.570,0.739818
6.580,0.722979
6.590,0.729671
6.600,0.733389
6.610,0.736611
6.620,0.725094
6.630,0.735324
6.640,0.737991
6.650,0.737096
6.660,0.736716
6.670,0.729953
6.680,0.722241
6.690,0.717435
6.700,0.732381
6.710,0.724411
6.720,0.723624
6.730,0.712359
6.740,0.724116
6.750,0.710904
6.760,0.713777
6.770,0.715779
6.780,0.731213
6.790,0.725360
6.800,0.718540
6.810,0.732422
6.820,0.735458
6.830,0.738580
6.840,0.731932
6.850,0.727716
6.860,0.711737
6.870,0.706277
6.880,0.717367
6.890,0.713494
6.900,0.714003
6.910,0.711490
6.920,0.701067
6.930,0.728061
6.940,0.713405
6.950,0.711022
6.960,0.722108
6.970,0.703260
6.980,0.719243
6.990,0.721340
7.000,0.729199
7.010,0.727799
7.020,0.733663
7.030,0.727841
7.040,0.713256
7.050,0.709285
7.060,0.718862
7.070,0.717414
7.080,0.718292
7.090,0.735637
7.100,0.717221
7.110,0.719502
7.120,0.730988
7.130,0.713791
7.140,0.715482
7.150,0.712128
7.160,0.725087
7.170,0.737947
7.180,0.736074
7.190,0.730505
7.200,0.731293
7.210,0.726630
7.220,0.730021
7.230,0.726799
7.240,0.724899
7.250,0.721016
7.260,0.735524
7.270,0.722800
7.280,0.731011
7.290,0.731200
7.300,0.709413
7.310,0.730830
7.320,0.731594
7.330,0.725047
7.340,0.725481
7.350,0.727926
7.360,0.732045
7.370,0.724065
7.380,0.718746
7.390,0.724307
7.400,0.727848
7.410,0.725396
7.420,0.724619
7.430,0.723683
7.440,0.727076
7.450,0.734383
7.460,0.727578
7.470,0.729246
7.480,0.733392
7.490,0.733616
7.500,0.741429
7.510,0.735769
7.520,0.727669
7.530,0.729268
7.540,0.735820
7.550,0.735755
7.560,0.738050
7.570,0.741066
7.580,0.736055
7.590,0.743950
7.600,0.734593
7.610,0.739832
7.620,0.741270
7.630,0.727800
7.640,0.742217
7.650,0.743570
7.660,0.729777
7.670,0.727632
7.680,0.727540
7.690,0.740318
7.700,0.734173
7.710,0.728548
7.720,0.722991
7.730,0.734836
7.740,0.731485
7.750,0.725133
7.760,0.721588
7.770,0.725097
7.780,0.726608
7.790,0.722346
7.800,0.721432
7.810,0.732212
7.820,0.734315
7.830,0.723659
7.840,0.715869
7.850,0.718510
7.860,0.716827
7.870,0.713821
7.880,0.710764
7.890,0.726165
7.900,0.722336
7.910,0.728959
7.920,0.714626
7.930,0.715670
7.940,0.707662
7.950,0.727537
7.960,0.726943
7.970,0.725811
7.980,0.722228
7.990,0.717684
8.000,0.716774
8.010,0.724349
8.020,0.714641
8.030,0.713230
8.040,0.728483
8.050,0.717168
8.060,0.718583
8.070,0.727235
8.080,0.717085
8.090,0.718502
8.100,0.735590
8.110,0.722325
8.120,0.712174
8.130,0.729770
8.140,0.716693
8.150,0.724385
8.160,0.724819
8.170,0.720414
8.180,0.717024
8.190,0.723437
8.200,0.725655
8.210,0.717430
8.220,0.716633
8.230,0.718754
8.240,0.718980
8.250,0.718032
8.260,0.725118
8.270,0.725446
8.280,0.719961
8.290,0.706535
8.300,0.721349
8.310,0.709810
8.320,0.714560
8.330,0.721533
8.340,0.726316
8.350,0.729010
8.360,0.734800
8.370,0.717649
8.380,0.720730
8.390,0.723047
8.400,0.727649
8.410,0.734963
8.420,0.721528
8.430,0.718000
8.440,0.718348
8.450,0.720351
8.460,0.720450
8.470,0.717539
8.480,0.715949
8.490,0.720111
8.500,0.728543
8.510,0.723759
8.520,0.718894
8.530,0.726295
8.540,0.717307
8.550,0.707563
8.560,0.718102
8.570,0.719019
8.580,0.729754
8.590,0.729701
8.600,0.720741
8.610,0.722763
8.620,0.714720
8.630,0.728882
8.640,0.721515
8.650,0.725305
8.660,0.716047
8.670,0.708321
8.680,0.718077
8.690,0.717316
8.700,0.722498
8.710,0.726645
8.720,0.730313
8.730,0.718507
8.740,0.720315
8.750,0.718466
8.760,0.727565
8.770,0.733557
8.780,0.733247
8.790,0.725784
8.800,0.724572
8.810,0.715922
8.820,0.727531
8.830,0.722648
8.840,0.718067
8.850,0.722105
8.860,0.713431
8.870,0.729878
8.880,0.732271
8.890,0.718719
8.900,0.719402
8.910,0.725984
8.920,0.736181
8.930,0.751453
8.940,0.725173
8.950,0.733837
8.960,0.732072
8.970,0.723332
8.980,0.734156
8.990,0.722970
9.000,0.742530
9.010,0.729739
9.020,0.726044
9.030,0.724111
9.040,0.727728
9.050,0.716881
9.060,0.716725
9.070,0.728721
9.080,0.720973
9.090,0.721364
9.100,0.718872
9.110,0.729682
9.120,0.719688
9.130,0.712661
9.140,0.714606
9.150,0.717399
9.160,0.712814
9.170,0.727916
9.180,0.711121
9.190,0.720324
9.200,0.720568
9.210,0.724691
9.220,0.723801
9.230,0.737240
9.240,0.733331
9.250,0.735644
9.260,0.727377
9.270,0.721775
9.280,0.725368
9.290,0.727150
9.300,0.717682
9.310,0.718739
9.320,0.723478
9.330,0.723081
9.340,0.730575
9.350,0.731927
9.360,0.721413
9.370,0.715191
9.380,0.719351
9.390,0.723381
9.400,0.719257
9.410,0.723836
9.420,0.720774
9.430,0.730459
9.440,0.727033
9.450,0.716411
9.460,0.714405
9.470,0.711697
9.480,0.708780
9.490,0.721806
9.500,0.721009
9.510,0.710732
9.520,0.706542
9.530,0.708918
9.540,0.726082
9.550,0.727862
9.560,0.726059
9.570,0.725890
9.580,0.730047
9.590,0.725152
9.600,0.735133
9.610,0.728598
9.620,0.717868
9.630,0.709038
9.640,0.723083
9.650,0.717065
9.660,0.712719
9.670,0.714190
9.680,0.729154
9.690,0.727103
9.700,0.723320
9.710,0.715235
9.720,0.722818
9.730,0.709529
9.740,0.715501
9.750,0.712365
9.760,0.724671
9.770,0.714298
9.780,0.716570
9.790,0.715972
9.800,0.717252
9.810,0.717175
9.820,0.719897
9.830,0.725653
9.840,0.725981
9.850,0.726113
9.860,0.726031
9.870,0.722062
9.880,0.712302
9.890,0.723202
9.900,0.722350
9.910,0.726890
9.920,0.720043
9.930,0.718105
9.940,0.718589
9.950,0.721032
9.960,0.715804
9.970,0.717284
9.980,0.716599
9.990,0.725995
10.000,0.719906
10.010,0.718002
10.020,0.719253
10.030,0.720563
10.040,0.728725
10.050,0.719204
10.060,0.727026
10.070,0.722820
10.080,0.726906
10.090,0.716459
10.100,0.729922
10.110,0.731981
10.120,0.723418
10.130,0.719914
10.140,0.728840
10.150,0.720914
10.160,0.720305
10.170,0.726880
10.180,0.734802
10.190,0.729840
10.200,0.725002
10.210,0.726052
10.220,0.719558
10.230,0.721258
10.240,0.714174
10.250,0.718065
10.260,0.709202
10.270,0.737854
10.280,0.734749
10.290,0.742276
10.300,0.731368
10.310,0.723596
10.320,0.721004
10.330,0.734078
10.340,0.728026
10.350,0.720529
10.360,0.718528
10.370,0.726950
10.380,0.723405
10.390,0.725410
10.400,0.728853
10.410,0.732907
10.420,0.729896
10.430,0.735356
10.440,0.729638
10.450,0.725316
10.460,0.735771
10.470,0.733029
10.480,0.733288
10.490,0.727510
10.500,0.724103
10.510,0.727279
10.520,0.724332
10.530,0.728907
10.540,0.725020
10.550,0.722333
10.560,0.721033
10.570,0.722587
10.580,0.727193
10.590,0.726484
10.600,0.724512
10.610,0.721492
10.620,0.731340
10.630,0.730647
10.640,0.729523
10.650,0.727600
10.660,0.734562
10.670,0.727858
10.680,0.739300
10.690,0.733077
10.700,0.723046
10.710,0.730242
10.720,0.733555
10.730,0.732700
10.740,0.725904
10.750,0.728961
10.760,0.737635
10.770,0.730670
10.780,0.733986
10.790,0.733277
10.800,0.745567
10.810,0.728208
10.820,0.740052
10.830,0.736408
10.840,0.750089
10.850,0.740996
10.860,0.735293
10.870,0.743285
10.880,0.735338
10.890,0.736153
10.900,0.738291
10.910,0.740103
10.920,0.739237
10.930,0.733588
10.940,0.732125
10.950,0.733904
10.960,0.738042
10.970,0.739138
10.980,0.732166
10.990,0.736699
11.000,0.728864
11.010,0.736799
11.020,0.736347
11.030,0.732977
11.040,0.730046
11.050,0.741404
11.060,0.732482
11.070,0.733818
11.080,0.733369
11.090,0.739201
11.100,0.741637
11.110,0.743322
11.120,0.738681
11.130,0.733163
11.140,0.734188
11.150,0.730500
11.160,0.739266
11.170,0.731851
11.180,0.733091
11.190,0.736593
11.200,0.727982
11.210,0.740526
11.220,0.736904
11.230,0.738185
11.240,0.725529
11.250,0.732079
11.260,0.748289
11.270,0.732278
11.280,0.728630
11.290,0.730967
11.300,0.721423
11.310,0.725507
11.320,0.737798
11.330,0.733810
11.340,0.731925
11.350,0.727321
11.360,0.739372
11.370,0.732405
11.380,0.720244
11.390,0.732695
11.400,0.720878
11.410,0.721906
11.420,0.717749
11.430,0.720652
11.440,0.722247
11.450,0.739572
11.460,0.719031
11.470,0.718094
11.480,0.716071
11.490,0.719214
11.500,0.734572
11.510,0.718906
11.520,0.730762
11.530,0.728589
11.540,0.720960
11.550,0.723188
11.560,0.730291
11.570,0.721002
11.580,0.717793
11.590,0.717736
11.600,0.712996
11.610,0.721941
11.620,0.728233
11.630,0.719897
11.640,0.713321
11.650,0.724609
11.660,0.724531
11.670,0.729872
11.680,0.725472
11.690,0.723043
11.700,0.732135
11.710,0.741629
11.720,0.732165
11.730,0.740660
11.740,0.737368
11.750,0.731863
11.760,0.725736
11.770,0.720373
11.780,0.717579
11.790,0.716817
11.800,0.715217
11.810,0.711938
11.820,0.716473
11.830,0.711873
11.840,0.717181
11.850,0.703726
11.860,0.726580
11.870,0.726737
11.880,0.718371
11.890,0.722139
11.900,0.724906
11.910,0.715684
11.920,0.717921
11.930,0.723132
11.940,0.714342
11.950,0.720728
11.960,0.715845
11.970,0.710046
11.980,0.714145
11.990,0.718202
12.000,0.721297
12.010,0.718317
12.020,0.714344
12.030,0.721967
12.040,0.725346
12.050,0.724561
12.060,0.715149
12.070,0.728608
12.080,0.722169
12.090,0.725687
12.100,0.727727
12.110,0.727518
12.120,0.728237
12.130,0.709237
12.140,0.728866
12.150,0.725231
12.160,0.722088
12.170,0.709693
12.180,0.716709
12.190,0.716466
12.200,0.716292
12.210,0.717556
12.220,0.713876
12.230,0.720589
12.240,0.720745
12.250,0.719688
12.260,0.723727
12.270,0.717287
12.280,0.725081
12.290,0.726429
12.300,0.724896
12.310,0.722823
12.320,0.729438
12.330,0.721843
12.340,0.715949
12.350,0.725961
12.360,0.726123
12.370,0.732367
12.380,0.743849
12.390,0.727353
12.400,0.734556
12.410,0.727522
12.420,0.725346
12.430,0.733918
12.440,0.727386
12.450,0.727546
12.460,0.723008
12.470,0.723607
12.480,0.724525
12.490,0.726833
12.500,0.729016
12.510,0.724060
12.520,0.730369
12.530,0.729392
12.540,0.715733
12.550,0.723078
12.560,0.717494
12.570,0.716645
12.580,0.719445
12.590,0.717708
12.600,0.729331
12.610,0.720247
12.620,0.720001
12.630,0.730664
12.640,0.725918
12.650,0.720774
12.660,0.718021
12.670,0.726737
12.680,0.733131
12.690,0.726388
12.700,0.721834
12.710,0.729269
12.720,0.717769
12.730,0.717261
12.740,0.728871
12.750,0.714477
12.760,0.721011
12.770,0.716170
12.780,0.723809
12.790,0.731893
12.800,0.722116
12.810,0.719166
12.820,0.727418
12.830,0.716055
12.840,0.729391
12.850,0.725918
12.860,0.720140
12.870,0.729266
12.880,0.730164
12.890,0.730519
12.900,0.737921
12.910,0.737740
12.920,0.726070
12.930,0.732679
12.940,0.726039
12.950,0.732183
12.960,0.742570
12.970,0.745237
12.980,0.731260
12.990,0.730898
13.000,0.733180
13.010,0.734498
13.020,0.730519
13.030,0.734052
13.040,0.721520
13.050,0.716174
13.060,0.723479
13.070,0.726026
13.080,0.728749
13.090,0.728768
13.100,0.727704
13.110,0.728613
13.120,0.727509
13.130,0.716734
13.140,0.722597
13.150,0.715031
13.160,0.713486
13.170,0.731695
13.180,0.732205
13.190,0.723469
13.200,0.732865
13.210,0.736850
13.220,0.735277
13.230,0.727654
13.240,0.734571
13.250,0.738461
13.260,0.731580
13.270,0.730344
13.280,0.731677
13.290,0.723710
13.300,0.732989
13.310,0.728322
13.320,0.728599
13.330,0.720511
13.340,0.718569
13.350,0.721332
13.360,0.725156
13.370,0.726439
13.380,0.720058
13.390,0.731161
13.400,0.724961
13.410,0.726157
13.420,0.736500
13.430,0.743583
13.440,0.736355
13.450,0.733678
13.460,0.726031
13.470,0.731442
13.480,0.738081
13.490,0.739494
13.500,0.742937
13.510,0.737503
13.520,0.744175
13.530,0.754748
13.540,0.750187
13.550,0.747729
13.560,0.736424
13.570,0.731122
13.580,0.744378
13.590,0.742419
13.600,0.739161
13.610,0.737060
13.620,0.729518
13.630,0.741538
13.640,0.733785
13.650,0.739143
13.660,0.741089
13.670,0.738413
13.680,0.741080
13.690,0.740695
13.700,0.736040
13.710,0.747977
13.720,0.738501
13.730,0.741737
13.740,0.742020
13.750,0.740434
13.760,0.746817
13.770,0.748543
13.780,0.745103
13.790,0.733286
13.800,0.740503
13.810,0.744029
13.820,0.744579
13.830,0.739241
13.840,0.737548
13.850,0.743806
13.860,0.734174
13.870,0.738597
13.880,0.744399
13.890,0.734818
13.900,0.740951
13.910,0.737135
13.920,0.743448
13.930,0.740336
13.940,0.737883
13.950,0.747474
13.960,0.746287
13.970,0.746090
13.980,0.738197
13.990,0.751130
14.000,0.746633
14.010,0.746689
14.020,0.744692
14.030,0.737322
14.040,0.737284
14.050,0.734935
14.060,0.739277
14.070,0.734188
14.080,0.740834
14.090,0.747224
14.100,0.745218
14.110,0.749249
14.120,0.749099
14.130,0.743320
14.140,0.746962
14.150,0.750687
14.160,0.739591
14.170,0.740421
14.180,0.738506
14.190,0.734558
14.200,0.752171
14.210,0.743797
14.220,0.737478
14.230,0.748585
14.240,0.747309
14.250,0.735465
14.260,0.744530
14.270,0.734983
14.280,0.738301
14.290,0.740171
14.300,0.738561
14.310,0.731680
14.320,0.743094
14.330,0.736262
14.340,0.734130
14.350,0.734264
14.360,0.735433
14.370,0.724684
14.380,0.744661
14.390,0.737474
14.400,0.738950
14.410,0.742053
14.420,0.733273
14.430,0.725587
14.440,0.734403
14.450,0.734746
14.460,0.728812
14.470,0.728382
14.480,0.737016
14.490,0.738076
14.500,0.734498
14.510,0.730132
14.520,0.730222
14.530,0.727792
14.540,0.734995
14.550,0.742249
14.560,0.735376
14.570,0.718270
14.580,0.724994
14.590,0.731580
14.600,0.737857
14.610,0.739176
14.620,0.735037
14.630,0.744845
14.640,0.744278
14.650,0.734526
14.660,0.747157
14.670,0.750779
14.680,0.750251
14.690,0.738996
14.700,0.739309
14.710,0.740660
14.720,0.734250
14.730,0.740996
14.740,0.731013
14.750,0.733650
14.760,0.744091
14.770,0.739035
14.780,0.755010
14.790,0.752806
14.800,0.746355
14.810,0.754207
14.820,0.747223
14.830,0.744017
14.840,0.742018
14.850,0.738944
14.860,0.745745
14.870,0.751883
14.880,0.746372
14.890,0.744701
14.900,0.752448
14.910,0.751842
14.920,0.744253
14.930,0.751209
14.940,0.739107
14.950,0.739523
14.960,0.739292
14.970,0.740013
14.980,0.742765
14.990,0.736745
15.000,0.750917
15.010,0.748464
15.020,0.747557
15.030,0.752125
15.040,0.742126
15.050,0.747140
15.060,0.742712
15.070,0.744613
15.080,0.744746
15.090,0.748700
15.100,0.741598
15.110,0.747381
15.120,0.737305
15.130,0.740822
15.140,0.744749
15.150,0.747217
15.160,0.742184
15.170,0.742129
15.180,0.743478
15.190,0.746821
15.200,0.742174
15.210,0.738379
15.220,0.746238
15.230,0.740167
15.240,0.744541
15.250,0.741602
15.260,0.738880
15.270,0.737489
15.280,0.754418
15.290,0.749504
15.300,0.749243
15.310,0.755205
15.320,0.752717
15.330,0.754634
15.340,0.744745
15.350,0.738053
15.360,0.742151
15.370,0.733367
15.380,0.739717
15.390,0.733810
15.400,0.739714
15.410,0.741218
15.420,0.740247
15.430,0.736548
15.440,0.734526
15.450,0.732166
15.460,0.742595
15.470,0.734455
15.480,0.742533
15.490,0.730169
15.500,0.742430
15.510,0.742791
15.520,0.739139
15.530,0.744717
15.540,0.746263
15.550,0.747304
15.560,0.749973
15.570,0.744032
15.580,0.734982
15.590,0.733284
15.600,0.726311
15.610,0.739245
15.620,0.737059
15.630,0.723879
15.640,0.736064
15.650,0.741514
15.660,0.742865
15.670,0.744690
15.680,0.734744
15.690,0.725009
15.700,0.735719
15.710,0.730163
15.720,0.741378
15.730,0.738699
15.740,0.730545
15.750,0.738586
15.760,0.738708
15.770,0.736002
15.780,0.743315
15.790,0.719773
15.800,0.739352
15.810,0.742438
15.820,0.738800
15.830,0.725718
15.840,0.726970
15.850,0.717547
15.860,0.732879
15.870,0.733499
15.880,0.730229
15.890,0.733413
15.900,0.731292
15.910,0.745706
15.920,0.739653
15.930,0.709532
15.940,0.714549
15.950,0.730354
15.960,0.716800
15.970,0.723281
15.980,0.721718
15.990,0.713238
16.000,0.720911
16.010,0.724984
16.020,0.732838
16.030,0.732258
16.040,0.726665
16.050,0.731244
16.060,0.736138
16.070,0.742065
16.080,0.744426
16.090,0.716062
16.100,0.723122
16.110,0.737511
16.120,0.733625
16.130,0.734659
16.140,0.724891
16.150,0.717181
16.160,0.715101
16.170,0.714590
16.180,0.724406
16.190,0.728660
16.200,0.733740
16.210,0.729266
16.220,0.728556
16.230,0.733360
16.240,0.726053
16.250,0.720887
16.260,0.728968
16.270,0.715995
16.280,0.720180
16.290,0.721972
16.300,0.722271
16.310,0.709210
16.320,0.708947
16.330,0.726601
16.340,0.735616
16.350,0.720157
16.360,0.718511
16.370,0.733829
16.380,0.727383
16.390,0.728617
16.400,0.726701
16.410,0.716362
16.420,0.731214
16.430,0.713730
16.440,0.719363
16.450,0.731140
16.460,0.720887
16.470,0.725585
16.480,0.720229
16.490,0.723383
16.500,0.716209
16.510,0.720943
16.520,0.725108
16.530,0.723473
16.540,0.724562
16.550,0.716890
16.560,0.717066
16.570,0.727149
16.580,0.725372
16.590,0.716067
16.600,0.728080
16.610,0.726940
16.620,0.718246
16.630,0.711132
16.640,0.717733
16.650,0.712696
16.660,0.714341
16.670,0.724357
16.680,0.714167
16.690,0.718352
16.700,0.719499
16.710,0.716278
16.720,0.727429
16.730,0.724925
16.740,0.714718
16.750,0.727787
16.760,0.720808
16.770,0.719789
16.780,0.719111
16.790,0.717359
16.800,0.729654
16.810,0.731989
16.820,0.731911
16.830,0.724666
16.840,0.728564
16.850,0.732799
16.860,0.721492
16.870,0.734738
16.880,0.719146
16.890,0.721690
16.900,0.717334
16.910,0.715804
16.920,0.721168
16.930,0.719721
16.940,0.710439
16.950,0.713144
16.960,0.718951
16.970,0.717051
16.980,0.718820
16.990,0.716758
17.000,0.715982
17.010,0.714304
17.020,0.725079
17.030,0.724502
17.040,0.722040
17.050,0.715741
17.060,0.721891
17.070,0.708205
17.080,0.709050
17.090,0.714531
17.100,0.719033
17.110,0.719136
17.120,0.724232
17.130,0.715161
17.140,0.717669
17.150,0.715486
17.160,0.712492
17.170,0.725194
17.180,0.728056
17.190,0.715093
17.200,0.719560
17.210,0.711360
17.220,0.716554
17.230,0.725201
17.240,0.716582
17.250,0.730995
17.260,0.725701
17.270,0.713817
17.280,0.730734
17.290,0.738956
17.300,0.729795
17.310,0.731356
17.320,0.731488
17.330,0.714496
17.340,0.739164
17.350,0.730118
17.360,0.730922
17.370,0.737089
17.380,0.732580
17.390,0.736622
17.400,0.734250
17.410,0.734952
17.420,0.737328
17.430,0.733630
17.440,0.736986
17.450,0.732434
17.460,0.731958
17.470,0.736596
17.480,0.739123
17.490,0.726731
17.500,0.738310
17.510,0.732464
17.520,0.735683
17.530,0.731814
17.540,0.731923
17.550,0.741292
17.560,0.739899
17.570,0.720506
17.580,0.723599
17.590,0.720499
17.600,0.722091
17.610,0.728127
17.620,0.739508
17.630,0.741049
17.640,0.740780
17.650,0.736178
17.660,0.736652
17.670,0.754026
17.680,0.746266
17.690,0.728269
17.700,0.735366
17.710,0.729395
17.720,0.731765
17.730,0.723190
17.740,0.725883
17.750,0.725284
17.760,0.735986
17.770,0.722100
17.780,0.727060
17.790,0.722406
17.800,0.713028
17.810,0.719764
17.820,0.725012
17.830,0.720036
17.840,0.719364
17.850,0.706187
17.860,0.714020
17.870,0.711108
17.880,0.712404
17.890,0.724251
17.900,0.713586
17.910,0.721812
17.920,0.711420
17.930,0.709078
17.940,0.711996
17.950,0.706089
17.960,0.711288
17.970,0.715562
17.980,0.715349
17.990,0.700485
18.000,0.720694
18.010,0.707880
18.020,0.714045
18.030,0.722542
18.040,0.719654
18.050,0.714501
18.060,0.718167
18.070,0.722482
18.080,0.711869
18.090,0.714248
18.100,0.709207
18.110,0.712289
18.120,0.711451
18.130,0.716814
18.140,0.721095
18.150,0.735359
18.160,0.727006
18.170,0.719421
18.180,0.719970
18.190,0.727693
18.200,0.729705
18.210,0.719783
18.220,0.710440
18.230,0.719441
18.240,0.733175
18.250,0.719702
18.260,0.725291
18.270,0.729748
18.280,0.725146
18.290,0.722996
18.300,0.713944
18.310,0.704074
18.320,0.710184
18.330,0.708599
18.340,0.699186
18.350,0.704413
18.360,0.707076
18.370,0.707439
18.380,0.704435
18.390,0.703678
18.400,0.707573
18.410,0.710222
18.420,0.711201
18.430,0.698122
18.440,0.708702
18.450,0.701328
18.460,0.705619
18.470,0.711910
18.480,0.705736
18.490,0.706759
18.500,0.712180
18.510,0.714651
18.520,0.721222
18.530,0.725149
18.540,0.715476
18.550,0.711812
18.560,0.714227
18.570,0.708686
18.580,0.711812
18.590,0.695666
18.600,0.694939
18.610,0.701400
18.620,0.698355
18.630,0.700879
18.640,0.698308
18.650,0.698958
18.660,0.696840
18.670,0.702889
18.680,0.709199
18.690,0.708589
18.700,0.703761
18.710,0.712842
18.720,0.701775
18.730,0.716261
18.740,0.701048
18.750,0.692636
18.760,0.703359
18.770,0.699343
18.780,0.698064
18.790,0.698683
18.800,0.699402
18.810,0.708221
18.820,0.706230
18.830,0.707840
18.840,0.715287
18.850,0.711486
18.860,0.717857
18.870,0.725260
18.880,0.726553
18.890,0.724263
18.900,0.721122
18.910,0.723069
18.920,0.716206
18.930,0.719592
18.940,0.711042
18.950,0.720740
18.960,0.729936
18.970,0.728794
18.980,0.735304
18.990,0.730871
19.000,0.722966
19.010,0.730725
19.020,0.725705
19.030,0.721439
19.040,0.725240
19.050,0.738541
19.060,0.716515
19.070,0.718128
19.080,0.722635
19.090,0.718317
19.100,0.719043
19.110,0.708597
19.120,0.722015
19.130,0.738689
19.140,0.723795
19.150,0.721169
19.160,0.734639
19.170,0.723653
19.180,0.724478
19.190,0.729090
19.200,0.724057
19.210,0.723582
19.220,0.713652
19.230,0.718498
19.240,0.713712
19.250,0.718547
19.260,0.715147
19.270,0.719404
19.280,0.709984
19.290,0.718601
19.300,0.715291
19.310,0.722388
19.320,0.719952
19.330,0.719138
19.340,0.727233
19.350,0.740325
19.360,0.726834
19.370,0.734997
19.380,0.732770
19.390,0.732693
19.400,0.727441
19.410,0.720728
19.420,0.729131
19.430,0.728283
19.440,0.730139
19.450,0.727697
19.460,0.723328
19.470,0.722768
19.480,0.732156
19.490,0.721479
19.500,0.734410
19.510,0.720169
19.520,0.735739
19.530,0.732517
19.540,0.731849
19.550,0.726031
19.560,0.719217
19.570,0.715811
19.580,0.717960
19.590,0.717655
19.600,0.713607
19.610,0.707717
19.620,0.711928
19.630,0.703861
19.640,0.712889
19.650,0.715976
19.660,0.722845
19.670,0.712404
19.680,0.706679
19.690,0.713497
19.700,0.719764
19.710,0.731105
19.720,0.742077
19.730,0.732610
19.740,0.727305
19.750,0.737541
19.760,0.729445
19.770,0.729727
19.780,0.725778
19.790,0.723876
19.800,0.720730
19.810,0.733319
19.820,0.731635
19.830,0.728303
19.840,0.728586
19.850,0.719567
19.860,0.722985
19.870,0.726762
19.880,0.723922
19.890,0.727157
19.900,0.726727
19.910,0.729947
19.920,0.716849
19.930,0.726405
19.940,0.722657
19.950,0.723128
19.960,0.737373
19.970,0.731664
19.980,0.717437
19.990,0.745378
20.000,0.744945
20.010,0.735615
20.020,0.740382
20.030,0.739312
20.040,0.732953
20.050,0.735183
20.060,0.716650
20.070,0.737882
20.080,0.729190
20.090,0.724849
20.100,0.726896
20.110,0.721838
20.120,0.717767
20.130,0.724123
20.140,0.730756
20.150,0.718838
20.160,0.725377
20.170,0.721856
20.180,0.728361
20.190,0.723912
20.200,0.716321
20.210,0.723111
20.220,0.724522
20.230,0.718188
20.240,0.720014
20.250,0.721453
20.260,0.726595
20.270,0.727828
20.280,0.725538
20.290,0.721294
20.300,0.719238
20.310,0.728024
20.320,0.719455
20.330,0.707959
20.340,0.718583
20.350,0.709970
20.360,0.726128
20.370,0.714257
20.380,0.715443
20.390,0.716291
20.400,0.719250
20.410,0.726630
20.420,0.749738
20.430,0.721603
20.440,0.732690
20.450,0.730592
20.460,0.729762
20.470,0.731259
20.480,0.727267
20.490,0.729415
20.500,0.723279
20.510,0.730530
20.520,0.761471
20.530,0.727260
20.540,0.724137
20.550,0.719057
20.560,0.721085
20.570,0.731410
20.580,0.728710
20.590,0.722960
20.600,0.735050
20.610,0.733399
20.620,0.749365
20.630,0.746558
20.640,0.741510
20.650,0.732362
20.660,0.722347
20.670,0.738356
20.680,0.729624
20.690,0.728161
20.700,0.740401
20.710,0.741411
20.720,0.730395
20.730,0.741459
20.740,0.733915
20.750,0.735019
20.760,0.747410
20.770,0.732017
20.780,0.721365
20.790,0.722767
20.800,0.714268
20.810,0.718524
20.820,0.718459
20.830,0.716299
20.840,0.711611
20.850,0.714395
20.860,0.717903
20.870,0.718961
20.880,0.722074
20.890,0.717045
20.900,0.723363
20.910,0.718893
20.920,0.723003
20.930,0.733328
20.940,0.733614
20.950,0.743050
20.960,0.722904
20.970,0.727977
20.980,0.733319
20.990,0.733728
21.000,0.718919
21.010,0.724591
21.020,0.726084
21.030,0.720533
21.040,0.717610
21.050,0.720963
21.060,0.723292
21.070,0.731981
21.080,0.741003
21.090,0.738640
21.100,0.723209
21.110,0.730758
21.120,0.725259
21.130,0.723398
21.140,0.731088
21.150,0.723728
21.160,0.723978
21.170,0.715835
21.180,0.723023
21.190,0.726101
21.200,0.719474
21.210,0.729319
21.220,0.717215
21.230,0.733305
21.240,0.723524
21.250,0.723633
21.260,0.718785
21.270,0.719348
21.280,0.737924
21.290,0.734175
21.300,0.730892
21.310,0.715081
21.320,0.721514
21.330,0.722257
21.340,0.726147
21.350,0.724384
21.360,0.721709
21.370,0.718794
21.380,0.736631
21.390,0.727492
21.400,0.730606
21.410,0.719323
21.420,0.743526
21.430,0.728946
21.440,0.731140
21.450,0.738295
21.460,0.724334
21.470,0.732438
21.480,0.733529
21.490,0.729837
21.500,0.726698
21.510,0.722082
21.520,0.723618
21.530,0.726243
21.540,0.713756
21.550,0.724440
21.560,0.715345
21.570,0.725981
21.580,0.723312
21.590,0.714795
21.600,0.718096
21.610,0.726169
21.620,0.722016
21.630,0.718472
21.640,0.722020
21.650,0.733934
21.660,0.727941
21.670,0.716099
21.680,0.737163
21.690,0.730824
21.700,0.711563
21.710,0.716055
21.720,0.715061
21.730,0.724592
21.740,0.719387
21.750,0.720679
21.760,0.729738
21.770,0.722960
21.780,0.737621
21.790,0.736073
21.800,0.734694
21.810,0.725600
21.820,0.725939
21.830,0.737178
21.840,0.739695
21.850,0.731701
21.860,0.726878
21.870,0.724079
21.880,0.720743
21.890,0.740274
21.900,0.731085
21.910,0.736276
21.920,0.742705
21.930,0.727391
21.940,0.741456
21.950,0.743827
21.960,0.728087
21.970,0.731117
21.980,0.730750
21.990,0.731877
22.000,0.741158
22.010,0.741449
22.020,0.728845
22.030,0.741948
22.040,0.730468
22.050,0.727591
22.060,0.734202
22.070,0.734451
22.080,0.736934
22.090,0.721994
22.100,0.728008
22.110,0.745949
22.120,0.743910
22.130,0.739605
22.140,0.734621
22.150,0.754354
22.160,0.751579
22.170,0.750471
22.180,0.751012
22.190,0.749944
22.200,0.745352
22.210,0.755741
22.220,0.754023
22.230,0.744617
22.240,0.757192
22.250,0.742997
22.260,0.757435
22.270,0.771786
22.280,0.773817
22.290,0.761674
22.300,0.756616
22.310,0.758626
22.320,0.776939
22.330,0.763053
22.340,0.736116
22.350,0.741031
22.360,0.729440
22.370,0.726875
22.380,0.732861
22.390,0.733797
22.400,0.732909
22.410,0.743328
22.420,0.729961
22.430,0.742514
22.440,0.731082
22.450,0.730980
22.460,0.720801
22.470,0.735083
22.480,0.736688
22.490,0.740765
22.500,0.741735
22.510,0.740464
22.520,0.735438
22.530,0.733342
22.540,0.730840
22.550,0.742301
22.560,0.736838
22.570,0.736949
22.580,0.740237
22.590,0.722815
22.600,0.724009
22.610,0.726757
22.620,0.730505
22.630,0.736973
22.640,0.725609
22.650,0.727703
22.660,0.725749
22.670,0.734266
22.680,0.728359
22.690,0.744970
22.700,0.730613
22.710,0.724542
22.720,0.719884
22.730,0.731189
22.740,0.723801
22.750,0.741058
22.760,0.728557
22.770,0.733469
22.780,0.741081
22.790,0.731699
22.800,0.728293
22.810,0.740003
22.820,0.736329
22.830,0.731029
22.840,0.728420
22.850,0.736507
22.860,0.740899
22.870,0.738023
22.880,0.731180
22.890,0.731366
22.900,0.726153
22.910,0.717525
22.920,0.717185
22.930,0.717951
22.940,0.731683
22.950,0.732653
22.960,0.724514
22.970,0.709065
22.980,0.717327
22.990,0.720750
23.000,0.727416
23.010,0.723536
23.020,0.726108
23.030,0.720752
23.040,0.731884
23.050,0.723671
23.060,0.720035
23.070,0.726644
23.080,0.730057
23.090,0.727125
23.100,0.724973
23.110,0.735372
23.120,0.735974
23.130,0.721777
23.140,0.732986
23.150,0.724111
23.160,0.719692
23.170,0.737727
23.180,0.717763
23.190,0.728798
23.200,0.716861
23.210,0.716829
23.220,0.722481
23.230,0.723060
23.240,0.722078
23.250,0.715431
23.260,0.718916
23.270,0.721689
23.280,0.725821
23.290,0.719046
23.300,0.719265
23.310,0.728564
23.320,0.735013
23.330,0.734671
23.340,0.737068
23.350,0.722013
23.360,0.732097
23.370,0.733443
23.380,0.728353
23.390,0.741312
23.400,0.743844
23.410,0.740721
23.420,0.740832
23.430,0.741441
23.440,0.736825
23.450,0.749318
23.460,0.749477
23.470,0.755194
23.480,0.747042
23.490,0.744214
23.500,0.735944
23.510,0.736065
23.520,0.725006
23.530,0.745303
23.540,0.733917
23.550,0.721772
23.560,0.740396
23.570,0.733300
23.580,0.736053
23.590,0.745144
23.600,0.731364
23.610,0.735465
23.620,0.738661
23.630,0.729213
23.640,0.734231
23.650,0.735363
23.660,0.734614
23.670,0.733671
23.680,0.724912
23.690,0.725011
23.700,0.723889
23.710,0.733771
23.720,0.727254
23.730,0.722786
23.740,0.724168
23.750,0.728629
23.760,0.728735
23.770,0.719145
23.780,0.724202
23.790,0.710707
23.800,0.714567
23.810,0.722995
23.820,0.712393
23.830,0.717507
23.840,0.727543
23.850,0.731594
23.860,0.723894
23.870,0.725315
23.880,0.727863
23.890,0.729530
23.900,0.726222
23.910,0.721017
23.920,0.715719
23.930,0.721933
23.940,0.712298
23.950,0.706951
23.960,0.710502
23.970,0.717478
23.980,0.721276
23.990,0.720400
24.000,0.713890
24.010,0.700856
24.020,0.697565
24.030,0.709203
24.040,0.705616
24.050,0.711241
24.060,0.709768
24.070,0.710450
24.080,0.702924
24.090,0.702624
24.100,0.708313
24.110,0.709419
24.120,0.698566
24.130,0.695556
24.140,0.705206
24.150,0.695191
24.160,0.701443
24.170,0.705356
24.180,0.698176
24.190,0.703167
24.200,0.706758
24.210,0.713640
24.220,0.714895
24.230,0.720411
24.240,0.712026
24.250,0.711595
24.260,0.725605
24.270,0.715170
24.280,0.714957
24.290,0.716713
24.300,0.713894
24.310,0.716514
24.320,0.724633
24.330,0.709755
24.340,0.715914
24.350,0.713079
24.360,0.710849
24.370,0.714675
24.380,0.714997
24.390,0.706741
24.400,0.722714
24.410,0.708134
24.420,0.712673
24.430,0.717504
24.440,0.711335
24.450,0.709278
24.460,0.712115
24.470,0.712429
24.480,0.706720
24.490,0.709213
24.500,0.703745
24.510,0.713477
24.520,0.708179
24.530,0.715525
24.540,0.698669
24.550,0.707802
24.560,0.690811
24.570,0.696836
24.580,0.688791
24.590,0.701312
24.600,0.696011
24.610,0.704875
24.620,0.701859
24.630,0.707665
24.640,0.705369
24.650,0.712958
24.660,0.722098
24.670,0.720532
24.680,0.722306
24.690,0.708145
24.700,0.717141
24.710,0.717945
24.720,0.718575
24.730,0.719992
24.740,0.718379
24.750,0.713759
24.760,0.715128
24.770,0.733762
24.780,0.719456
24.790,0.704501
24.800,0.719602
24.810,0.711513
24.820,0.717806
24.830,0.715596
24.840,0.729832
24.850,0.729210
24.860,0.719243
24.870,0.720957
24.880,0.711233
24.890,0.725379
24.900,0.713384
24.910,0.711913
24.920,0.716931
24.930,0.716886
24.940,0.717060
24.950,0.722956
24.960,0.709904
24.970,0.710099
24.980,0.722053
24.990,0.706658
25.000,0.703272
25.010,0.699851
25.020,0.710645
25.030,0.712019
25.040,0.702063
25.050,0.713392
25.060,0.716063
25.070,0.722204
25.080,0.719447
25.090,0.720162
25.100,0.716147
25.110,0.708619
25.120,0.719468
25.130,0.716017
25.140,0.721905
25.150,0.725179
25.160,0.716660
25.170,0.709863
25.180,0.706369
25.190,0.709154
25.200,0.717412
25.210,0.712111
25.220,0.707364
25.230,0.712971
25.240,0.728168
25.250,0.716591
25.260,0.724266
25.270,0.713409
25.280,0.710587
25.290,0.705325
25.300,0.710478
25.310,0.702917
25.320,0.714970
25.330,0.718829
25.340,0.716512
25.350,0.704948
25.360,0.715197
25.370,0.716839
25.380,0.710492
25.390,0.721603
25.400,0.716712
25.410,0.713365
25.420,0.712695
25.430,0.716446
25.440,0.715223
25.450,0.717728
25.460,0.713340
25.470,0.714738
25.480,0.720639
25.490,0.722235
25.500,0.719543
25.510,0.724406
25.520,0.720942
25.530,0.707121
25.540,0.720203
25.550,0.710893
25.560,0.717604
25.570,0.716631
25.580,0.718255
25.590,0.725627
25.600,0.730190
25.610,0.737957
25.620,0.736899
25.630,0.741746
25.640,0.731235
25.650,0.740583
25.660,0.739262
25.670,0.744049
25.680,0.721770
25.690,0.740722
25.700,0.730217
25.710,0.726823
25.720,0.725504
25.730,0.731104
25.740,0.708956
25.750,0.720290
25.760,0.724263
25.770,0.728880
25.780,0.707809
25.790,0.719875
25.800,0.713189
25.810,0.725180
25.820,0.720815
25.830,0.721278
25.840,0.716592
25.850,0.714339
25.860,0.720454
25.870,0.712386
25.880,0.722654
25.890,0.722240
25.900,0.731124
25.910,0.735764
25.920,0.733853
25.930,0.720972
25.940,0.732004
25.950,0.734204
25.960,0.747123
25.970,0.743337
25.980,0.741987
25.990,0.744238
26.000,0.741219
26.010,0.748447
26.020,0.745861
26.030,0.734432
26.040,0.736950
26.050,0.742266
26.060,0.739302
26.070,0.742224
26.080,0.728041
26.090,0.730866
26.100,0.737326
26.110,0.747529
26.120,0.734961
26.130,0.738248
26.140,0.749760
26.150,0.739032
26.160,0.740399
26.170,0.741244
26.180,0.736896
26.190,0.739769
26.200,0.716121
26.210,0.726511
26.220,0.730590
26.230,0.739923
26.240,0.736745
26.250,0.733604
26.260,0.733047
26.270,0.735573
26.280,0.723290
26.290,0.724731
26.300,0.726780
26.310,0.728672
26.320,0.730048
26.330,0.734803
26.340,0.739429
26.350,0.728351
26.360,0.725799
26.370,0.724873
26.380,0.731230
26.390,0.728627
26.400,0.721181
26.410,0.728148
26.420,0.734509
26.430,0.732306
26.440,0.722422
26.450,0.726294
26.460,0.723131
26.470,0.721724
26.480,0.730307
26.490,0.731747
26.500,0.728942
26.510,0.743967
26.520,0.745957
26.530,0.746969
26.540,0.744000
26.550,0.731778
26.560,0.725208
26.570,0.728138
26.580,0.733163
26.590,0.730147
26.600,0.733390
26.610,0.739781
26.620,0.727864
26.630,0.722996
26.640,0.708381
26.650,0.722259
26.660,0.715126
26.670,0.709338
26.680,0.706874
26.690,0.704416
26.700,0.708075
26.710,0.704206
26.720,0.710668
26.730,0.701382
26.740,0.710217
26.750,0.724879
26.760,0.718332
26.770,0.708522
26.780,0.731263
26.790,0.718492
26.800,0.723146
26.810,0.719889
26.820,0.718467
26.830,0.711961
26.840,0.717042
26.850,0.723368
26.860,0.717001
26.870,0.728550
26.880,0.722310
26.890,0.730532
26.900,0.721162
26.910,0.706399
26.920,0.709983
26.930,0.717524
26.940,0.707453
26.950,0.710215
26.960,0.709622
26.970,0.713921
26.980,0.699318
26.990,0.713039
27.000,0.710646
27.010,0.715201
27.020,0.708964
27.030,0.717220
27.040,0.718458
27.050,0.716760
27.060,0.711706
27.070,0.706985
27.080,0.716248
27.090,0.706933
27.100,0.715811
27.110,0.720118
27.120,0.714156
27.130,0.708101
27.140,0.715508
27.150,0.714263
27.160,0.711863
27.170,0.715047
27.180,0.716034
27.190,0.711540
27.200,0.714191
27.210,0.712230
27.220,0.704361
27.230,0.712261
27.240,0.722082
27.250,0.717739
27.260,0.713683
27.270,0.719387
27.280,0.718247
27.290,0.706375
27.300,0.714694
27.310,0.713634
27.320,0.722929
27.330,0.724320
27.340,0.718015
27.350,0.721765
27.360,0.715912
27.370,0.712829
27.380,0.710275
27.390,0.716651
27.400,0.720305
27.410,0.715967
27.420,0.716777
27.430,0.712944
27.440,0.716146
27.450,0.713125
27.460,0.717611
27.470,0.715095
27.480,0.712842
27.490,0.716573
27.500,0.720455
27.510,0.709361
27.520,0.706209
27.530,0.721355
27.540,0.724580
27.550,0.711974
27.560,0.714976
27.570,0.715470
27.580,0.709459
27.590,0.716171
27.600,0.713659
27.610,0.719244
27.620,0.718705
27.630,0.699446
27.640,0.714762
27.650,0.716331
27.660,0.713640
27.670,0.709634
27.680,0.715181
27.690,0.705209
27.700,0.711528
27.710,0.712896
27.720,0.713784
27.730,0.712581
27.740,0.702933
27.750,0.706054
27.760,0.708003
27.770,0.714868
27.780,0.718458
27.790,0.718568
27.800,0.704697
27.810,0.715879
27.820,0.717681
27.830,0.706415
27.840,0.719121
27.850,0.724728
27.860,0.727828
27.870,0.717645
27.880,0.716986
27.890,0.719472
27.900,0.709452
27.910,0.726026
27.920,0.724730
27.930,0.725809
27.940,0.724910
27.950,0.725729
27.960,0.726709
27.970,0.721331
27.980,0.731617
27.990,0.725092
28.000,0.720536
28.010,0.724424
28.020,0.718415
28.030,0.712403
28.040,0.713134
28.050,0.708815
28.060,0.715579
28.070,0.719210
28.080,0.718201
28.090,0.719274
28.100,0.729524
28.110,0.728418
28.120,0.720650
28.130,0.724489
28.140,0.726959
28.150,0.714341
28.160,0.718445
28.170,0.715554
28.180,0.724030
28.190,0.717151
28.200,0.720171
28.210,0.721356
28.220,0.729936
28.230,0.733309
28.240,0.735689
28.250,0.728138
28.260,0.725398
28.270,0.712774
28.280,0.718745
28.290,0.721418
28.300,0.710786
28.310,0.729287
28.320,0.716933
28.330,0.721735
28.340,0.716446
28.350,0.732809
28.360,0.725688
28.370,0.720861
28.380,0.717904
28.390,0.717760
28.400,0.709194
28.410,0.721032
28.420,0.723209
28.430,0.709948
28.440,0.717789
28.450,0.718135
28.460,0.719609
28.470,0.716391
28.480,0.720127
28.490,0.716068
28.500,0.710501
28.510,0.716362
28.520,0.724604
28.530,0.720003
28.540,0.726094
28.550,0.722604
28.560,0.724913
28.570,0.714969
28.580,0.733192
28.590,0.723714
28.600,0.716369
28.610,0.731078
28.620,0.715980
28.630,0.717431
28.640,0.718526
28.650,0.721695
28.660,0.714055
28.670,0.711930
28.680,0.716563
28.690,0.716342
28.700,0.716279
28.710,0.710417
28.720,0.718075
28.730,0.711007
28.740,0.718446
28.750,0.713095
28.760,0.713569
28.770,0.714038
28.780,0.708233
28.790,0.717087
28.800,0.715738
28.810,0.721853
28.820,0.717398
28.830,0.712240
28.840,0.720378
28.850,0.716903
28.860,0.711107
28.870,0.714271
28.880,0.705642
28.890,0.725591
28.900,0.716439
28.910,0.723771
28.920,0.713870
28.930,0.731194
28.940,0.722166
28.950,0.730257
28.960,0.729672
28.970,0.725952
28.980,0.724315
28.990,0.731703
29.000,0.737885
29.010,0.732473
29.020,0.746522
29.030,0.732139
29.040,0.751651
29.050,0.744141
29.060,0.756254
29.070,0.746867
29.080,0.736956
29.090,0.743935
29.100,0.746264
29.110,0.741901
29.120,0.743055
29.130,0.746207
29.140,0.751264
29.150,0.732548
29.160,0.736953
29.170,0.733162
29.180,0.733834
29.190,0.736809
29.200,0.736308
29.210,0.734100
29.220,0.745028
29.230,0.746391
29.240,0.717336
29.250,0.731307
29.260,0.723659
29.270,0.723201
29.280,0.718988
29.290,0.727122
29.300,0.725465
29.310,0.725070
29.320,0.725100
29.330,0.715860
29.340,0.720000
29.350,0.726334
29.360,0.722904
29.370,0.720922
29.380,0.716744
29.390,0.712795
29.400,0.728416
29.410,0.733867
29.420,0.719130
29.430,0.728556
29.440,0.721902
29.450,0.727879
29.460,0.724260
29.470,0.713020
29.480,0.727210
29.490,0.715871
29.500,0.722699
29.510,0.720749
29.520,0.731826
29.530,0.717702
29.540,0.728617
29.550,0.731104
29.560,0.721737
29.570,0.735475
29.580,0.720841
29.590,0.723957
29.600,0.722928
29.610,0.718423
29.620,0.706446
29.630,0.720398
29.640,0.721289
29.650,0.714370
29.660,0.719417
29.670,0.722781
29.680,0.724204
29.690,0.711887
29.700,0.726145
29.710,0.718466
29.720,0.721441
29.730,0.723759
29.740,0.720598
29.750,0.713546
29.760,0.715266
29.770,0.715630
29.780,0.723114
29.790,0.720427
29.800,0.721799
29.810,0.715902
29.820,0.718976
29.830,0.715201
29.840,0.720432
29.850,0.710838
29.860,0.714181
29.870,0.720525
29.880,0.713531
29.890,0.720061
29.900,0.711238
29.910,0.715138
29.920,0.724573
29.930,0.713458
29.940,0.730382
29.950,0.717991
29.960,0.722029
29.970,0.728005
29.980,0.719759
29.990,0.723236
30.000,0.719612
30.010,0.724577
30.020,0.723152
30.030,0.735701
30.040,0.722679
30.050,0.732718
30.060,0.728286
30.070,0.726926
30.080,0.730943
30.090,0.728367
30.100,0.737808
30.110,0.729721
30.120,0.725717
30.130,0.735813
30.140,0.716897
30.150,0.735359
30.160,0.739780
30.170,0.738601
30.180,0.726890
30.190,0.726888
30.200,0.718727
30.210,0.724950
30.220,0.734359
30.230,0.727639
30.240,0.719270
30.250,0.715970
30.260,0.729438
30.270,0.716705
30.280,0.723528
30.290,0.721180
30.300,0.720117
30.310,0.712995
30.320,0.724992
30.330,0.724494
30.340,0.728546
30.350,0.732991
30.360,0.729414
30.370,0.728930
30.380,0.722067
30.390,0.728820
30.400,0.733918
30.410,0.732035
30.420,0.732194
30.430,0.735043
30.440,0.725833
30.450,0.723742
30.460,0.722642
30.470,0.720714
30.480,0.719757
30.490,0.737622
30.500,0.732050
30.510,0.746580
30.520,0.736632
30.530,0.739514
30.540,0.734419
30.550,0.734177
30.560,0.737230
30.570,0.736687
30.580,0.744301
30.590,0.746106
30.600,0.739248
30.610,0.743639
30.620,0.735260
30.630,0.730348
30.640,0.745336
30.650,0.731176
30.660,0.724414
30.670,0.737497
30.680,0.731962
30.690,0.728852
30.700,0.734964
30.710,0.731629
30.720,0.741267
30.730,0.732386
30.740,0.740504
30.750,0.738347
30.760,0.732251
30.770,0.743192
30.780,0.739799
30.790,0.730938
30.800,0.726661
30.810,0.729627
30.820,0.732385
30.830,0.728327
30.840,0.729429
30.850,0.727520
30.860,0.729194
30.870,0.737748
30.880,0.736368
30.890,0.744021
30.900,0.737861
30.910,0.733840
30.920,0.731542
30.930,0.729906
30.940,0.721902
30.950,0.723060
30.960,0.725034
30.970,0.722449
30.980,0.727179
30.990,0.727583
31.000,0.725292
31.010,0.723795
31.020,0.717248
31.030,0.724795
31.040,0.723443
31.050,0.720704
31.060,0.728344
31.070,0.727830
31.080,0.718866
31.090,0.726234
31.100,0.720573
31.110,0.718752
31.120,0.734261
31.130,0.739304
31.140,0.722301
31.150,0.727224
31.160,0.728138
31.170,0.722834
31.180,0.727260
31.190,0.725864
31.200,0.734463
31.210,0.729275
31.220,0.725531
31.230,0.716565
31.240,0.718829
31.250,0.740337
31.260,0.727769
31.270,0.727963
31.280,0.735698
31.290,0.727262
31.300,0.735389
31.310,0.733318
31.320,0.720991
31.330,0.724908
31.340,0.734442
31.350,0.720694
31.360,0.726542
31.370,0.723644
31.380,0.727202
31.390,0.731439
31.400,0.722421
31.410,0.722484
31.420,0.725634
31.430,0.725649
31.440,0.719939
31.450,0.711737
31.460,0.725298
31.470,0.719716
31.480,0.741234
31.490,0.724803
31.500,0.727381
31.510,0.733924
31.520,0.723421
31.530,0.719843
31.540,0.731624
31.550,0.739264
31.560,0.729543
31.570,0.730993
31.580,0.715007
31.590,0.728181
31.600,0.729483
31.610,0.711783
31.620,0.712337
31.630,0.713946
31.640,0.729271
31.650,0.720179
31.660,0.733367
31.670,0.731768
31.680,0.731207
31.690,0.729742
31.700,0.724260
31.710,0.729693
31.720,0.719408
31.730,0.723260
31.740,0.719601
31.750,0.725790
31.760,0.723484
31.770,0.729134
31.780,0.725291
31.790,0.711145
31.800,0.723190
31.810,0.728110
31.820,0.725971
31.830,0.723547
31.840,0.722129
31.850,0.707093
31.860,0.712246
31.870,0.697952
31.880,0.714166
31.890,0.715867
31.900,0.710036
31.910,0.705185
31.920,0.725577
31.930,0.723712
31.940,0.728215
31.950,0.716451
31.960,0.725282
31.970,0.728048
31.980,0.731694
31.990,0.723502
32.000,0.720874
32.010,0.726627
32.020,0.731493
32.030,0.727658
32.040,0.731324
32.050,0.732931
32.060,0.731954
32.070,0.722794
32.080,0.738823
32.090,0.727700
32.100,0.719268
32.110,0.720470
32.120,0.733837
32.130,0.722099
32.140,0.731702
32.150,0.724088
32.160,0.725692
32.170,0.718848
32.180,0.734099
32.190,0.733910
32.200,0.719745
32.210,0.727625
32.220,0.733741
32.230,0.733850
32.240,0.728829
32.250,0.728650
32.260,0.729548
32.270,0.735613
32.280,0.734069
32.290,0.738690
32.300,0.726728
32.310,0.722792
32.320,0.726710
32.330,0.724330
32.340,0.724335
32.350,0.713762
32.360,0.713104
32.370,0.726420
32.380,0.722003
32.390,0.713136
32.400,0.709688
32.410,0.715423
32.420,0.724656
32.430,0.727244
32.440,0.735872
32.450,0.730112
32.460,0.729171
32.470,0.732077
32.480,0.721386
32.490,0.722871
32.500,0.729476
32.510,0.724702
32.520,0.719959
32.530,0.730800
32.540,0.735987
32.550,0.733387
32.560,0.728951
32.570,0.730738
32.580,0.728148
32.590,0.739203
32.600,0.745160
32.610,0.736863
32.620,0.744905
32.630,0.741197
32.640,0.728715
32.650,0.735733
32.660,0.732050
32.670,0.729210
32.680,0.733460
32.690,0.736464
32.700,0.735504
32.710,0.730086
32.720,0.727356
32.730,0.727874
32.740,0.723965
32.750,0.731182
32.760,0.730242
32.770,0.733725
32.780,0.722574
32.790,0.718933
32.800,0.721448
32.810,0.719956
32.820,0.719366
32.830,0.726492
32.840,0.724308
32.850,0.723376
32.860,0.735156
32.870,0.735492
32.880,0.731858
32.890,0.737164
32.900,0.729966
32.910,0.729375
32.920,0.732194
32.930,0.722044
32.940,0.724536
32.950,0.723817
32.960,0.728665
32.970,0.724223
32.980,0.719229
32.990,0.730850
33.000,0.727143
33.010,0.733489
33.020,0.734604
33.030,0.746899
33.040,0.726345
33.050,0.726055
33.060,0.722107
33.070,0.734975
33.080,0.727810
33.090,0.732168
33.100,0.725815
33.110,0.722687
33.120,0.719846
33.130,0.736287
33.140,0.735196
33.150,0.734491
33.160,0.733967
33.170,0.729560
33.180,0.741658
33.190,0.741736
33.200,0.737613
33.210,0.739552
33.220,0.743432
33.230,0.728710
33.240,0.728818
33.250,0.737494
33.260,0.737374
33.270,0.734793
33.280,0.733899
33.290,0.725419
33.300,0.728938
33.310,0.723725
33.320,0.722986
33.330,0.721739
33.340,0.730235
33.350,0.720422
33.360,0.723287
33.370,0.728849
33.380,0.731980
33.390,0.725269
33.400,0.733757
33.410,0.728749
33.420,0.736757
33.430,0.726842
33.440,0.723083
33.450,0.732344
33.460,0.738408
33.470,0.720559
33.480,0.736374
33.490,0.736909
33.500,0.731345
33.510,0.723679
33.520,0.717468
33.530,0.724779
33.540,0.729077
33.550,0.728286
33.560,0.719301
33.570,0.715875
33.580,0.727373
33.590,0.730129
33.600,0.729817
33.610,0.732597
33.620,0.725212
33.630,0.723709
33.640,0.721301
33.650,0.717949
33.660,0.739473
33.670,0.732345
33.680,0.726802
33.690,0.728931
33.700,0.714939
33.710,0.720442
33.720,0.723240
33.730,0.726849
33.740,0.727208
33.750,0.732271
33.760,0.739177
33.770,0.737063
33.780,0.729186
33.790,0.735025
33.800,0.730600
33.810,0.740497
33.820,0.731794
33.830,0.743659
33.840,0.732226
33.850,0.737595
33.860,0.727922
33.870,0.737972
33.880,0.748403
33.890,0.733123
33.900,0.733652
33.910,0.735332
33.920,0.734367
33.930,0.737452
33.940,0.734535
33.950,0.725950
33.960,0.732843
33.970,0.721608
33.980,0.730936
33.990,0.730936
34.000,0.743225
34.010,0.732571
34.020,0.731849
34.030,0.736946
34.040,0.736577
34.050,0.731714
34.060,0.728125
34.070,0.713501
34.080,0.713925
34.090,0.728840
34.100,0.744475
34.110,0.715788
34.120,0.720884
34.130,0.739547
34.140,0.730655
34.150,0.730111
34.160,0.713716
34.170,0.712151
34.180,0.719265
34.190,0.731991
34.200,0.722837
34.210,0.720380
34.220,0.728937
34.230,0.729656
34.240,0.731261
34.250,0.734379
34.260,0.719052
34.270,0.718671
34.280,0.737944
34.290,0.714239
34.300,0.719833
34.310,0.727448
34.320,0.726419
34.330,0.709012
34.340,0.702304
34.350,0.723514
34.360,0.715850
34.370,0.738494
34.380,0.726957
34.390,0.719276
34.400,0.717009
34.410,0.716275
34.420,0.722127
34.430,0.727841
34.440,0.728251
34.450,0.735362
34.460,0.730616
34.470,0.732364
34.480,0.730069
34.490,0.728010
34.500,0.733251
34.510,0.742390
34.520,0.738542
34.530,0.746959
34.540,0.749488
34.550,0.734241
34.560,0.734673
34.570,0.733809
34.580,0.729516
34.590,0.733646
34.600,0.728890
34.610,0.722480
34.620,0.734265
34.630,0.724969
34.640,0.734736
34.650,0.725304
34.660,0.738076
34.670,0.727996
34.680,0.748403
34.690,0.734402
34.700,0.718771
34.710,0.722953
34.720,0.725755
34.730,0.726131
34.740,0.740292
34.750,0.739436
34.760,0.732163
34.770,0.729037
34.780,0.729182
34.790,0.737684
34.800,0.723735
34.810,0.727798
34.820,0.726045
34.830,0.726762
34.840,0.728374
34.850,0.725743
34.860,0.734045
34.870,0.735722
34.880,0.741707
34.890,0.735042
34.900,0.727101
34.910,0.733135
34.920,0.730451
34.930,0.731600
34.940,0.730000
34.950,0.740360
34.960,0.729324
34.970,0.732898
34.980,0.726794
34.990,0.719969
35.000,0.730432
35.010,0.717784
35.020,0.723819
35.030,0.727031
35.040,0.728054
35.050,0.740594
35.060,0.737397
35.070,0.727124
35.080,0.721048
35.090,0.730046
35.100,0.733873
35.110,0.733044
35.120,0.725471
35.130,0.729125
35.140,0.729998
35.150,0.740196
35.160,0.732973
35.170,0.731900
35.180,0.727365
35.190,0.733943
35.200,0.730790
35.210,0.736513
35.220,0.731419
35.230,0.740548
35.240,0.734163
35.250,0.747074
35.260,0.744809
35.270,0.734397
35.280,0.758577
35.290,0.745973
35.300,0.724645
35.310,0.728489
35.320,0.733397
35.330,0.723895
35.340,0.734804
35.350,0.731248
35.360,0.730126
35.370,0.736167
35.380,0.739415
35.390,0.737637
35.400,0.737373
35.410,0.742716
35.420,0.737414
35.430,0.736394
35.440,0.730115
35.450,0.743205
35.460,0.740340
35.470,0.731239
35.480,0.728696
35.490,0.741815
35.500,0.747369
35.510,0.727679
35.520,0.731601
35.530,0.736533
35.540,0.739533
35.550,0.738900
35.560,0.742897
35.570,0.733201
35.580,0.733900
35.590,0.739535
35.600,0.733860
35.610,0.729185
35.620,0.728602
35.630,0.731282
35.640,0.735178
35.650,0.730649
35.660,0.729179
35.670,0.728327
35.680,0.729678
35.690,0.735134
35.700,0.730928
35.710,0.726072
35.720,0.742699
35.730,0.732995
35.740,0.735034
35.750,0.742083
35.760,0.728776
35.770,0.730578
35.780,0.730896
35.790,0.748749
35.800,0.737108
35.810,0.734601
35.820,0.737339
35.830,0.743695
35.840,0.742036
35.850,0.747601
35.860,0.733138
35.870,0.735720
35.880,0.744634
35.890,0.728808
35.900,0.737484
35.910,0.737350
35.920,0.752755
35.930,0.743071
35.940,0.732527
35.950,0.734044
35.960,0.738764
35.970,0.736494
35.980,0.737391
35.990,0.737141
36.000,0.733846
36.010,0.726736
36.020,0.730369
36.030,0.732752
36.040,0.733110
36.050,0.735556
36.060,0.735621
36.070,0.729850
36.080,0.733713
36.090,0.735185
36.100,0.736466
36.110,0.727643
36.120,0.729152
36.130,0.734930
36.140,0.735693
36.150,0.739723
36.160,0.732991
36.170,0.731724
36.180,0.730210
36.190,0.732709
36.200,0.730816
36.210,0.739171
36.220,0.738809
36.230,0.728700
36.240,0.733826
36.250,0.733020
36.260,0.737935
36.270,0.729512
36.280,0.738489
36.290,0.737559
36.300,0.738929
36.310,0.741530
36.320,0.729013
36.330,0.730105
36.340,0.733154
36.350,0.726929
36.360,0.724936
36.370,0.734968
36.380,0.733615
36.390,0.742396
36.400,0.742265
36.410,0.735547
36.420,0.734955
36.430,0.745183
36.440,0.735388
36.450,0.741517
36.460,0.734284
36.470,0.725175
36.480,0.731099
36.490,0.731219
36.500,0.736200
36.510,0.714934
36.520,0.717743
36.530,0.718054
36.540,0.729110
36.550,0.737182
36.560,0.719260
36.570,0.734198
36.580,0.743350
36.590,0.734286
36.600,0.732368
36.610,0.728137
36.620,0.732446
36.630,0.718111
36.640,0.733516
36.650,0.725308
36.660,0.723854
36.670,0.730340
36.680,0.721682
36.690,0.734547
36.700,0.740706
36.710,0.741420
36.720,0.746616
36.730,0.740827
36.740,0.743216
36.750,0.740460
36.760,0.729720
36.770,0.745024
36.780,0.737790
36.790,0.744731
36.800,0.762320
36.810,0.751961
36.820,0.741548
36.830,0.721970
36.840,0.736646
36.850,0.729384
36.860,0.737655
36.870,0.731686
36.880,0.726076
36.890,0.729701
36.900,0.733979
36.910,0.730520
36.920,0.731939
36.930,0.729242
36.940,0.722883
36.950,0.718002
36.960,0.717600
36.970,0.725020
36.980,0.710187
36.990,0.713653
37.000,0.711855
37.010,0.723900
37.020,0.726623
37.030,0.714181
37.040,0.718223
37.050,0.721233
37.060,0.713349
37.070,0.713598
37.080,0.721570
37.090,0.712523
37.100,0.721210
37.110,0.711715
37.120,0.721291
37.130,0.721941
37.140,0.709419
37.150,0.715488
37.160,0.728908
37.170,0.727248
37.180,0.730971
37.190,0.730771
37.200,0.724686
37.210,0.723975
37.220,0.717612
37.230,0.731097
37.240,0.736933
37.250,0.716516
37.260,0.715455
37.270,0.716927
37.280,0.726367
37.290,0.724482
37.300,0.726280
37.310,0.732700
37.320,0.725648
37.330,0.715211
37.340,0.722281
37.350,0.736442
37.360,0.731408
37.370,0.720852
37.380,0.728291
37.390,0.737191
37.400,0.726397
37.410,0.737049
37.420,0.733533
37.430,0.745283
37.440,0.735373
37.450,0.735466
37.460,0.734212
37.470,0.728263
37.480,0.734673
37.490,0.721156
37.500,0.726902
37.510,0.712258
37.520,0.713263
37.530,0.732362
37.540,0.718731
37.550,0.722379
37.560,0.721406
37.570,0.723568
37.580,0.719598
37.590,0.721186
37.600,0.735344
37.610,0.734671
37.620,0.727724
37.630,0.721921
37.640,0.728944
37.650,0.739052
37.660,0.724215
37.670,0.730687
37.680,0.724162
37.690,0.724114
37.700,0.730760
37.710,0.729556
37.720,0.719798
37.730,0.725001
37.740,0.728023
37.750,0.722224
37.760,0.714996
37.770,0.711082
37.780,0.714625
37.790,0.712242
37.800,0.716932
37.810,0.715140
37.820,0.719010
37.830,0.712660
37.840,0.705519
37.850,0.723745
37.860,0.717895
37.870,0.710657
37.880,0.703501
37.890,0.712889
37.900,0.705187
37.910,0.720499
37.920,0.712106
37.930,0.709908
37.940,0.722433
37.950,0.727982
37.960,0.711853
37.970,0.711183
37.980,0.716704
37.990,0.724136
38.000,0.717457
38.010,0.706512
38.020,0.702201
38.030,0.713988
38.040,0.711500
38.050,0.713841
38.060,0.722784
38.070,0.716291
38.080,0.718464
38.090,0.714291
38.100,0.720397
38.110,0.710116
38.120,0.710824
38.130,0.711833
38.140,0.712355
38.150,0.709682
38.160,0.700023
38.170,0.722924
38.180,0.723319
38.190,0.733347
38.200,0.731227
38.210,0.720905
38.220,0.719165
38.230,0.713438
38.240,0.718408
38.250,0.713385
38.260,0.723365
38.270,0.708903
38.280,0.705447
38.290,0.714435
38.300,0.713269
38.310,0.715057
38.320,0.730740
38.330,0.731991
38.340,0.726291
38.350,0.719818
38.360,0.726804
38.370,0.719359
38.380,0.741925
38.390,0.734183
38.400,0.719150
38.410,0.718304
38.420,0.737720
38.430,0.739293
38.440,0.739869
38.450,0.727838
38.460,0.721212
38.470,0.732328
38.480,0.721335
38.490,0.719711
38.500,0.713235
38.510,0.723411
38.520,0.723663
38.530,0.714545
38.540,0.715357
38.550,0.698987
38.560,0.709616
38.570,0.713590
38.580,0.707376
38.590,0.700644
38.600,0.713106
38.610,0.710460
38.620,0.707533
38.630,0.713844
38.640,0.705252
38.650,0.708701
38.660,0.726759
38.670,0.707416
38.680,0.714783
38.690,0.698420
38.700,0.701215
38.710,0.706056
38.720,0.692054
38.730,0.699368
38.740,0.703077
38.750,0.714535
38.760,0.714584
38.770,0.708718
38.780,0.722170
38.790,0.723422
38.800,0.724553
38.810,0.706793
38.820,0.713993
38.830,0.719108
38.840,0.707652
38.850,0.703432
38.860,0.721563
38.870,0.714529
38.880,0.716243
38.890,0.724308
38.900,0.729954
38.910,0.720016
38.920,0.726131
38.930,0.705611
38.940,0.710891
38.950,0.711974
38.960,0.702415
38.970,0.702747
38.980,0.696104
38.990,0.701760
39.000,0.698762
39.010,0.704154
39.020,0.700082
39.030,0.705707
39.040,0.699499
39.050,0.711290
39.060,0.718078
39.070,0.723191
39.080,0.729796
39.090,0.703380
39.100,0.704346
39.110,0.691227
39.120,0.710057
39.130,0.700126
39.140,0.710477
39.150,0.701816
39.160,0.699192
39.170,0.697609
39.180,0.699463
39.190,0.699736
39.200,0.707519
39.210,0.702853
39.220,0.706084
39.230,0.709328
39.240,0.704193
39.250,0.705232
39.260,0.705033
39.270,0.704871
39.280,0.704241
39.290,0.712643
39.300,0.708995
39.310,0.707745
39.320,0.697793
39.330,0.719258
39.340,0.710050
39.350,0.702461
39.360,0.706220
39.370,0.700445
39.380,0.693697
39.390,0.696259
39.400,0.691260
39.410,0.702420
39.420,0.704555
39.430,0.709158
39.440,0.712974
39.450,0.705805
39.460,0.707885
39.470,0.731074
39.480,0.707251
39.490,0.704250
39.500,0.709854
39.510,0.705469
39.520,0.705673
39.530,0.712083
39.540,0.700539
39.550,0.706317
39.560,0.704789
39.570,0.699441
39.580,0.714829
39.590,0.709392
39.600,0.702636
39.610,0.710075
39.620,0.710742
39.630,0.707199
39.640,0.708364
39.650,0.711260
39.660,0.701652
39.670,0.705697
39.680,0.708218
39.690,0.694333
39.700,0.694592
39.710,0.698187
39.720,0.698378
39.730,0.695954
39.740,0.706451
39.750,0.699544
39.760,0.702636
39.770,0.711213
39.780,0.707846
39.790,0.716028
39.800,0.710710
39.810,0.717681
39.820,0.719224
39.830,0.715404
39.840,0.721626
39.850,0.717743
39.860,0.718434
39.870,0.724391
39.880,0.720655
39.890,0.718358
39.900,0.719442
39.910,0.719600
39.920,0.719711
39.930,0.715716
39.940,0.717443
39.950,0.726214
39.960,0.726908
39.970,0.717135
39.980,0.707486
39.990,0.708793
40.000,0.718753
40.010,0.715825
40.020,0.716514
40.030,0.711576
40.040,0.713014
40.050,0.717674
40.060,0.717414
40.070,0.715504
40.080,0.708565
40.090,0.709400
40.100,0.694047
40.110,0.709111
40.120,0.717887
40.130,0.712656
40.140,0.706725
40.150,0.708272
40.160,0.710460
40.170,0.713545
40.180,0.713089
40.190,0.717372
40.200,0.715905
40.210,0.717389
40.220,0.713061
40.230,0.701573
40.240,0.713016
40.250,0.711526
40.260,0.710968
40.270,0.709144
40.280,0.711752
40.290,0.707514
40.300,0.704247
40.310,0.703602
40.320,0.706554
40.330,0.705368
40.340,0.712035
40.350,0.702810
40.360,0.709221
40.370,0.705487
40.380,0.705010
40.390,0.697181
40.400,0.713481
40.410,0.712629
40.420,0.707845
40.430,0.702297
40.440,0.697315
40.450,0.701956
40.460,0.710250
40.470,0.716813
40.480,0.719293
40.490,0.707657
40.500,0.711910
40.510,0.710024
40.520,0.706056
40.530,0.705396
40.540,0.690846
40.550,0.694873
40.560,0.687898
40.570,0.702205
40.580,0.700736
40.590,0.696182
40.600,0.694975
40.610,0.705222
40.620,0.699587
40.630,0.702773
40.640,0.704130
40.650,0.706865
40.660,0.709378
40.670,0.712214
40.680,0.703063
40.690,0.717768
40.700,0.724626
40.710,0.711941
40.720,0.713122
40.730,0.710879
40.740,0.710532
40.750,0.700327
40.760,0.690997
40.770,0.704687
40.780,0.702496
40.790,0.701796
40.800,0.702067
40.810,0.704363
40.820,0.707439
40.830,0.702663
40.840,0.703937
40.850,0.706960
40.860,0.703784
40.870,0.708312
40.880,0.714674
40.890,0.700018
40.900,0.700869
40.910,0.692508
40.920,0.704564
40.930,0.709397
40.940,0.706409
40.950,0.699838
40.960,0.710870
40.970,0.707287
40.980,0.709646
40.990,0.707467
41.000,0.702283
41.010,0.699175
41.020,0.699694
41.030,0.704040
41.040,0.701578
41.050,0.690796
41.060,0.694026
41.070,0.695883
41.080,0.701010
41.090,0.702182
41.100,0.711309
41.110,0.708848
41.120,0.709115
41.130,0.714462
41.140,0.707953
41.150,0.695607
41.160,0.693874
41.170,0.687147
41.180,0.704538
41.190,0.706365
41.200,0.710803
41.210,0.705812
41.220,0.709453
41.230,0.706266
41.240,0.708534
41.250,0.705932
41.260,0.704625
41.270,0.701902
41.280,0.692766
41.290,0.708819
41.300,0.704556
41.310,0.702668
41.320,0.690702
41.330,0.696940
41.340,0.698035
41.350,0.691205
41.360,0.697378
41.370,0.694868
41.380,0.698538
41.390,0.698480
41.400,0.697945
41.410,0.700281
41.420,0.700399
41.430,0.702537
41.440,0.704605
41.450,0.695497
41.460,0.708259
41.470,0.701397
41.480,0.716113
41.490,0.701936
41.500,0.708557
41.510,0.695462
41.520,0.697022
41.530,0.710250
41.540,0.707145
41.550,0.699260
41.560,0.702421
41.570,0.695280
41.580,0.704440
41.590,0.695268
41.600,0.690154
41.610,0.697370
41.620,0.693192
41.630,0.697032
41.640,0.709230
41.650,0.712630
41.660,0.710492
41.670,0.700011
41.680,0.700964
41.690,0.704630
41.700,0.700978
41.710,0.699778
41.720,0.690683
41.730,0.711523
41.740,0.693782
41.750,0.697568
41.760,0.694538
41.770,0.706376
41.780,0.699761
41.790,0.712792
41.800,0.701004
41.810,0.700383
41.820,0.703323
41.830,0.690882
41.840,0.704539
41.850,0.697439
41.860,0.693539
41.870,0.697317
41.880,0.704751
41.890,0.701044
41.900,0.692796
41.910,0.700260
41.920,0.700553
41.930,0.693518
41.940,0.700140
41.950,0.703672
41.960,0.690910
41.970,0.694099
41.980,0.693335
41.990,0.693114
42.000,0.704017
42.010,0.707728
42.020,0.696028
42.030,0.700554
42.040,0.702343
42.050,0.698178
42.060,0.697811
42.070,0.700671
42.080,0.697494
42.090,0.703750
42.100,0.700420
42.110,0.699768
42.120,0.696294
42.130,0.705978
42.140,0.701035
42.150,0.702759
42.160,0.702344
42.170,0.711128
42.180,0.708676
42.190,0.711688
42.200,0.710478
42.210,0.706498
42.220,0.710178
42.230,0.713620
42.240,0.698337
42.250,0.702066
42.260,0.707262
42.270,0.708751
42.280,0.701670
42.290,0.697499
42.300,0.696214
42.310,0.716249
42.320,0.716832
42.330,0.715000
42.340,0.710001
42.350,0.713845
42.360,0.705882
42.370,0.715214
42.380,0.716694
42.390,0.711309
42.400,0.714885
42.410,0.707051
42.420,0.710158
42.430,0.710942
42.440,0.708742
42.450,0.707774
42.460,0.717300
42.470,0.704107
42.480,0.716551
42.490,0.716104
42.500,0.714881
42.510,0.717467
42.520,0.706067
42.530,0.718106
42.540,0.713638
42.550,0.712892
42.560,0.712961
42.570,0.718495
42.580,0.722489
42.590,0.714934
42.600,0.711951
42.610,0.726978
42.620,0.715356
42.630,0.720626
42.640,0.721549
42.650,0.722473
42.660,0.722277
42.670,0.723028
42.680,0.726044
42.690,0.718872
42.700,0.719308
42.710,0.732767
42.720,0.720033
42.730,0.716878
42.740,0.728553
42.750,0.726309
42.760,0.724841
42.770,0.731400
42.780,0.722879
42.790,0.736339
42.800,0.727217
42.810,0.727775
42.820,0.720022
42.830,0.732719
42.840,0.718940
42.850,0.706594
42.860,0.709417
42.870,0.702818
42.880,0.699020
42.890,0.704937
42.900,0.701708
42.910,0.711088
42.920,0.708874
42.930,0.710430
42.940,0.694273
42.950,0.695689
42.960,0.699338
42.970,0.712589
42.980,0.707575
42.990,0.700605
43.000,0.708884
43.010,0.713460
43.020,0.711666
43.030,0.717246
43.040,0.717231
43.050,0.708400
43.060,0.707088
43.070,0.699145
43.080,0.708494
43.090,0.704105
43.100,0.725769
43.110,0.717366
43.120,0.718352
43.130,0.716434
43.140,0.707573
43.150,0.718055
43.160,0.708212
43.170,0.710887
43.180,0.710640
43.190,0.716712
43.200,0.708669
43.210,0.711651
43.220,0.717026
43.230,0.706757
43.240,0.711003
43.250,0.715464
43.260,0.713780
43.270,0.718275
43.280,0.704415
43.290,0.717555
43.300,0.723439
43.310,0.713722
43.320,0.708268
43.330,0.707743
43.340,0.717425
43.350,0.703157
43.360,0.712594
43.370,0.702543
43.380,0.709589
43.390,0.703795
43.400,0.702703
43.410,0.706522
43.420,0.707781
43.430,0.703238
43.440,0.692243
43.450,0.688324
43.460,0.694037
43.470,0.706815
43.480,0.697234
43.490,0.699082
43.500,0.705577
43.510,0.698967
43.520,0.713661
43.530,0.699124
43.540,0.709603
43.550,0.700687
43.560,0.696864
43.570,0.707322
43.580,0.703127
43.590,0.702190
43.600,0.709506
43.610,0.703071
43.620,0.709268
43.630,0.696824
43.640,0.707060
43.650,0.694908
43.660,0.699927
43.670,0.709114
43.680,0.709128
43.690,0.700857
43.700,0.717952
43.710,0.717532
43.720,0.709315
43.730,0.697055
43.740,0.711086
43.750,0.710148
43.760,0.700580
43.770,0.713364
43.780,0.699639
43.790,0.704505
43.800,0.699076
43.810,0.696896
43.820,0.701841
43.830,0.697890
43.840,0.699100
43.850,0.700960
43.860,0.700833
43.870,0.703051
43.880,0.696719
43.890,0.700567
43.900,0.704855
43.910,0.701448
43.920,0.698654
43.930,0.699732
43.940,0.708182
43.950,0.712718
43.960,0.710654
43.970,0.699229
43.980,0.707298
43.990,0.697943
44.000,0.708987
44.010,0.703759
44.020,0.707157
44.030,0.706211
44.040,0.710717
44.050,0.701461
44.060,0.702096
44.070,0.699936
44.080,0.696708
44.090,0.702045
44.100,0.704296
44.110,0.693712
44.120,0.703891
44.130,0.698737
44.140,0.703365
44.150,0.686972
44.160,0.692083
44.170,0.697680
44.180,0.705771
44.190,0.700504
44.200,0.708561
44.210,0.710285
44.220,0.699879
44.230,0.700263
44.240,0.698643
44.250,0.689692
44.260,0.700202
44.270,0.700592
44.280,0.700902
44.290,0.695345
44.300,0.709574
44.310,0.726795
44.320,0.704253
44.330,0.711168
44.340,0.707456
44.350,0.700908
44.360,0.709106
44.370,0.694465
44.380,0.698545
44.390,0.693379
44.400,0.700775
44.410,0.697072
44.420,0.707164
44.430,0.709879
44.440,0.698270
44.450,0.707478
44.460,0.703960
44.470,0.724420
44.480,0.703277
44.490,0.694433
44.500,0.711159
44.510,0.702995
44.520,0.702843
44.530,0.714708
44.540,0.700147
44.550,0.710122
44.560,0.703261
44.570,0.706785
44.580,0.701969
44.590,0.699203
44.600,0.694670
44.610,0.706824
44.620,0.714236
44.630,0.715398
44.640,0.708265
44.650,0.705741
44.660,0.707954
44.670,0.699573
44.680,0.702846
44.690,0.709420
44.700,0.705410
44.710,0.702736
44.720,0.699929
44.730,0.702498
44.740,0.695575
44.750,0.699926
44.760,0.702061
44.770,0.695304
44.780,0.702113
44.790,0.703223
44.800,0.701899
44.810,0.707575
44.820,0.718193
44.830,0.710030
44.840,0.702520
44.850,0.708577
44.860,0.717843
44.870,0.724062
44.880,0.711427
44.890,0.718860
44.900,0.715495
44.910,0.711022
44.920,0.708078
44.930,0.712616
44.940,0.720975
44.950,0.702709
44.960,0.718088
44.970,0.694119
44.980,0.700801
44.990,0.697674
45.000,0.704584
45.010,0.694681
45.020,0.701118
45.030,0.712060
45.040,0.714001
45.050,0.714270
45.060,0.710118
45.070,0.711854
45.080,0.723686
45.090,0.713724
45.100,0.711504
45.110,0.718537
45.120,0.704279
45.130,0.709974
45.140,0.698890
45.150,0.717670
45.160,0.727894
45.170,0.703816
45.180,0.704868
45.190,0.703397
45.200,0.714061
45.210,0.710400
45.220,0.703036
45.230,0.709211
45.240,0.705528
45.250,0.709013
45.260,0.709391
45.270,0.714122
45.280,0.706732
45.290,0.717268
45.300,0.706474
45.310,0.706766
45.320,0.710464
45.330,0.708849
45.340,0.711618
45.350,0.708804
45.360,0.712463
45.370,0.713470
45.380,0.715471
45.390,0.713832
45.400,0.712502
45.410,0.718181
45.420,0.709934
45.430,0.712311
45.440,0.711410
45.450,0.716999
45.460,0.721828
45.470,0.712068
45.480,0.715695
45.490,0.718405
45.500,0.721601
45.510,0.721673
45.520,0.721472
45.530,0.714213
45.540,0.718048
45.550,0.722853
45.560,0.725007
45.570,0.718120
45.580,0.727654
45.590,0.723005
45.600,0.732064
45.610,0.747102
45.620,0.723740
45.630,0.731996
45.640,0.708374
45.650,0.721657
45.660,0.711964
45.670,0.709313
45.680,0.703253
45.690,0.708552
45.700,0.714425
45.710,0.708338
45.720,0.701447
45.730,0.717110
45.740,0.714332
45.750,0.721304
45.760,0.718863
45.770,0.715904
45.780,0.720729
45.790,0.714113
45.800,0.706196
45.810,0.714950
45.820,0.706357
45.830,0.708085
45.840,0.705807
45.850,0.717598
45.860,0.712144
45.870,0.721310
45.880,0.724188
45.890,0.723944
45.900,0.715046
45.910,0.708203
45.920,0.713766
45.930,0.716806
45.940,0.710694
45.950,0.706112
45.960,0.728710
45.970,0.702598
45.980,0.706007
45.990,0.712308
46.000,0.713506
46.010,0.706119
46.020,0.706968
46.030,0.700941
46.040,0.697089
46.050,0.697171
46.060,0.697544
46.070,0.708535
46.080,0.698074
46.090,0.698984
46.100,0.697846
46.110,0.697494
46.120,0.701418
46.130,0.700762
46.140,0.696606
46.150,0.711367
46.160,0.705235
46.170,0.713697
46.180,0.703101
46.190,0.702924
46.200,0.711447
46.210,0.701673
46.220,0.708144
46.230,0.709155
46.240,0.704956
46.250,0.705428
46.260,0.720513
46.270,0.705288
46.280,0.709256
46.290,0.696592
46.300,0.708417
46.310,0.704210
46.320,0.703387
46.330,0.703300
46.340,0.708886
46.350,0.708041
46.360,0.706025
46.370,0.701918
46.380,0.703225
46.390,0.700325
46.400,0.701207
46.410,0.713418
46.420,0.706171
46.430,0.703844
46.440,0.703844
46.450,0.710923
46.460,0.695828
46.470,0.709385
46.480,0.716195
46.490,0.708943
46.500,0.702033
46.510,0.706593
46.520,0.713588
46.530,0.721903
46.540,0.727778
46.550,0.715223
46.560,0.713322
46.570,0.723410
46.580,0.715335
46.590,0.722788
46.600,0.722380
46.610,0.717197
46.620,0.720471
46.630,0.719579
46.640,0.723087
46.650,0.732276
46.660,0.734942
46.670,0.718422
46.680,0.721808
46.690,0.729139
46.700,0.719674
46.710,0.711970
46.720,0.720522
46.730,0.724160
46.740,0.730826
46.750,0.717107
46.760,0.728411
46.770,0.719542
46.780,0.729449
46.790,0.730306
46.800,0.721066
46.810,0.719956
46.820,0.725149
46.830,0.727422
46.840,0.728305
46.850,0.723546
46.860,0.721316
46.870,0.709821
46.880,0.721198
46.890,0.711342
46.900,0.724307
46.910,0.712252
46.920,0.720590
46.930,0.745685
46.940,0.720842
46.950,0.725603
46.960,0.710821
46.970,0.703154
46.980,0.725171
46.990,0.724048
47.000,0.710637
47.010,0.702794
47.020,0.708805
47.030,0.717787
47.040,0.707153
47.050,0.710431
47.060,0.707273
47.070,0.713181
47.080,0.707565
47.090,0.713258
47.100,0.705489
47.110,0.719917
47.120,0.721185
47.130,0.722700
47.140,0.726853
47.150,0.732575
47.160,0.720880
47.170,0.715109
47.180,0.722989
47.190,0.713816
47.200,0.709508
47.210,0.716066
47.220,0.704614
47.230,0.708966
47.240,0.706087
47.250,0.700757
47.260,0.702834
47.270,0.706893
47.280,0.710789
47.290,0.709026
47.300,0.712534
47.310,0.728633
47.320,0.719944
47.330,0.717885
47.340,0.740363
47.350,0.724678
47.360,0.711544
47.370,0.716872
47.380,0.715483
47.390,0.721341
47.400,0.731464
47.410,0.727785
47.420,0.728019
47.430,0.718072
47.440,0.729342
47.450,0.728589
47.460,0.716101
47.470,0.722255
47.480,0.734578
47.490,0.723026
47.500,0.726850
47.510,0.718721
47.520,0.731457
47.530,0.726445
47.540,0.725998
47.550,0.723314
47.560,0.721223
47.570,0.723490
47.580,0.724821
47.590,0.719166
47.600,0.724912
47.610,0.710518
47.620,0.710746
47.630,0.706578
47.640,0.715139
47.650,0.720210
47.660,0.718206
47.670,0.713999
47.680,0.720929
47.690,0.724907
47.700,0.724163
47.710,0.730791
47.720,0.724829
47.730,0.724923
47.740,0.719473
47.750,0.713173
47.760,0.709010
47.770,0.717412
47.780,0.715153
47.790,0.733814
47.800,0.728686
47.810,0.719046
47.820,0.705062
47.830,0.715187
47.840,0.702379
47.850,0.708070
47.860,0.701108
47.870,0.702076
47.880,0.700150
47.890,0.698498
47.900,0.705495
47.910,0.710740
47.920,0.714777
47.930,0.704766
47.940,0.701922
47.950,0.713248
47.960,0.710295
47.970,0.709732
47.980,0.707927
47.990,0.699726
48.000,0.709740
48.010,0.711707
48.020,0.713403
48.030,0.707120
48.040,0.711218
48.050,0.704766
48.060,0.701417
48.070,0.704306
48.080,0.705764
48.090,0.714298
48.100,0.712058
48.110,0.707064
48.120,0.709455
48.130,0.709404
48.140,0.698166
48.150,0.704848
48.160,0.709259
48.170,0.707867
48.180,0.707328
48.190,0.704698
48.200,0.701118
48.210,0.701374
48.220,0.711897
48.230,0.708854
48.240,0.705754
48.250,0.705581
48.260,0.700862
48.270,0.709585
48.280,0.710986
48.290,0.710318
48.300,0.703142
48.310,0.703032
48.320,0.707524
48.330,0.707761
48.340,0.707369
48.350,0.710658
48.360,0.709547
48.370,0.706940
48.380,0.722367
48.390,0.714464
48.400,0.714657
48.410,0.713939
48.420,0.711607
48.430,0.714417
48.440,0.714631
48.450,0.709697
48.460,0.715338
48.470,0.701399
48.480,0.710236
48.490,0.722023
48.500,0.706457
48.510,0.714325
48.520,0.704773
48.530,0.701945
48.540,0.705856
48.550,0.698820
48.560,0.715488
48.570,0.706701
48.580,0.704828
48.590,0.699712
48.600,0.704361
48.610,0.703270
48.620,0.702432
48.630,0.709178
48.640,0.710889
48.650,0.703697
48.660,0.715274
48.670,0.701890
48.680,0.725563
48.690,0.708874
48.700,0.705751
48.710,0.707912
48.720,0.708125
48.730,0.701606
48.740,0.715078
48.750,0.711691
48.760,0.709036
48.770,0.712222
48.780,0.720825
48.790,0.710104
48.800,0.715436
48.810,0.716999
48.820,0.711867
48.830,0.714090
48.840,0.720060
48.850,0.717127
48.860,0.720290
48.870,0.719671
48.880,0.712603
48.890,0.717871
48.900,0.705520
48.910,0.703122
48.920,0.713877
48.930,0.711999
48.940,0.715170
48.950,0.714632
48.960,0.714924
48.970,0.719808
48.980,0.705417
48.990,0.713528
49.000,0.709978
49.010,0.712120
49.020,0.732170
49.030,0.716716
49.040,0.724768
49.050,0.705718
49.060,0.715112
49.070,0.729065
49.080,0.706195
49.090,0.714447
49.100,0.708129
49.110,0.703642
49.120,0.711832
49.130,0.707777
49.140,0.709537
49.150,0.710560
49.160,0.713340
49.170,0.722305
49.180,0.712362
49.190,0.712560
49.200,0.707374
49.210,0.712325
49.220,0.726142
49.230,0.715757
49.240,0.727583
49.250,0.709020
49.260,0.716890
49.270,0.719185
49.280,0.721779
49.290,0.730652
49.300,0.718895
49.310,0.722518
49.320,0.729142
49.330,0.732606
49.340,0.730535
49.350,0.721024
49.360,0.717706
49.370,0.724881
49.380,0.730370
49.390,0.723704
49.400,0.720545
49.410,0.707548
49.420,0.726523
49.430,0.730554
49.440,0.722445
49.450,0.712926
49.460,0.721455
49.470,0.725982
49.480,0.707025
49.490,0.717304
49.500,0.720519
49.510,0.716563
49.520,0.713600
49.530,0.719586
49.540,0.721136
49.550,0.731169
49.560,0.713655
49.570,0.718862
49.580,0.715030
49.590,0.720661
49.600,0.709428
49.610,0.710877
49.620,0.715759
49.630,0.722030
49.640,0.714195
49.650,0.716369
49.660,0.713961
49.670,0.726247
49.680,0.714056
49.690,0.717733
49.700,0.710721
49.710,0.726514
49.720,0.720770
49.730,0.709167
49.740,0.713181
49.750,0.712236
49.760,0.704916
49.770,0.711066
49.780,0.716355
49.790,0.721050
49.800,0.704213
49.810,0.712863
49.820,0.715326
49.830,0.715507
49.840,0.720668
49.850,0.721091
49.860,0.724724
49.870,0.733164
49.880,0.719584
49.890,0.726608
49.900,0.725252
49.910,0.720978
49.920,0.722443
49.930,0.728063
49.940,0.727181
49.950,0.725028
49.960,0.719160
49.970,0.705641
49.980,0.710929
49.990,0.729936
50.000,0.717192
