0.000,9
0.010,9
0.020,10
0.030,9
0.040,12
0.050,10
0.060,9
0.070,8
0.080,9
0.090,9
0.100,9
0.110,9
0.120,7
0.130,9
0.140,8
0.150,11
0.160,9
0.170,8
0.180,8
0.190,8
0.200,9
0.210,9
0.220,8
0.230,11
0.240,9
0.250,6
0.260,7
0.270,11
0.280,8
0.290,10
0.300,10
0.310,8
0.320,9
0.330,9
0.340,11
0.350,9
0.360,8
0.370,8
0.380,11
0.390,11
0.400,10
0.410,8
0.420,10
0.430,10
0.440,8
0.450,12
0.460,8
0.470,9
0.480,11
0.490,11
0.500,16
0.510,10
0.520,10
0.530,13
0.540,11
0.550,10
0.560,9
0.570,13
0.580,10
0.590,12
0.600,12
0.610,7
0.620,13
0.630,8
0.640,10
0.650,6
0.660,8
0.670,5
0.680,8
0.690,8
0.700,10
0.710,11
0.720,7
0.730,9
0.740,13
0.750,13
0.760,12
0.770,9
0.780,9
0.790,9
0.800,7
0.810,11
0.820,5
0.830,9
0.840,10
0.850,7
0.860,8
0.870,5
0.880,11
0.890,9
0.900,9
0.910,9
0.920,8
0.930,8
0.940,6
0.950,6
0.960,8
0.970,9
0.980,7
0.990,10
1.000,7
1.010,8
1.020,9
1.030,12
1.040,6
1.050,7
1.060,12
1.070,10
1.080,9
1.090,10
1.100,12
1.110,12
1.120,8
1.130,12
1.140,11
1.150,11
1.160,10
1.170,8
1.180,9
1.190,9
1.200,7
1.210,8
1.220,7
1.230,10
1.240,10
1.250,6
1.260,8
1.270,8
1.280,7
1.290,10
1.300,8
1.310,8
1.320,10
1.330,9
1.340,10
1.350,9
1.360,8
1.370,9
1.380,11
1.390,10
1.400,14
1.410,11
1.420,10
1.430,7
1.440,12
1.450,11
1.460,8
1.470,11
1.480,13
1.490,11
1.500,9
1.510,8
1.520,11
1.530,10
1.540,9
1.550,11
1.560,11
1.570,10
1.580,8
1.590,12
1.600,11
1.610,7
1.620,7
1.630,9
1.640,11
1.650,7
1.660,10
1.670,13
1.680,9
1.690,7
1.700,10
1.710,11
1.720,8
1.730,11
1.740,9
1.750,9
1.760,7
1.770,11
1.780,9
1.790,7
1.800,13
1.810,8
1.820,10
1.830,9
1.840,11
1.850,8
1.860,7
1.870,6
1.880,8
1.890,6
1.900,8
1.910,12
1.920,11
1.930,9
1.940,9
1.950,5
1.960,10
1.970,13
1.980,10
1.990,12
2.000,9
2.010,8
2.020,5
2.030,10
2.040,8
2.050,11
2.060,10
2.070,8
2.080,7
2.090,9
2.100,8
2.110,7
2.120,8
2.130,11
2.140,10
2.150,6
2.160,11
2.170,9
2.180,4
2.190,8
2.200,8
2.210,6
2.220,10
2.230,6
2.240,6
2.250,8
2.260,10
2.270,7
2.280,8
2.290,6
2.300,4
2.310,7
2.320,7
2.330,7
2.340,5
2.350,5
2.360,8
2.370,8
2.380,7
2.390,6
2.400,8
2.410,8
2.420,8
2.430,7
2.440,5
2.450,9
2.460,5
2.470,10
2.480,8
2.490,10
2.500,9
2.510,7
2.520,7
2.530,9
2.540,9
2.550,12
2.560,8
2.570,9
2.580,8
2.590,8
2.600,11
2.610,11
2.620,4
2.630,7
2.640,5
2.650,8
2.660,11
2.670,6
2.680,9
2.690,7
2.700,5
2.710,9
2.720,8
2.730,6
2.740,8
2.750,9
2.760,6
2.770,9
2.780,8
2.790,6
2.800,6
2.810,7
2.820,8
2.830,10
2.840,8
2.850,9
2.860,7
2.870,7
2.880,6
2.890,10
2.900,11
2.910,5
2.920,7
2.930,11
2.940,10
2.950,11
2.960,7
2.970,10
2.980,8
2.990,10
3.000,10
3.010,6
3.020,8
3.030,10
3.040,8
3.050,8
3.060,9
3.070,7
3.080,7
3.090,6
3.100,8
3.110,8
3.120,6
3.130,5
3.140,9
3.150,7
3.160,7
3.170,12
3.180,8
3.190,9
3.200,10
3.210,14
3.220,10
3.230,8
3.240,9
3.250,6
3.260,8
3.270,10
3.280,7
3.290,14
3.300,12
3.310,9
3.320,11
3.330,8
3.340,9
3.350,11
3.360,11
3.370,7
3.380,10
3.390,10
3.400,10
3.410,12
3.420,10
3.430,13
3.440,7
3.450,9
3.460,11
3.470,9
3.480,10
3.490,10
3.500,10
3.510,5
3.520,7
3.530,7
3.540,11
3.550,7
3.560,10
3.570,11
3.580,8
3.590,9
3.600,7
3.610,7
3.620,4
3.630,11
3.640,10
3.650,11
3.660,9
3.670,12
3.680,14
3.690,12
3.700,11
3.710,10
3.720,10
3.730,12
3.740,10
3.750,10
3.760,10
3.770,11
3.780,13
3.790,9
3.800,10
3.810,13
3.820,10
3.830,12
3.840,11
3.850,11
3.860,12
3.870,10
3.880,15
3.890,11
3.900,8
3.910,12
3.920,9
3.930,9
3.940,10
3.950,6
3.960,7
3.970,11
3.980,9
3.990,13
4.000,9
4.010,9
4.020,9
4.030,9
4.040,12
4.050,10
4.060,7
4.070,10
4.080,9
4.090,14
4.100,8
4.110,8
4.120,8
4.130,8
4.140,6
4.150,9
4.160,7
4.170,9
4.180,8
4.190,7
4.200,8
4.210,8
4.220,8
4.230,11
4.240,11
4.250,8
4.260,11
4.270,10
4.280,9
4.290,7
4.300,11
4.310,11
4.320,11
4.330,8
4.340,8
4.350,9
4.360,8
4.370,10
4.380,8
4.390,7
4.400,6
4.410,4
4.420,8
4.430,11
4.440,10
4.450,10
4.460,8
4.470,12
4.480,6
4.490,10
4.500,7
4.510,10
4.520,10
4.530,10
4.540,11
4.550,5
4.560,7
4.570,10
4.580,8
4.590,5
4.600,7
4.610,8
4.620,10
4.630,8
4.640,9
4.650,9
4.660,7
4.670,8
4.680,4
4.690,8
4.700,4
4.710,7
4.720,9
4.730,9
4.740,9
4.750,10
4.760,8
4.770,7
4.780,8
4.790,8
4.800,10
4.810,9
4.820,8
4.830,9
4.840,10
4.850,7
4.860,9
4.870,8
4.880,6
4.890,6
4.900,6
4.910,5
4.920,3
4.930,8
4.940,7
4.950,6
4.960,9
4.970,8
4.980,4
4.990,8
5.000,5
5.010,7
5.020,6
5.030,8
5.040,7
5.050,10
5.060,6
5.070,9
5.080,10
5.090,7
5.100,5
5.110,7
5.120,6
5.130,5
5.140,6
5.150,9
5.160,8
5.170,6
5.180,5
5.190,6
5.200,8
5.210,8
5.220,11
5.230,7
5.240,7
5.250,8
5.260,6
5.270,4
5.280,6
5.290,5
5.300,6
5.310,6
5.320,6
5.330,10
5.340,7
5.350,6
5.360,7
5.370,8
5.380,5
5.390,7
5.400,7
5.410,10
5.420,7
5.430,5
5.440,3
5.450,7
5.460,11
5.470,5
5.480,9
5.490,8
5.500,8
5.510,9
5.520,7
5.530,8
5.540,9
5.550,9
5.560,10
5.570,5
5.580,7
5.590,7
5.600,7
5.610,8
5.620,11
5.630,9
5.640,9
5.650,10
5.660,11
5.670,9
5.680,10
5.690,16
5.700,13
5.710,6
5.720,16
5.730,15
5.740,13
5.750,16
5.760,12
5.770,10
5.780,8
5.790,7
5.800,8
5.810,7
5.820,6
5.830,11
5.840,7
5.850,11
5.860,13
5.870,10
5.880,14
5.890,11
5.900,9
5.910,11
5.920,7
5.930,9
5.940,11
5.950,12
5.960,10
5.970,10
5.980,9
5.990,9
6.000,8
6.010,7
6.020,7
6.030,8
6.040,8
6.050,9
6.060,10
6.070,10
6.080,11
6.090,10
6.100,8
6.110,12
6.120,12
6.130,9
6.140,10
6.150,7
6.160,8
6.170,10
6.180,9
6.190,8
6.200,9
6.210,9
6.220,11
6.230,12
6.240,9
6.250,8
6.260,11
6.270,7
6.280,8
6.290,7
6.300,9
6.310,9
6.320,9
6.330,3
6.340,10
6.350,9
6.360,13
6.370,12
6.380,12
6.390,14
6.400,17
6.410,11
6.420,10
6.430,11
6.440,12
6.450,7
6.460,11
6.470,12
6.480,7
6.490,14
6.500,8
6.510,9
6.520,8
6.530,10
6.540,11
6.550,7
6.560,11
6.570,9
6.580,12
6.590,9
6.600,13
6.610,9
6.620,8
6.630,8
6.640,8
6.650,8
6.660,6
6.670,10
6.680,7
6.690,5
6.700,7
6.710,7
6.720,10
6.730,6
6.740,6
6.750,8
6.760,4
6.770,11
6.780,4
6.790,3
6.800,5
6.810,10
6.820,8
6.830,7
6.840,5
6.850,6
6.860,8
6.870,9
6.880,7
6.890,4
6.900,11
6.910,8
6.920,8
6.930,8
6.940,6
6.950,7
6.960,5
6.970,6
6.980,9
6.990,7
7.000,8
7.010,8
7.020,8
7.030,9
7.040,3
7.050,6
7.060,5
7.070,7
7.080,7
7.090,7
7.100,7
7.110,9
7.120,7
7.130,7
7.140,9
7.150,6
7.160,9
7.170,6
7.180,11
7.190,7
7.200,6
7.210,7
7.220,6
7.230,9
7.240,6
7.250,4
7.260,5
7.270,7
7.280,10
7.290,8
7.300,9
7.310,6
7.320,3
7.330,5
7.340,5
7.350,7
7.360,7
7.370,3
7.380,6
7.390,3
7.400,5
7.410,5
7.420,2
7.430,6
7.440,6
7.450,4
7.460,6
7.470,6
7.480,5
7.490,4
7.500,3
7.510,7
7.520,3
7.530,4
7.540,4
7.550,4
7.560,4
7.570,3
7.580,5
7.590,6
7.600,3
7.610,8
7.620,7
7.630,4
7.640,5
7.650,3
7.660,3
7.670,5
7.680,3
7.690,5
7.700,2
7.710,3
7.720,5
7.730,5
7.740,2
7.750,7
7.760,5
7.770,4
7.780,2
7.790,5
7.800,4
7.810,3
7.820,5
7.830,3
7.840,3
7.850,3
7.860,5
7.870,6
7.880,6
7.890,6
7.900,7
7.910,8
7.920,6
7.930,8
7.940,6
7.950,7
7.960,3
7.970,6
7.980,4
7.990,3
8.000,4
8.010,4
8.020,3
8.030,4
8.040,5
8.050,8
8.060,5
8.070,5
8.080,6
8.090,9
8.100,5
8.110,5
8.120,6
8.130,8
8.140,5
8.150,6
8.160,8
8.170,5
8.180,6
8.190,6
8.200,7
8.210,4
8.220,5
8.230,6
8.240,7
8.250,8
8.260,5
8.270,7
8.280,6
8.290,6
8.300,5
8.310,7
8.320,6
8.330,8
8.340,11
8.350,11
8.360,7
8.370,9
8.380,6
8.390,6
8.400,8
8.410,6
8.420,8
8.430,7
8.440,6
8.450,7
8.460,7
8.470,8
8.480,5
8.490,4
8.500,3
8.510,2
8.520,6
8.530,4
8.540,3
8.550,5
8.560,4
8.570,2
8.580,6
8.590,3
8.600,5
8.610,5
8.620,4
8.630,5
8.640,4
8.650,3
8.660,7
8.670,7
8.680,2
8.690,5
8.700,4
8.710,3
8.720,6
8.730,6
8.740,3
8.750,5
8.760,4
8.770,2
8.780,2
8.790,4
8.800,3
8.810,5
8.820,7
8.830,6
8.840,5
8.850,3
8.860,4
8.870,7
8.880,7
8.890,7
8.900,6
8.910,4
8.920,2
8.930,6
8.940,5
8.950,3
8.960,6
8.970,3
8.980,6
8.990,7
9.000,4
9.010,5
9.020,1
9.030,4
9.040,2
9.050,3
9.060,6
9.070,4
9.080,3
9.090,5
9.100,3
9.110,5
9.120,3
9.130,8
9.140,4
9.150,6
9.160,3
9.170,5
9.180,3
9.190,5
9.200,5
9.210,4
9.220,4
9.230,3
9.240,4
9.250,3
9.260,5
9.270,6
9.280,6
9.290,5
9.300,4
9.310,4
9.320,2
9.330,2
9.340,6
9.350,5
9.360,6
9.370,6
9.380,4
9.390,6
9.400,6
9.410,7
9.420,5
9.430,4
9.440,7
9.450,6
9.460,2
9.470,3
9.480,4
9.490,6
9.500,5
9.510,5
9.520,2
9.530,4
9.540,6
9.550,1
9.560,2
9.570,6
9.580,3
9.590,4
9.600,4
9.610,3
9.620,3
9.630,6
9.640,3
9.650,4
9.660,5
9.670,6
9.680,4
9.690,6
9.700,6
9.710,5
9.720,4
9.730,4
9.740,7
9.750,6
9.760,7
9.770,4
9.780,5
9.790,7
9.800,6
9.810,8
9.820,5
9.830,8
9.840,5
9.850,7
9.860,6
9.870,6
9.880,7
9.890,7
9.900,7
9.910,9
9.920,5
9.930,8
9.940,5
9.950,6
9.960,10
9.970,9
9.980,7
9.990,10
10.000,7
10.010,9
10.020,7
10.030,3
10.040,7
10.050,7
10.060,8
10.070,9
10.080,9
10.090,5
10.100,8
10.110,9
10.120,11
10.130,8
10.140,5
10.150,6
10.160,6
10.170,9
10.180,7
10.190,7
10.200,7
10.210,7
10.220,8
10.230,8
10.240,6
10.250,9
10.260,11
10.270,3
10.280,10
10.290,8
10.300,6
10.310,5
10.320,7
10.330,8
10.340,6
10.350,8
10.360,7
10.370,9
10.380,7
10.390,7
10.400,6
10.410,8
10.420,12
10.430,8
10.440,9
10.450,11
10.460,10
10.470,10
10.480,13
10.490,10
10.500,11
10.510,9
10.520,9
10.530,10
10.540,7
10.550,11
10.560,9
10.570,6
10.580,12
10.590,7
10.600,9
10.610,8
10.620,9
10.630,8
10.640,8
10.650,6
10.660,6
10.670,6
10.680,9
10.690,9
10.700,7
10.710,6
10.720,11
10.730,8
10.740,8
10.750,6
10.760,7
10.770,10
10.780,5
10.790,7
10.800,7
10.810,10
10.820,9
10.830,9
10.840,11
10.850,9
10.860,11
10.870,10
10.880,11
10.890,9
10.900,7
10.910,5
10.920,7
10.930,9
10.940,9
10.950,9
10.960,11
10.970,11
10.980,7
10.990,8
11.000,10
11.010,9
11.020,8
11.030,7
11.040,8
11.050,8
11.060,11
11.070,9
11.080,7
11.090,10
11.100,11
11.110,8
11.120,7
11.130,11
11.140,9
11.150,10
11.160,10
11.170,13
11.180,10
11.190,8
11.200,9
11.210,11
11.220,12
11.230,9
11.240,9
11.250,8
11.260,10
11.270,12
11.280,10
11.290,12
11.300,12
11.310,15
11.320,9
11.330,13
11.340,11
11.350,14
11.360,12
11.370,8
11.380,6
11.390,8
11.400,9
11.410,12
11.420,10
11.430,11
11.440,9
11.450,10
11.460,9
11.470,8
11.480,6
11.490,9
11.500,10
11.510,7
11.520,11
11.530,11
11.540,9
11.550,10
11.560,9
11.570,9
11.580,9
11.590,10
11.600,11
11.610,9
11.620,8
11.630,10
11.640,12
11.650,10
11.660,13
11.670,7
11.680,10
11.690,7
11.700,10
11.710,12
11.720,12
11.730,11
11.740,6
11.750,7
11.760,10
11.770,10
11.780,12
11.790,11
11.800,12
11.810,12
11.820,10
11.830,9
11.840,10
11.850,12
11.860,10
11.870,7
11.880,7
11.890,10
11.900,9
11.910,8
11.920,6
11.930,7
11.940,9
11.950,5
11.960,7
11.970,10
11.980,7
11.990,7
12.000,3
12.010,8
12.020,5
12.030,7
12.040,7
12.050,5
12.060,5
12.070,4
12.080,7
12.090,7
12.100,5
12.110,9
12.120,7
12.130,8
12.140,6
12.150,9
12.160,11
12.170,8
12.180,8
12.190,12
12.200,10
12.210,10
12.220,7
12.230,10
12.240,6
12.250,9
12.260,7
12.270,7
12.280,5
12.290,6
12.300,7
12.310,7
12.320,7
12.330,10
12.340,9
12.350,6
12.360,9
12.370,6
12.380,6
12.390,7
12.400,9
12.410,7
12.420,10
12.430,9
12.440,6
12.450,8
12.460,9
12.470,6
12.480,8
12.490,8
12.500,9
12.510,9
12.520,6
12.530,5
12.540,8
12.550,8
12.560,7
12.570,8
12.580,9
12.590,6
12.600,9
12.610,7
12.620,9
12.630,6
12.640,8
12.650,8
12.660,7
12.670,8
12.680,5
12.690,7
12.700,6
12.710,7
12.720,8
12.730,7
12.740,8
12.750,7
12.760,5
12.770,9
12.780,8
12.790,7
12.800,8
12.810,7
12.820,7
12.830,5
12.840,7
12.850,8
12.860,8
12.870,9
12.880,9
12.890,6
12.900,8
12.910,7
12.920,7
12.930,8
12.940,11
12.950,7
12.960,6
12.970,6
12.980,2
12.990,4
13.000,6
13.010,7
13.020,7
13.030,6
13.040,7
13.050,6
13.060,9
13.070,6
13.080,8
13.090,7
13.100,7
13.110,9
13.120,6
13.130,5
13.140,5
13.150,5
13.160,8
13.170,6
13.180,6
13.190,6
13.200,6
13.210,8
13.220,4
13.230,7
13.240,7
13.250,5
13.260,7
13.270,4
13.280,8
13.290,7
13.300,8
13.310,8
13.320,8
13.330,7
13.340,7
13.350,8
13.360,7
13.370,4
13.380,8
13.390,9
13.400,9
13.410,6
13.420,10
13.430,10
13.440,8
13.450,10
13.460,8
13.470,7
13.480,9
13.490,9
13.500,7
13.510,8
13.520,6
13.530,8
13.540,6
13.550,3
13.560,6
13.570,6
13.580,6
13.590,5
13.600,6
13.610,5
13.620,3
13.630,6
13.640,5
13.650,5
13.660,1
13.670,4
13.680,6
13.690,7
13.700,7
13.710,6
13.720,2
13.730,4
13.740,7
13.750,5
13.760,3
13.770,3
13.780,6
13.790,5
13.800,3
13.810,2
13.820,4
13.830,6
13.840,4
13.850,6
13.860,3
13.870,7
13.880,5
13.890,6
13.900,5
13.910,3
13.920,5
13.930,5
13.940,4
13.950,5
13.960,3
13.970,4
13.980,5
13.990,4
14.000,6
14.010,6
14.020,7
14.030,10
14.040,6
14.050,4
14.060,7
14.070,9
14.080,9
14.090,3
14.100,8
14.110,7
14.120,5
14.130,5
14.140,4
14.150,6
14.160,7
14.170,5
14.180,6
14.190,3
14.200,2
14.210,3
14.220,4
14.230,5
14.240,5
14.250,5
14.260,3
14.270,4
14.280,4
14.290,6
14.300,6
14.310,6
14.320,7
14.330,4
14.340,6
14.350,5
14.360,3
14.370,4
14.380,5
14.390,4
14.400,5
14.410,4
14.420,8
14.430,5
14.440,5
14.450,7
14.460,6
14.470,4
14.480,8
14.490,5
14.500,6
14.510,5
14.520,7
14.530,10
14.540,9
14.550,7
14.560,5
14.570,6
14.580,8
14.590,6
14.600,11
14.610,10
14.620,7
14.630,11
14.640,7
14.650,5
14.660,6
14.670,5
14.680,7
14.690,10
14.700,10
14.710,8
14.720,7
14.730,7
14.740,6
14.750,8
14.760,7
14.770,8
14.780,7
14.790,6
14.800,6
14.810,6
14.820,8
14.830,3
14.840,4
14.850,8
14.860,11
14.870,9
14.880,6
14.890,8
14.900,7
14.910,9
14.920,8
14.930,9
14.940,7
14.950,3
14.960,5
14.970,5
14.980,3
14.990,5
15.000,11
15.010,6
15.020,7
15.030,7
15.040,7
15.050,8
15.060,5
15.070,7
15.080,6
15.090,8
15.100,7
15.110,6
15.120,5
15.130,7
15.140,6
15.150,7
15.160,8
15.170,4
15.180,5
15.190,5
15.200,6
15.210,5
15.220,5
15.230,4
15.240,6
15.250,4
15.260,6
15.270,5
15.280,5
15.290,1
15.300,6
15.310,7
15.320,5
15.330,4
15.340,7
15.350,4
15.360,9
15.370,4
15.380,5
15.390,3
15.400,6
15.410,5
15.420,5
15.430,6
15.440,4
15.450,1
15.460,4
15.470,6
15.480,5
15.490,4
15.500,5
15.510,8
15.520,5
15.530,6
15.540,5
15.550,9
15.560,6
15.570,6
15.580,3
15.590,6
15.600,6
15.610,4
15.620,4
15.630,5
15.640,6
15.650,4
15.660,4
15.670,6
15.680,6
15.690,6
15.700,6
15.710,5
15.720,6
15.730,6
15.740,6
15.750,7
15.760,7
15.770,8
15.780,7
15.790,8
15.800,7
15.810,5
15.820,4
15.830,6
15.840,5
15.850,3
15.860,5
15.870,4
15.880,3
15.890,3
15.900,5
15.910,4
15.920,4
15.930,4
15.940,4
15.950,8
15.960,5
15.970,8
15.980,4
15.990,4
16.000,3
16.010,5
16.020,5
16.030,6
16.040,2
16.050,3
16.060,4
16.070,2
16.080,3
16.090,4
16.100,5
16.110,4
16.120,5
16.130,3
16.140,4
16.150,3
16.160,2
16.170,4
16.180,4
16.190,5
16.200,2
16.210,5
16.220,5
16.230,4
16.240,2
16.250,4
16.260,4
16.270,2
16.280,3
16.290,3
16.300,2
16.310,3
16.320,3
16.330,4
16.340,6
16.350,7
16.360,8
16.370,6
16.380,5
16.390,3
16.400,7
16.410,5
16.420,3
16.430,6
16.440,4
16.450,4
16.460,5
16.470,5
16.480,4
16.490,7
16.500,5
16.510,5
16.520,4
16.530,4
16.540,4
16.550,4
16.560,6
16.570,6
16.580,6
16.590,7
16.600,7
16.610,5
16.620,6
16.630,5
16.640,7
16.650,6
16.660,7
16.670,4
16.680,4
16.690,10
16.700,6
16.710,5
16.720,6
16.730,6
16.740,4
16.750,6
16.760,7
16.770,8
16.780,6
16.790,6
16.800,8
16.810,7
16.820,5
16.830,4
16.840,5
16.850,4
16.860,4
16.870,2
16.880,4
16.890,7
16.900,3
16.910,6
16.920,2
16.930,6
16.940,4
16.950,3
16.960,3
16.970,2
16.980,4
16.990,6
17.000,3
17.010,4
17.020,7
17.030,5
17.040,5
17.050,5
17.060,6
17.070,6
17.080,3
17.090,6
17.100,5
17.110,4
17.120,6
17.130,7
17.140,4
17.150,5
17.160,6
17.170,2
17.180,6
17.190,5
17.200,3
17.210,7
17.220,6
17.230,6
17.240,6
17.250,6
17.260,6
17.270,5
17.280,8
17.290,7
17.300,7
17.310,8
17.320,4
17.330,4
17.340,4
17.350,4
17.360,6
17.370,8
17.380,6
17.390,6
17.400,7
17.410,5
17.420,3
17.430,5
17.440,7
17.450,8
17.460,5
17.470,5
17.480,6
17.490,9
17.500,2
17.510,6
17.520,5
17.530,4
17.540,3
17.550,6
17.560,6
17.570,5
17.580,4
17.590,6
17.600,3
17.610,5
17.620,6
17.630,3
17.640,4
17.650,5
17.660,3
17.670,5
17.680,5
17.690,4
17.700,4
17.710,3
17.720,6
17.730,5
17.740,4
17.750,5
17.760,4
17.770,5
17.780,3
17.790,6
17.800,3
17.810,5
17.820,5
17.830,6
17.840,5
17.850,8
17.860,6
17.870,6
17.880,4
17.890,4
17.900,4
17.910,4
17.920,7
17.930,6
17.940,8
17.950,4
17.960,7
17.970,8
17.980,6
17.990,4
18.000,9
18.010,6
18.020,8
18.030,6
18.040,4
18.050,2
18.060,5
18.070,3
18.080,3
18.090,7
18.100,4
18.110,4
18.120,5
18.130,5
18.140,5
18.150,3
18.160,5
18.170,3
18.180,6
18.190,6
18.200,6
18.210,4
18.220,3
18.230,3
18.240,3
18.250,4
18.260,3
18.270,4
18.280,6
18.290,4
18.300,4
18.310,5
18.320,6
18.330,4
18.340,3
18.350,5
18.360,5
18.370,4
18.380,3
18.390,4
18.400,4
18.410,6
18.420,4
18.430,3
18.440,4
18.450,4
18.460,3
18.470,5
18.480,6
18.490,6
18.500,3
18.510,3
18.520,6
18.530,4
18.540,4
18.550,4
18.560,6
18.570,3
18.580,3
18.590,2
18.600,5
18.610,3
18.620,4
18.630,3
18.640,4
18.650,4
18.660,7
18.670,5
18.680,5
18.690,6
18.700,4
18.710,7
18.720,2
18.730,4
18.740,4
18.750,7
18.760,5
18.770,4
18.780,5
18.790,3
18.800,3
18.810,3
18.820,2
18.830,3
18.840,5
18.850,3
18.860,5
18.870,6
18.880,2
18.890,4
18.900,9
18.910,5
18.920,7
18.930,3
18.940,2
18.950,3
18.960,4
18.970,1
18.980,7
18.990,7
19.000,2
19.010,4
19.020,5
19.030,3
19.040,5
19.050,4
19.060,2
19.070,3
19.080,4
19.090,2
19.100,4
19.110,2
19.120,4
19.130,3
19.140,4
19.150,2
19.160,3
19.170,4
19.180,4
19.190,2
19.200,6
19.210,2
19.220,2
19.230,2
19.240,2
19.250,3
19.260,5
19.270,3
19.280,4
19.290,4
19.300,4
19.310,3
19.320,5
19.330,4
19.340,3
19.350,4
19.360,3
19.370,2
19.380,4
19.390,7
19.400,6
19.410,7
19.420,8
19.430,5
19.440,7
19.450,4
19.460,4
19.470,3
19.480,5
19.490,7
19.500,6
19.510,5
19.520,2
19.530,4
19.540,7
19.550,7
19.560,8
19.570,7
19.580,4
19.590,5
19.600,4
19.610,2
19.620,5
19.630,5
19.640,6
19.650,5
19.660,3
19.670,7
19.680,5
19.690,5
19.700,7
19.710,9
19.720,6
19.730,7
19.740,4
19.750,7
19.760,7
19.770,8
19.780,4
19.790,4
19.800,9
19.810,7
19.820,5
19.830,6
19.840,2
19.850,2
19.860,4
19.870,4
19.880,5
19.890,4
19.900,5
19.910,7
19.920,3
19.930,4
19.940,5
19.950,4
19.960,5
19.970,2
19.980,3
19.990,3
20.000,5
20.010,5
20.020,4
20.030,9
20.040,7
20.050,5
20.060,7
20.070,5
20.080,6
20.090,2
20.100,5
20.110,1
20.120,4
20.130,4
20.140,4
20.150,3
20.160,4
20.170,2
20.180,2
20.190,1
20.200,5
20.210,5
20.220,3
20.230,3
20.240,5
20.250,3
20.260,7
20.270,4
20.280,2
20.290,3
20.300,5
20.310,2
20.320,3
20.330,3
20.340,3
20.350,5
20.360,4
20.370,2
20.380,5
20.390,3
20.400,3
20.410,5
20.420,7
20.430,3
20.440,7
20.450,4
20.460,3
20.470,6
20.480,7
20.490,6
20.500,6
20.510,4
20.520,6
20.530,3
20.540,3
20.550,4
20.560,5
20.570,4
20.580,4
20.590,2
20.600,3
20.610,5
20.620,6
20.630,6
20.640,9
20.650,5
20.660,4
20.670,4
20.680,4
20.690,5
20.700,4
20.710,4
20.720,5
20.730,8
20.740,4
20.750,6
20.760,4
20.770,6
20.780,7
20.790,7
20.800,6
20.810,4
20.820,5
20.830,8
20.840,6
20.850,7
20.860,7
20.870,8
20.880,5
20.890,8
20.900,10
20.910,9
20.920,8
20.930,8
20.940,5
20.950,6
20.960,7
20.970,7
20.980,8
20.990,5
21.000,9
21.010,5
21.020,8
21.030,8
21.040,7
21.050,5
21.060,7
21.070,3
21.080,0
21.090,5
21.100,5
21.110,4
21.120,4
21.130,3
21.140,1
21.150,4
21.160,3
21.170,3
21.180,7
21.190,7
21.200,6
21.210,4
21.220,3
21.230,5
21.240,6
21.250,6
21.260,7
21.270,5
21.280,3
21.290,6
21.300,3
21.310,4
21.320,4
21.330,5
21.340,7
21.350,4
21.360,2
21.370,2
21.380,4
21.390,3
21.400,7
21.410,4
21.420,4
21.430,5
21.440,3
21.450,2
21.460,7
21.470,3
21.480,2
21.490,4
21.500,5
21.510,5
21.520,3
21.530,3
21.540,5
21.550,2
21.560,7
21.570,5
21.580,1
21.590,3
21.600,4
21.610,5
21.620,5
21.630,4
21.640,5
21.650,3
21.660,4
21.670,7
21.680,6
21.690,2
21.700,4
21.710,3
21.720,1
21.730,5
21.740,3
21.750,3
21.760,6
21.770,5
21.780,4
21.790,4
21.800,5
21.810,4
21.820,7
21.830,6
21.840,4
21.850,3
21.860,9
21.870,8
21.880,6
21.890,4
21.900,6
21.910,4
21.920,5
21.930,5
21.940,7
21.950,9
21.960,6
21.970,6
21.980,7
21.990,4
22.000,6
22.010,6
22.020,4
22.030,6
22.040,6
22.050,7
22.060,5
22.070,5
22.080,5
22.090,2
22.100,3
22.110,4
22.120,5
22.130,8
22.140,5
22.150,6
22.160,3
22.170,2
22.180,5
22.190,6
22.200,5
22.210,8
22.220,2
22.230,6
22.240,5
22.250,4
22.260,3
22.270,5
22.280,4
22.290,3
22.300,3
22.310,2
22.320,0
22.330,4
22.340,2
22.350,2
22.360,2
22.370,2
22.380,3
22.390,2
22.400,7
22.410,2
22.420,3
22.430,3
22.440,5
22.450,5
22.460,4
22.470,1
22.480,5
22.490,5
22.500,5
22.510,3
22.520,2
22.530,4
22.540,0
22.550,5
22.560,3
22.570,6
22.580,3
22.590,4
22.600,1
22.610,2
22.620,2
22.630,2
22.640,2
22.650,1
22.660,4
22.670,4
22.680,2
22.690,5
22.700,5
22.710,6
22.720,2
22.730,2
22.740,1
22.750,3
22.760,1
22.770,2
22.780,1
22.790,2
22.800,2
22.810,3
22.820,4
22.830,5
22.840,6
22.850,6
22.860,4
22.870,6
22.880,4
22.890,3
22.900,5
22.910,3
22.920,4
22.930,6
22.940,5
22.950,2
22.960,4
22.970,4
22.980,5
22.990,4
23.000,5
23.010,5
23.020,8
23.030,5
23.040,6
23.050,6
23.060,3
23.070,8
23.080,2
23.090,1
23.100,4
23.110,5
23.120,4
23.130,4
23.140,1
23.150,1
23.160,3
23.170,3
23.180,5
23.190,4
23.200,2
23.210,6
23.220,7
23.230,5
23.240,5
23.250,5
23.260,6
23.270,5
23.280,7
23.290,3
23.300,5
23.310,3
23.320,2
23.330,3
23.340,6
23.350,5
23.360,5
23.370,3
23.380,7
23.390,5
23.400,2
23.410,4
23.420,6
23.430,7
23.440,4
23.450,4
23.460,3
23.470,3
23.480,4
23.490,5
23.500,6
23.510,3
23.520,6
23.530,5
23.540,6
23.550,4
23.560,4
23.570,1
23.580,3
23.590,3
23.600,3
23.610,1
23.620,3
23.630,5
23.640,3
23.650,3
23.660,3
23.670,3
23.680,1
23.690,2
23.700,1
23.710,2
23.720,3
23.730,4
23.740,7
23.750,5
23.760,3
23.770,5
23.780,4
23.790,7
23.800,4
23.810,4
23.820,2
23.830,2
23.840,1
23.850,4
23.860,5
23.870,6
23.880,3
23.890,7
23.900,3
23.910,6
23.920,6
23.930,5
23.940,5
23.950,2
23.960,7
23.970,6
23.980,2
23.990,4
24.000,3
24.010,5
24.020,4
24.030,1
24.040,4
24.050,3
24.060,1
24.070,2
24.080,4
24.090,3
24.100,6
24.110,3
24.120,3
24.130,4
24.140,2
24.150,4
24.160,3
24.170,3
24.180,3
24.190,5
24.200,6
24.210,7
24.220,4
24.230,4
24.240,5
24.250,5
24.260,6
24.270,5
24.280,5
24.290,6
24.300,6
24.310,3
24.320,5
24.330,5
24.340,5
24.350,5
24.360,4
24.370,5
24.380,8
24.390,7
24.400,6
24.410,3
24.420,3
24.430,4
24.440,5
24.450,6
24.460,3
24.470,6
24.480,9
24.490,6
24.500,3
24.510,7
24.520,6
24.530,1
24.540,2
24.550,5
24.560,2
24.570,2
24.580,2
24.590,1
24.600,3
24.610,2
24.620,2
24.630,3
24.640,6
24.650,5
24.660,8
24.670,5
24.680,2
24.690,3
24.700,5
24.710,5
24.720,4
24.730,5
24.740,3
24.750,6
24.760,5
24.770,6
24.780,5
24.790,5
24.800,2
24.810,7
24.820,3
24.830,2
24.840,4
24.850,5
24.860,4
24.870,6
24.880,2
24.890,3
24.900,2
24.910,3
24.920,6
24.930,4
24.940,3
24.950,5
24.960,2
24.970,5
24.980,4
24.990,5
25.000,1
25.010,4
25.020,8
25.030,5
25.040,5
25.050,4
25.060,7
25.070,7
25.080,4
25.090,5
25.100,5
25.110,7
25.120,4
25.130,6
25.140,7
25.150,5
25.160,4
25.170,8
25.180,6
25.190,9
25.200,6
25.210,6
25.220,5
25.230,2
25.240,4
25.250,5
25.260,3
25.270,4
25.280,8
25.290,4
25.300,6
25.310,11
25.320,9
25.330,6
25.340,7
25.350,4
25.360,7
25.370,7
25.380,6
25.390,5
25.400,5
25.410,4
25.420,5
25.430,6
25.440,6
25.450,7
25.460,6
25.470,5
25.480,6
25.490,5
25.500,6
25.510,7
25.520,6
25.530,8
25.540,6
25.550,7
25.560,6
25.570,7
25.580,8
25.590,7
25.600,5
25.610,6
25.620,7
25.630,4
25.640,4
25.650,7
25.660,5
25.670,5
25.680,6
25.690,5
25.700,4
25.710,3
25.720,4
25.730,2
25.740,5
25.750,2
25.760,6
25.770,3
25.780,4
25.790,5
25.800,5
25.810,5
25.820,6
25.830,5
25.840,6
25.850,5
25.860,7
25.870,7
25.880,8
25.890,7
25.900,4
25.910,6
25.920,6
25.930,6
25.940,5
25.950,3
25.960,6
25.970,6
25.980,7
25.990,6
26.000,5
26.010,5
26.020,7
26.030,10
26.040,9
26.050,4
26.060,5
26.070,8
26.080,7
26.090,8
26.100,7
26.110,5
26.120,6
26.130,7
26.140,6
26.150,5
26.160,9
26.170,6
26.180,5
26.190,5
26.200,6
26.210,6
26.220,9
26.230,5
26.240,6
26.250,4
26.260,8
26.270,4
26.280,9
26.290,6
26.300,5
26.310,5
26.320,5
26.330,4
26.340,3
26.350,7
26.360,6
26.370,4
26.380,3
26.390,6
26.400,3
26.410,2
26.420,6
26.430,0
26.440,3
26.450,4
26.460,3
26.470,3
26.480,3
26.490,6
26.500,7
26.510,7
26.520,2
26.530,2
26.540,4
26.550,3
26.560,2
26.570,2
26.580,5
26.590,6
26.600,6
26.610,6
26.620,6
26.630,6
26.640,5
26.650,4
26.660,4
26.670,3
26.680,5
26.690,6
26.700,2
26.710,6
26.720,5
26.730,4
26.740,8
26.750,4
26.760,8
26.770,6
26.780,10
26.790,8
26.800,7
26.810,9
26.820,7
26.830,5
26.840,4
26.850,5
26.860,1
26.870,2
26.880,3
26.890,3
26.900,4
26.910,4
26.920,3
26.930,2
26.940,1
26.950,1
26.960,3
26.970,1
26.980,8
26.990,4
27.000,4
27.010,3
27.020,6
27.030,4
27.040,2
27.050,6
27.060,4
27.070,3
27.080,4
27.090,5
27.100,2
27.110,2
27.120,5
27.130,3
27.140,4
27.150,4
27.160,2
27.170,3
27.180,3
27.190,2
27.200,2
27.210,4
27.220,7
27.230,7
27.240,5
27.250,6
27.260,5
27.270,6
27.280,5
27.290,2
27.300,3
27.310,3
27.320,2
27.330,4
27.340,4
27.350,6
27.360,4
27.370,5
27.380,6
27.390,1
27.400,3
27.410,4
27.420,3
27.430,7
27.440,5
27.450,5
27.460,4
27.470,4
27.480,5
27.490,3
27.500,3
27.510,6
27.520,4
27.530,9
27.540,6
27.550,5
27.560,8
27.570,5
27.580,5
27.590,7
27.600,6
27.610,7
27.620,5
27.630,6
27.640,7
27.650,7
27.660,6
27.670,6
27.680,5
27.690,5
27.700,6
27.710,5
27.720,7
27.730,6
27.740,2
27.750,5
27.760,5
27.770,7
27.780,4
27.790,9
27.800,6
27.810,4
27.820,3
27.830,6
27.840,7
27.850,8
27.860,6
27.870,4
27.880,5
27.890,6
27.900,6
27.910,2
27.920,7
27.930,8
27.940,3
27.950,5
27.960,8
27.970,4
27.980,6
27.990,3
28.000,4
28.010,6
28.020,8
28.030,4
28.040,5
28.050,3
28.060,2
28.070,5
28.080,0
28.090,2
28.100,4
28.110,3
28.120,1
28.130,3
28.140,2
28.150,4
28.160,1
28.170,3
28.180,4
28.190,5
28.200,8
28.210,6
28.220,6
28.230,7
28.240,9
28.250,6
28.260,6
28.270,4
28.280,4
28.290,7
28.300,4
28.310,1
28.320,1
28.330,2
28.340,6
28.350,3
28.360,2
28.370,6
28.380,2
28.390,3
28.400,2
28.410,5
28.420,2
28.430,3
28.440,4
28.450,2
28.460,4
28.470,2
28.480,1
28.490,4
28.500,3
28.510,5
28.520,3
28.530,2
28.540,3
28.550,6
28.560,3
28.570,4
28.580,1
28.590,3
28.600,2
28.610,2
28.620,5
28.630,5
28.640,3
28.650,3
28.660,3
28.670,1
28.680,2
28.690,3
28.700,3
28.710,1
28.720,2
28.730,5
28.740,4
28.750,4
28.760,4
28.770,2
28.780,9
28.790,4
28.800,5
28.810,2
28.820,4
28.830,2
28.840,5
28.850,4
28.860,4
28.870,2
28.880,3
28.890,2
28.900,3
28.910,3
28.920,4
28.930,5
28.940,4
28.950,3
28.960,4
28.970,4
28.980,2
28.990,4
29.000,5
29.010,2
29.020,5
29.030,4
29.040,6
29.050,5
29.060,8
29.070,5
29.080,6
29.090,3
29.100,6
29.110,4
29.120,4
29.130,7
29.140,7
29.150,3
29.160,4
29.170,4
29.180,4
29.190,2
29.200,3
29.210,5
29.220,3
29.230,1
29.240,1
29.250,3
29.260,5
29.270,2
29.280,3
29.290,3
29.300,8
29.310,5
29.320,9
29.330,5
29.340,9
29.350,11
29.360,8
29.370,6
29.380,6
29.390,7
29.400,8
29.410,9
29.420,6
29.430,9
29.440,8
29.450,4
29.460,9
29.470,8
29.480,7
29.490,3
29.500,4
29.510,5
29.520,2
29.530,4
29.540,3
29.550,3
29.560,4
29.570,3
29.580,4
29.590,3
29.600,3
29.610,6
29.620,2
29.630,6
29.640,2
29.650,5
29.660,5
29.670,4
29.680,3
29.690,4
29.700,7
29.710,4
29.720,3
29.730,6
29.740,4
29.750,6
29.760,3
29.770,2
29.780,4
29.790,2
29.800,1
29.810,1
29.820,3
29.830,1
29.840,1
29.850,2
29.860,1
29.870,1
29.880,2
29.890,3
29.900,1
29.910,5
29.920,2
29.930,2
29.940,2
29.950,1
29.960,3
29.970,3
29.980,2
29.990,3
30.000,2
30.010,3
30.020,4
30.030,4
30.040,1
30.050,1
30.060,6
30.070,3
30.080,3
30.090,2
30.100,2
30.110,4
30.120,4
30.130,4
30.140,3
30.150,4
30.160,3
30.170,2
30.180,1
30.190,2
30.200,2
30.210,4
30.220,6
30.230,3
30.240,3
30.250,4
30.260,3
30.270,6
30.280,4
30.290,1
30.300,4
30.310,1
30.320,2
30.330,5
30.340,5
30.350,6
30.360,6
30.370,5
30.380,7
30.390,8
30.400,7
30.410,5
30.420,3
30.430,2
30.440,5
30.450,4
30.460,3
30.470,5
30.480,4
30.490,8
30.500,5
30.510,4
30.520,5
30.530,7
30.540,6
30.550,6
30.560,5
30.570,4
30.580,7
30.590,6
30.600,6
30.610,2
30.620,4
30.630,5
30.640,3
30.650,6
30.660,3
30.670,3
30.680,3
30.690,5
30.700,4
30.710,4
30.720,3
30.730,5
30.740,4
30.750,5
30.760,2
30.770,2
30.780,5
30.790,4
30.800,4
30.810,6
30.820,3
30.830,2
30.840,4
30.850,3
30.860,4
30.870,2
30.880,3
30.890,4
30.900,4
30.910,4
30.920,4
30.930,4
30.940,4
30.950,4
30.960,3
30.970,4
30.980,3
30.990,2
31.000,5
31.010,7
31.020,3
31.030,4
31.040,3
31.050,2
31.060,6
31.070,5
31.080,4
31.090,5
31.100,8
31.110,4
31.120,6
31.130,6
31.140,6
31.150,2
31.160,3
31.170,4
31.180,4
31.190,5
31.200,6
31.210,4
31.220,4
31.230,5
31.240,2
31.250,4
31.260,2
31.270,5
31.280,7
31.290,5
31.300,6
31.310,5
31.320,6
31.330,7
31.340,4
31.350,3
31.360,2
31.370,2
31.380,1
31.390,4
31.400,3
31.410,4
31.420,3
31.430,2
31.440,3
31.450,5
31.460,1
31.470,3
31.480,2
31.490,2
31.500,1
31.510,2
31.520,3
31.530,4
31.540,5
31.550,3
31.560,4
31.570,3
31.580,4
31.590,3
31.600,6
31.610,1
31.620,2
31.630,1
31.640,3
31.650,5
31.660,6
31.670,7
31.680,1
31.690,4
31.700,5
31.710,4
31.720,5
31.730,5
31.740,4
31.750,3
31.760,4
31.770,3
31.780,3
31.790,4
31.800,5
31.810,4
31.820,4
31.830,4
31.840,2
31.850,3
31.860,3
31.870,4
31.880,4
31.890,2
31.900,3
31.910,2
31.920,4
31.930,0
31.940,2
31.950,2
31.960,3
31.970,4
31.980,2
31.990,3
32.000,4
32.010,2
32.020,5
32.030,1
32.040,2
32.050,1
32.060,2
32.070,5
32.080,4
32.090,1
32.100,2
32.110,4
32.120,5
32.130,4
32.140,5
32.150,5
32.160,3
32.170,4
32.180,2
32.190,0
32.200,4
32.210,5
32.220,2
32.230,4
32.240,5
32.250,4
32.260,3
32.270,5
32.280,4
32.290,5
32.300,6
32.310,3
32.320,2
32.330,2
32.340,3
32.350,2
32.360,4
32.370,4
32.380,4
32.390,7
32.400,3
32.410,3
32.420,3
32.430,5
32.440,3
32.450,1
32.460,3
32.470,3
32.480,3
32.490,6
32.500,4
32.510,5
32.520,6
32.530,4
32.540,6
32.550,5
32.560,2
32.570,1
32.580,4
32.590,7
32.600,5
32.610,2
32.620,4
32.630,4
32.640,1
32.650,4
32.660,7
32.670,6
32.680,8
32.690,6
32.700,6
32.710,8
32.720,10
32.730,5
32.740,3
32.750,9
32.760,7
32.770,7
32.780,7
32.790,8
32.800,7
32.810,6
32.820,8
32.830,7
32.840,6
32.850,10
32.860,6
32.870,6
32.880,4
32.890,5
32.900,6
32.910,5
32.920,8
32.930,7
32.940,7
32.950,5
32.960,6
32.970,8
32.980,6
32.990,6
33.000,5
33.010,6
33.020,6
33.030,8
33.040,5
33.050,5
33.060,7
33.070,6
33.080,4
33.090,6
33.100,3
33.110,4
33.120,5
33.130,3
33.140,7
33.150,8
33.160,5
33.170,4
33.180,2
33.190,5
33.200,4
33.210,5
33.220,3
33.230,6
33.240,2
33.250,2
33.260,4
33.270,7
33.280,5
33.290,6
33.300,7
33.310,3
33.320,7
33.330,5
33.340,4
33.350,5
33.360,7
33.370,7
33.380,6
33.390,8
33.400,5
33.410,7
33.420,7
33.430,5
33.440,7
33.450,6
33.460,5
33.470,8
33.480,3
33.490,4
33.500,6
33.510,5
33.520,5
33.530,3
33.540,6
33.550,10
33.560,6
33.570,4
33.580,7
33.590,3
33.600,4
33.610,9
33.620,7
33.630,7
33.640,5
33.650,10
33.660,9
33.670,10
33.680,5
33.690,5
33.700,8
33.710,9
33.720,10
33.730,10
33.740,7
33.750,8
33.760,8
33.770,10
33.780,7
33.790,7
33.800,7
33.810,10
33.820,9
33.830,7
33.840,9
33.850,5
33.860,8
33.870,8
33.880,8
33.890,7
33.900,8
33.910,5
33.920,6
33.930,8
33.940,7
33.950,5
33.960,7
33.970,9
33.980,7
33.990,6
34.000,6
34.010,6
34.020,6
34.030,9
34.040,8
34.050,7
34.060,5
34.070,10
34.080,8
34.090,5
34.100,7
34.110,6
34.120,5
34.130,4
34.140,7
34.150,6
34.160,7
34.170,9
34.180,12
34.190,8
34.200,9
34.210,8
34.220,7
34.230,9
34.240,7
34.250,10
34.260,8
34.270,10
34.280,10
34.290,8
34.300,9
34.310,10
34.320,7
34.330,12
34.340,10
34.350,9
34.360,8
34.370,5
34.380,9
34.390,5
34.400,6
34.410,10
34.420,7
34.430,4
34.440,5
34.450,8
34.460,9
34.470,5
34.480,5
34.490,6
34.500,11
34.510,8
34.520,6
34.530,5
34.540,8
34.550,7
34.560,5
34.570,8
34.580,8
34.590,5
34.600,6
34.610,10
34.620,8
34.630,8
34.640,8
34.650,7
34.660,6
34.670,7
34.680,9
34.690,4
34.700,7
34.710,7
34.720,7
34.730,6
34.740,6
34.750,4
34.760,6
34.770,8
34.780,6
34.790,6
34.800,7
34.810,8
34.820,9
34.830,8
34.840,7
34.850,10
34.860,7
34.870,5
34.880,6
34.890,8
34.900,6
34.910,6
34.920,7
34.930,4
34.940,9
34.950,6
34.960,6
34.970,5
34.980,7
34.990,5
35.000,9
35.010,8
35.020,7
35.030,8
35.040,2
35.050,3
35.060,6
35.070,7
35.080,5
35.090,4
35.100,5
35.110,4
35.120,2
35.130,4
35.140,3
35.150,2
35.160,1
35.170,2
35.180,3
35.190,5
35.200,10
35.210,6
35.220,5
35.230,4
35.240,4
35.250,7
35.260,7
35.270,8
35.280,2
35.290,7
35.300,6
35.310,8
35.320,6
35.330,7
35.340,11
35.350,6
35.360,7
35.370,6
35.380,3
35.390,6
35.400,5
35.410,5
35.420,4
35.430,5
35.440,8
35.450,7
35.460,4
35.470,5
35.480,7
35.490,2
35.500,6
35.510,7
35.520,5
35.530,6
35.540,7
35.550,4
35.560,5
35.570,7
35.580,6
35.590,9
35.600,10
35.610,8
35.620,5
35.630,5
35.640,7
35.650,3
35.660,6
35.670,3
35.680,5
35.690,5
35.700,4
35.710,5
35.720,6
35.730,4
35.740,6
35.750,7
35.760,5
35.770,7
35.780,11
35.790,8
35.800,9
35.810,8
35.820,6
35.830,10
35.840,11
35.850,6
35.860,6
35.870,8
35.880,11
35.890,5
35.900,5
35.910,8
35.920,8
35.930,6
35.940,6
35.950,7
35.960,7
35.970,5
35.980,9
35.990,6
36.000,9
36.010,7
36.020,8
36.030,3
36.040,8
36.050,6
36.060,8
36.070,7
36.080,8
36.090,8
36.100,7
36.110,6
36.120,5
36.130,7
36.140,7
36.150,8
36.160,11
36.170,8
36.180,8
36.190,8
36.200,8
36.210,5
36.220,9
36.230,8
36.240,8
36.250,10
36.260,10
36.270,9
36.280,6
36.290,8
36.300,6
36.310,7
36.320,6
36.330,9
36.340,10
36.350,5
36.360,8
36.370,9
36.380,8
36.390,12
36.400,13
36.410,9
36.420,9
36.430,10
36.440,9
36.450,10
36.460,10
36.470,10
36.480,9
36.490,8
36.500,7
36.510,10
36.520,7
36.530,8
36.540,11
36.550,3
36.560,7
36.570,8
36.580,7
36.590,9
36.600,9
36.610,9
36.620,6
36.630,9
36.640,7
36.650,7
36.660,11
36.670,7
36.680,7
36.690,6
36.700,9
36.710,7
36.720,7
36.730,6
36.740,8
36.750,9
36.760,7
36.770,8
36.780,7
36.790,8
36.800,7
36.810,9
36.820,11
36.830,8
36.840,6
36.850,6
36.860,9
36.870,5
36.880,9
36.890,8
36.900,4
36.910,6
36.920,6
36.930,8
36.940,9
36.950,9
36.960,8
36.970,6
36.980,8
36.990,7
37.000,6
37.010,5
37.020,8
37.030,4
37.040,5
37.050,5
37.060,5
37.070,6
37.080,5
37.090,5
37.100,9
37.110,9
37.120,7
37.130,7
37.140,6
37.150,9
37.160,7
37.170,8
37.180,5
37.190,5
37.200,7
37.210,5
37.220,7
37.230,7
37.240,7
37.250,5
37.260,3
37.270,7
37.280,3
37.290,7
37.300,7
37.310,5
37.320,8
37.330,6
37.340,5
37.350,7
37.360,7
37.370,4
37.380,7
37.390,6
37.400,7
37.410,6
37.420,4
37.430,6
37.440,7
37.450,6
37.460,7
37.470,7
37.480,6
37.490,7
37.500,6
37.510,6
37.520,5
37.530,6
37.540,10
37.550,8
37.560,6
37.570,6
37.580,6
37.590,6
37.600,3
37.610,4
37.620,2
37.630,5
37.640,4
37.650,3
37.660,4
37.670,6
37.680,7
37.690,5
37.700,7
37.710,6
37.720,6
37.730,8
37.740,4
37.750,6
37.760,5
37.770,5
37.780,4
37.790,6
37.800,5
37.810,4
37.820,3
37.830,2
37.840,7
37.850,7
37.860,6
37.870,4
37.880,5
37.890,5
37.900,3
37.910,4
37.920,5
37.930,6
37.940,6
37.950,9
37.960,6
37.970,7
37.980,7
37.990,3
38.000,7
38.010,5
38.020,5
38.030,6
38.040,7
38.050,7
38.060,7
38.070,7
38.080,8
38.090,7
38.100,6
38.110,8
38.120,7
38.130,9
38.140,9
38.150,5
38.160,10
38.170,8
38.180,7
38.190,8
38.200,5
38.210,6
38.220,4
38.230,9
38.240,8
38.250,2
38.260,9
38.270,3
38.280,4
38.290,2
38.300,5
38.310,6
38.320,8
38.330,6
38.340,10
38.350,9
38.360,8
38.370,8
38.380,9
38.390,9
38.400,5
38.410,7
38.420,8
38.430,7
38.440,6
38.450,7
38.460,8
38.470,5
38.480,6
38.490,4
38.500,6
38.510,5
38.520,6
38.530,7
38.540,5
38.550,3
38.560,7
38.570,5
38.580,8
38.590,7
38.600,6
38.610,5
38.620,4
38.630,4
38.640,3
38.650,4
38.660,2
38.670,2
38.680,6
38.690,2
38.700,7
38.710,8
38.720,4
38.730,3
38.740,8
38.750,7
38.760,1
38.770,5
38.780,2
38.790,3
38.800,7
38.810,7
38.820,8
38.830,7
38.840,6
38.850,4
38.860,5
38.870,4
38.880,8
38.890,8
38.900,6
38.910,8
38.920,8
38.930,7
38.940,8
38.950,8
38.960,6
38.970,3
38.980,4
38.990,7
39.000,4
39.010,8
39.020,8
39.030,4
39.040,5
39.050,6
39.060,5
39.070,3
39.080,4
39.090,5
39.100,5
39.110,5
39.120,4
39.130,4
39.140,4
39.150,3
39.160,5
39.170,5
39.180,6
39.190,6
39.200,9
39.210,4
39.220,8
39.230,5
39.240,3
39.250,3
39.260,6
39.270,4
39.280,5
39.290,3
39.300,4
39.310,8
39.320,6
39.330,6
39.340,8
39.350,4
39.360,10
39.370,5
39.380,7
39.390,5
39.400,5
39.410,6
39.420,6
39.430,5
39.440,7
39.450,6
39.460,6
39.470,8
39.480,7
39.490,5
39.500,8
39.510,6
39.520,5
39.530,5
39.540,6
39.550,5
39.560,9
39.570,5
39.580,2
39.590,6
39.600,6
39.610,6
39.620,5
39.630,7
39.640,4
39.650,8
39.660,7
39.670,9
39.680,9
39.690,3
39.700,6
39.710,4
39.720,3
39.730,4
39.740,4
39.750,4
39.760,2
39.770,2
39.780,3
39.790,4
39.800,4
39.810,4
39.820,1
39.830,0
39.840,3
39.850,5
39.860,6
39.870,5
39.880,7
39.890,5
39.900,5
39.910,7
39.920,9
39.930,7
39.940,7
39.950,5
39.960,5
39.970,5
39.980,4
39.990,6
40.000,6
40.010,6
40.020,4
40.030,4
40.040,5
40.050,6
40.060,2
40.070,4
40.080,2
40.090,5
40.100,6
40.110,6
40.120,4
40.130,4
40.140,5
40.150,6
40.160,3
40.170,5
40.180,3
40.190,3
40.200,7
40.210,5
40.220,3
40.230,5
40.240,3
40.250,2
40.260,5
40.270,5
40.280,2
40.290,4
40.300,4
40.310,8
40.320,6
40.330,5
40.340,4
40.350,7
40.360,4
40.370,4
40.380,5
40.390,2
40.400,5
40.410,5
40.420,3
40.430,4
40.440,3
40.450,4
40.460,6
40.470,2
40.480,5
40.490,7
40.500,5
40.510,3
40.520,4
40.530,5
40.540,6
40.550,5
40.560,3
40.570,8
40.580,5
40.590,2
40.600,4
40.610,4
40.620,6
40.630,3
40.640,4
40.650,4
40.660,5
40.670,6
40.680,7
40.690,3
40.700,3
40.710,5
40.720,4
40.730,4
40.740,2
40.750,6
40.760,2
40.770,1
40.780,5
40.790,5
40.800,6
40.810,4
40.820,5
40.830,2
40.840,3
40.850,2
40.860,6
40.870,4
40.880,4
40.890,3
40.900,4
40.910,4
40.920,3
40.930,5
40.940,2
40.950,6
40.960,6
40.970,6
40.980,3
40.990,6
41.000,5
41.010,4
41.020,6
41.030,7
41.040,5
41.050,6
41.060,5
41.070,4
41.080,5
41.090,6
41.100,5
41.110,5
41.120,7
41.130,6
41.140,7
41.150,5
41.160,4
41.170,5
41.180,6
41.190,7
41.200,8
41.210,7
41.220,6
41.230,5
41.240,5
41.250,6
41.260,5
41.270,5
41.280,5
41.290,8
41.300,8
41.310,8
41.320,4
41.330,7
41.340,7
41.350,12
41.360,8
41.370,7
41.380,4
41.390,6
41.400,10
41.410,7
41.420,9
41.430,8
41.440,6
41.450,6
41.460,8
41.470,9
41.480,8
41.490,7
41.500,4
41.510,5
41.520,8
41.530,5
41.540,7
41.550,6
41.560,5
41.570,5
41.580,4
41.590,5
41.600,5
41.610,7
41.620,7
41.630,6
41.640,5
41.650,7
41.660,9
41.670,8
41.680,6
41.690,5
41.700,5
41.710,6
41.720,7
41.730,6
41.740,7
41.750,2
41.760,8
41.770,5
41.780,8
41.790,6
41.800,6
41.810,4
41.820,6
41.830,4
41.840,8
41.850,7
41.860,4
41.870,4
41.880,4
41.890,4
41.900,6
41.910,4
41.920,8
41.930,6
41.940,4
41.950,9
41.960,8
41.970,8
41.980,5
41.990,4
42.000,4
42.010,3
42.020,6
42.030,3
42.040,6
42.050,6
42.060,6
42.070,8
42.080,5
42.090,6
42.100,7
42.110,9
42.120,6
42.130,4
42.140,4
42.150,4
42.160,8
42.170,4
42.180,4
42.190,6
42.200,6
42.210,8
42.220,7
42.230,4
42.240,6
42.250,5
42.260,2
42.270,5
42.280,3
42.290,4
42.300,5
42.310,4
42.320,5
42.330,4
42.340,5
42.350,4
42.360,7
42.370,5
42.380,6
42.390,3
42.400,7
42.410,3
42.420,7
42.430,5
42.440,6
42.450,5
42.460,2
42.470,5
42.480,5
42.490,3
42.500,7
42.510,6
42.520,5
42.530,5
42.540,6
42.550,4
42.560,3
42.570,3
42.580,3
42.590,5
42.600,6
42.610,7
42.620,4
42.630,4
42.640,6
42.650,4
42.660,6
42.670,10
42.680,5
42.690,7
42.700,8
42.710,6
42.720,7
42.730,6
42.740,8
42.750,7
42.760,5
42.770,8
42.780,5
42.790,7
42.800,5
42.810,6
42.820,4
42.830,5
42.840,6
42.850,4
42.860,4
42.870,6
42.880,1
42.890,7
42.900,3
42.910,3
42.920,3
42.930,7
42.940,7
42.950,7
42.960,6
42.970,3
42.980,5
42.990,4
43.000,1
43.010,3
43.020,8
43.030,5
43.040,3
43.050,6
43.060,5
43.070,6
43.080,6
43.090,7
43.100,5
43.110,4
43.120,6
43.130,5
43.140,5
43.150,3
43.160,5
43.170,5
43.180,5
43.190,3
43.200,6
43.210,8
43.220,5
43.230,4
43.240,9
43.250,5
43.260,7
43.270,6
43.280,9
43.290,8
43.300,8
43.310,7
43.320,7
43.330,8
43.340,5
43.350,6
43.360,10
43.370,7
43.380,6
43.390,5
43.400,4
43.410,7
43.420,5
43.430,10
43.440,9
43.450,5
43.460,5
43.470,5
43.480,7
43.490,5
43.500,6
43.510,7
43.520,8
43.530,4
43.540,7
43.550,7
43.560,6
43.570,6
43.580,7
43.590,9
43.600,8
43.610,10
43.620,8
43.630,9
43.640,12
43.650,7
43.660,5
43.670,7
43.680,6
43.690,11
43.700,6
43.710,9
43.720,9
43.730,8
43.740,7
43.750,4
43.760,8
43.770,4
43.780,3
43.790,3
43.800,6
43.810,6
43.820,6
43.830,6
43.840,5
43.850,7
43.860,2
43.870,4
43.880,4
43.890,3
43.900,1
43.910,2
43.920,3
43.930,5
43.940,2
43.950,2
43.960,3
43.970,2
43.980,6
43.990,2
44.000,3
44.010,2
44.020,4
44.030,2
44.040,3
44.050,1
44.060,4
44.070,6
44.080,5
44.090,1
44.100,4
44.110,4
44.120,3
44.130,3
44.140,5
44.150,4
44.160,3
44.170,4
44.180,4
44.190,2
44.200,3
44.210,1
44.220,2
44.230,4
44.240,4
44.250,5
44.260,3
44.270,4
44.280,1
44.290,5
44.300,4
44.310,4
44.320,3
44.330,3
44.340,2
44.350,2
44.360,2
44.370,4
44.380,0
44.390,0
44.400,0
44.410,2
44.420,2
44.430,1
44.440,3
44.450,2
44.460,2
44.470,3
44.480,2
44.490,2
44.500,2
44.510,3
44.520,3
44.530,3
44.540,3
44.550,3
44.560,4
44.570,2
44.580,2
44.590,5
44.600,4
44.610,4
44.620,4
44.630,2
44.640,3
44.650,3
44.660,5
44.670,4
44.680,2
44.690,5
44.700,3
44.710,4
44.720,3
44.730,2
44.740,3
44.750,3
44.760,2
44.770,1
44.780,0
44.790,4
44.800,4
44.810,1
44.820,1
44.830,2
44.840,4
44.850,1
44.860,1
44.870,2
44.880,3
44.890,3
44.900,2
44.910,5
44.920,3
44.930,4
44.940,3
44.950,3
44.960,3
44.970,2
44.980,5
44.990,4
45.000,4
45.010,3
45.020,4
45.030,3
45.040,1
45.050,2
45.060,4
45.070,5
45.080,4
45.090,2
45.100,2
45.110,2
45.120,2
45.130,2
45.140,3
45.150,2
45.160,4
45.170,5
45.180,5
45.190,7
45.200,3
45.210,3
45.220,3
45.230,3
45.240,3
45.250,4
45.260,4
45.270,2
45.280,3
45.290,2
45.300,5
45.310,4
45.320,3
45.330,1
45.340,5
45.350,5
45.360,2
45.370,2
45.380,3
45.390,2
45.400,3
45.410,2
45.420,2
45.430,2
45.440,0
45.450,1
45.460,4
45.470,3
45.480,2
45.490,1
45.500,2
45.510,2
45.520,1
45.530,0
45.540,1
45.550,2
45.560,2
45.570,3
45.580,1
45.590,1
45.600,3
45.610,3
45.620,3
45.630,4
45.640,3
45.650,2
45.660,1
45.670,1
45.680,0
45.690,2
45.700,3
45.710,3
45.720,4
45.730,2
45.740,1
45.750,0
45.760,1
45.770,4
45.780,5
45.790,5
45.800,6
45.810,5
45.820,3
45.830,6
45.840,7
45.850,3
45.860,6
45.870,3
45.880,3
45.890,4
45.900,5
45.910,6
45.920,5
45.930,3
45.940,6
45.950,6
45.960,7
45.970,6
45.980,6
45.990,8
46.000,6
46.010,7
46.020,7
46.030,4
46.040,5
46.050,7
46.060,4
46.070,6
46.080,6
46.090,7
46.100,1
46.110,5
46.120,5
46.130,4
46.140,1
46.150,4
46.160,5
46.170,10
46.180,6
46.190,5
46.200,7
46.210,5
46.220,5
46.230,4
46.240,2
46.250,7
46.260,5
46.270,4
46.280,3
46.290,2
46.300,4
46.310,5
46.320,3
46.330,5
46.340,4
46.350,4
46.360,3
46.370,4
46.380,3
46.390,3
46.400,3
46.410,5
46.420,7
46.430,6
46.440,6
46.450,7
46.460,7
46.470,6
46.480,6
46.490,3
46.500,3
46.510,3
46.520,3
46.530,2
46.540,3
46.550,6
46.560,4
46.570,2
46.580,4
46.590,5
46.600,7
46.610,4
46.620,5
46.630,7
46.640,7
46.650,8
46.660,6
46.670,8
46.680,7
46.690,7
46.700,5
46.710,5
46.720,7
46.730,6
46.740,5
46.750,9
46.760,6
46.770,6
46.780,6
46.790,6
46.800,7
46.810,4
46.820,4
46.830,4
46.840,4
46.850,6
46.860,6
46.870,7
46.880,5
46.890,6
46.900,6
46.910,6
46.920,2
46.930,5
46.940,4
46.950,5
46.960,4
46.970,1
46.980,3
46.990,2
47.000,2
47.010,3
47.020,3
47.030,5
47.040,2
47.050,5
47.060,2
47.070,0
47.080,1
47.090,3
47.100,0
47.110,1
47.120,2
47.130,1
47.140,3
47.150,5
47.160,4
47.170,5
47.180,4
47.190,5
47.200,2
47.210,4
47.220,3
47.230,4
47.240,4
47.250,6
47.260,8
47.270,6
47.280,9
47.290,7
47.300,3
47.310,6
47.320,4
47.330,7
47.340,3
47.350,3
47.360,4
47.370,2
47.380,3
47.390,2
47.400,4
47.410,3
47.420,4
47.430,4
47.440,2
47.450,4
47.460,4
47.470,5
47.480,5
47.490,5
47.500,5
47.510,3
47.520,3
47.530,4
47.540,4
47.550,3
47.560,3
47.570,5
47.580,4
47.590,2
47.600,1
47.610,2
47.620,2
47.630,2
47.640,4
47.650,4
47.660,3
47.670,3
47.680,3
47.690,3
47.700,4
47.710,5
47.720,4
47.730,3
47.740,1
47.750,2
47.760,2
47.770,3
47.780,2
47.790,3
47.800,2
47.810,3
47.820,3
47.830,2
47.840,2
47.850,2
47.860,1
47.870,2
47.880,2
47.890,0
47.900,2
47.910,2
47.920,1
47.930,0
47.940,2
47.950,0
47.960,3
47.970,2
47.980,1
47.990,1
48.000,4
48.010,2
48.020,0
48.030,2
48.040,2
48.050,4
48.060,0
48.070,1
48.080,2
48.090,2
48.100,1
48.110,1
48.120,0
48.130,2
48.140,0
48.150,3
48.160,1
48.170,1
48.180,1
48.190,2
48.200,2
48.210,2
48.220,0
48.230,0
48.240,1
48.250,1
48.260,0
48.270,5
48.280,5
48.290,4
48.300,4
48.310,5
48.320,5
48.330,2
48.340,5
48.350,3
48.360,2
48.370,2
48.380,3
48.390,5
48.400,2
48.410,3
48.420,7
48.430,1
48.440,4
48.450,4
48.460,4
48.470,4
48.480,7
48.490,3
48.500,3
48.510,5
48.520,5
48.530,4
48.540,6
48.550,6
48.560,3
48.570,4
48.580,4
48.590,4
48.600,6
48.610,4
48.620,6
48.630,5
48.640,6
48.650,4
48.660,3
48.670,2
48.680,4
48.690,3
48.700,4
48.710,4
48.720,6
48.730,6
48.740,5
48.750,3
48.760,4
48.770,4
48.780,1
48.790,3
48.800,3
48.810,5
48.820,4
48.830,2
48.840,1
48.850,2
48.860,2
48.870,5
48.880,4
48.890,1
48.900,2
48.910,3
48.920,3
48.930,1
48.940,3
48.950,0
48.960,4
48.970,0
48.980,4
48.990,6
49.000,3
49.010,3
49.020,3
49.030,5
49.040,6
49.050,3
49.060,2
49.070,3
49.080,4
49.090,3
49.100,3
49.110,5
49.120,3
49.130,3
49.140,1
49.150,3
49.160,1
49.170,1
49.180,3
49.190,3
49.200,4
49.210,4
49.220,1
49.230,2
49.240,3
49.250,4
49.260,1
49.270,3
49.280,3
49.290,3
49.300,2
49.310,3
49.320,4
49.330,1
49.340,0
49.350,5
49.360,3
49.370,4
49.380,4
49.390,3
49.400,1
49.410,0
49.420,2
49.430,4
49.440,2
49.450,1
49.460,4
49.470,6
49.480,6
49.490,5
49.500,3
49.510,9
49.520,5
49.530,4
49.540,4
49.550,3
49.560,3
49.570,3
49.580,6
49.590,5
49.600,4
49.610,3
49.620,4
49.630,4
49.640,1
49.650,2
49.660,3
49.670,4
49.680,6
49.690,3
49.700,6
49.710,4
49.720,3
49.730,5
49.740,3
49.750,5
49.760,4
49.770,5
49.780,4
49.790,3
49.800,7
49.810,5
49.820,5
49.830,2
49.840,2
49.850,3
49.860,5
49.870,3
49.880,4
49.890,3
49.900,5
49.910,6
49.920,4
49.930,8
49.940,6
49.950,4
49.960,6
49.970,0
49.980,3
49.990,4
50.000,5
